year,product_chapter,imports_trln_USD,exports_trln_USD
1995,10,0.00199290,0.00040527
1995,11,0.00007928,0.00026882
1995,12,0.00117202,0.00006962
1995,13,0.00017395,0.00013232
1995,14,0.00002413,0.00000556
1995,15,0.00090340,0.00095465
1995,16,0.00036285,0.00035789
1995,17,0.00037622,0.00045248
1995,18,0.00028795,0.00018094
1995,19,0.00034912,0.00025955
1995,20,0.00106183,0.00170407
1995,21,0.00061893,0.00035835
1995,22,0.00116299,0.00130524
1995,23,0.00081166,0.00011818
1995,24,0.00066470,0.00011168
1995,25,0.00055611,0.00065803
1995,26,0.00092179,0.00014213
1995,27,0.00967499,0.00150235
1995,28,0.00101709,0.00067959
1995,29,0.00401697,0.00231947
1995,30,0.00462159,0.00175346
1995,31,0.00045679,0.00024416
1995,32,0.00082256,0.00076063
1995,33,0.00077482,0.00049810
1995,34,0.00032163,0.00041996
1995,35,0.00028172,0.00006731
1995,36,0.00002819,0.00002743
1995,37,0.00043734,0.00012565
1995,38,0.00130431,0.00060223
1995,39,0.00409363,0.00285621
1995,40,0.00288822,0.00221230
1995,41,0.00079162,0.00041620
1995,42,0.00029019,0.00027931
1995,43,0.00004966,0.00032902
1995,44,0.00130915,0.00053697
1995,45,0.00005199,0.00016947
1995,46,0.00002780,0.00001018
1995,47,0.00053663,0.00055191
1995,48,0.00289517,0.00156790
1995,49,0.00043513,0.00077179
1995,50,0.00009542,0.00002543
1995,51,0.00024849,0.00023050
1995,52,0.00057734,0.00054127
1995,53,0.00004994,0.00002653
1995,54,0.00082570,0.00048792
1995,55,0.00069720,0.00076465
1995,56,0.00021666,0.00014068
1995,57,0.00008840,0.00005413
1995,58,0.00010571,0.00008237
1995,59,0.00021308,0.00017863
1995,60,0.00021047,0.00031016
1995,61,0.00101388,0.00043972
1995,62,0.00149745,0.00058972
1995,63,0.00031402,0.00025443
1995,64,0.00044045,0.00192197
1995,65,0.00004878,0.00001585
1995,66,0.00002683,0.00001149
1995,67,0.00005014,0.00000348
1995,68,0.00027048,0.00074341
1995,69,0.00031053,0.00157986
1995,70,0.00095086,0.00326643
1995,71,0.00123312,0.00070234
1995,72,0.00424043,0.00357643
1995,73,0.00158880,0.00183923
1995,74,0.00097176,0.00061558
1995,75,0.00019295,0.00001535
1995,76,0.00104279,0.00101893
1995,78,0.00005978,0.00000571
1995,79,0.00003303,0.00035218
1995,80,0.00061529,0.00316249
1995,81,0.00013449,0.00043329
1995,82,0.00050404,0.00033072
1995,83,0.00063783,0.00044906
1995,84,0.01552405,0.00896283
1995,85,0.00999593,0.00612080
1995,86,0.00011195,0.00024146
1995,87,0.01451565,0.02119473
1995,88,0.00118738,0.00096388
1995,89,0.00034590,0.00085752
1995,90,0.00371558,0.00099449
1995,91,0.00047051,0.00009513
1995,92,0.00006667,0.00002116
1995,93,0.00009042,0.00010842
1995,94,0.00073921,0.00126309
1995,95,0.00053182,0.00042688
1995,96,0.00024668,0.00016820
1995,97,0.00009904,0.00009730
1996,10,0.00180417,0.00053337
1996,11,0.00009519,0.00029412
1996,12,0.00113876,0.00011063
1996,13,0.00016363,0.00009961
1996,14,0.00002409,0.00000761
1996,15,0.00081726,0.00128643
1996,16,0.00037624,0.00038794
1996,17,0.00047245,0.00043061
1996,18,0.00028841,0.00019073
1996,19,0.00037271,0.00029565
1996,20,0.00109503,0.00187949
1996,21,0.00068172,0.00045879
1996,22,0.00111872,0.00144633
1996,23,0.00090079,0.00016859
1996,24,0.00049662,0.00014139
1996,25,0.00062769,0.00074281
1996,26,0.00110644,0.00016086
1996,27,0.01165378,0.00184256
1996,28,0.00100174,0.00066001
1996,29,0.00387884,0.00245153
1996,30,0.00499580,0.00218290
1996,31,0.00052581,0.00024810
1996,32,0.00087360,0.00085582
1996,33,0.00083639,0.00055254
1996,34,0.00034062,0.00044385
1996,35,0.00028686,0.00008080
1996,36,0.00002338,0.00003389
1996,37,0.00044423,0.00013703
1996,38,0.00141973,0.00065956
1996,39,0.00433624,0.00296604
1996,40,0.00299517,0.00243862
1996,41,0.00085210,0.00047262
1996,42,0.00034804,0.00028068
1996,43,0.00004584,0.00041099
1996,44,0.00131333,0.00052985
1996,45,0.00005979,0.00017685
1996,46,0.00002925,0.00000957
1996,47,0.00039110,0.00034261
1996,48,0.00279545,0.00152710
1996,49,0.00045328,0.00080758
1996,50,0.00009640,0.00002734
1996,51,0.00024876,0.00023880
1996,52,0.00062994,0.00059266
1996,53,0.00003897,0.00001204
1996,54,0.00082999,0.00053070
1996,55,0.00072538,0.00080154
1996,56,0.00023917,0.00014157
1996,57,0.00009998,0.00006007
1996,58,0.00010246,0.00009773
1996,59,0.00026499,0.00019867
1996,60,0.00024853,0.00034953
1996,61,0.00123805,0.00050101
1996,62,0.00158060,0.00073872
1996,63,0.00033911,0.00026305
1996,64,0.00054297,0.00206406
1996,65,0.00006432,0.00001992
1996,66,0.00003330,0.00000967
1996,67,0.00004621,0.00000441
1996,68,0.00030120,0.00085621
1996,69,0.00035874,0.00170305
1996,70,0.00089898,0.00352030
1996,71,0.00118062,0.00075329
1996,72,0.00394699,0.00356901
1996,73,0.00176806,0.00208184
1996,74,0.00080438,0.00078198
1996,75,0.00011306,0.00001554
1996,76,0.00105614,0.00103760
1996,78,0.00008585,0.00000722
1996,79,0.00003679,0.00024727
1996,80,0.00071949,0.00333015
1996,81,0.00014244,0.00042368
1996,82,0.00054082,0.00041946
1996,83,0.00075023,0.00051185
1996,84,0.01747511,0.01034934
1996,85,0.01125110,0.00656129
1996,86,0.00011008,0.00022582
1996,87,0.01657430,0.02326663
1996,88,0.00174360,0.00124112
1996,89,0.00042617,0.00104769
1996,90,0.00390953,0.00118414
1996,91,0.00049384,0.00011208
1996,92,0.00006755,0.00002504
1996,93,0.00005278,0.00008563
1996,94,0.00082431,0.00147914
1996,95,0.00079496,0.00051015
1996,96,0.00034053,0.00019872
1996,97,0.00010256,0.00014487
1997,10,0.00156539,0.00053746
1997,11,0.00007247,0.00022601
1997,12,0.00125971,0.00012744
1997,13,0.00014107,0.00011057
1997,14,0.00002386,0.00000752
1997,15,0.00059440,0.00161788
1997,16,0.00033853,0.00044916
1997,17,0.00045524,0.00045453
1997,18,0.00027095,0.00018845
1997,19,0.00038437,0.00032190
1997,20,0.00105594,0.00201473
1997,21,0.00062916,0.00051672
1997,22,0.00111791,0.00157685
1997,23,0.00096517,0.00019055
1997,24,0.00060311,0.00014905
1997,25,0.00059256,0.00075959
1997,26,0.00117405,0.00014660
1997,27,0.01098749,0.00172837
1997,28,0.00097747,0.00067722
1997,29,0.00419471,0.00237148
1997,30,0.00538146,0.00236327
1997,31,0.00042572,0.00022248
1997,32,0.00092768,0.00089580
1997,33,0.00088836,0.00063809
1997,34,0.00037346,0.00052568
1997,35,0.00028105,0.00008563
1997,36,0.00002109,0.00003953
1997,37,0.00043850,0.00016132
1997,38,0.00135553,0.00068494
1997,39,0.00439530,0.00327894
1997,40,0.00285016,0.00237895
1997,41,0.00086972,0.00049128
1997,42,0.00038751,0.00025287
1997,43,0.00006205,0.00031612
1997,44,0.00144151,0.00060436
1997,45,0.00006709,0.00018564
1997,46,0.00002959,0.00000868
1997,47,0.00036821,0.00033769
1997,48,0.00273723,0.00160490
1997,49,0.00044534,0.00090616
1997,50,0.00009711,0.00002875
1997,51,0.00027580,0.00025684
1997,52,0.00061226,0.00064541
1997,53,0.00004830,0.00001233
1997,54,0.00090244,0.00058612
1997,55,0.00075708,0.00085853
1997,56,0.00025320,0.00015189
1997,57,0.00010203,0.00008550
1997,58,0.00012343,0.00010372
1997,59,0.00026309,0.00020067
1997,60,0.00026306,0.00042422
1997,61,0.00126374,0.00063310
1997,62,0.00156030,0.00076375
1997,63,0.00034618,0.00027480
1997,64,0.00066603,0.00216839
1997,65,0.00007468,0.00002450
1997,66,0.00004372,0.00001211
1997,67,0.00004728,0.00000534
1997,68,0.00030128,0.00083052
1997,69,0.00038672,0.00184523
1997,70,0.00092144,0.00349052
1997,71,0.00118238,0.00081107
1997,72,0.00438597,0.00325073
1997,73,0.00165476,0.00226149
1997,74,0.00082762,0.00089367
1997,75,0.00019147,0.00002818
1997,76,0.00118312,0.00102913
1997,78,0.00007769,0.00000481
1997,79,0.00005047,0.00033123
1997,80,0.00058388,0.00344086
1997,81,0.00015229,0.00045691
1997,82,0.00056465,0.00044024
1997,83,0.00073617,0.00056318
1997,84,0.01789007,0.00996303
1997,85,0.01103645,0.00736196
1997,86,0.00013156,0.00057347
1997,87,0.01706467,0.02312029
1997,88,0.00134134,0.00108522
1997,89,0.00062881,0.00110794
1997,90,0.00405746,0.00126593
1997,91,0.00050113,0.00012607
1997,92,0.00029077,0.00002411
1997,93,0.00005487,0.00008396
1997,94,0.00089458,0.00161758
1997,95,0.00088428,0.00051246
1997,96,0.00032942,0.00019992
1997,97,0.00008451,0.00009192
1998,10,0.00158100,0.00051130
1998,11,0.00006979,0.00016697
1998,12,0.00126454,0.00013161
1998,13,0.00015589,0.00012009
1998,14,0.00002592,0.00000727
1998,15,0.00060755,0.00149997
1998,16,0.00037495,0.00050641
1998,17,0.00048200,0.00042642
1998,18,0.00031070,0.00016890
1998,19,0.00040515,0.00035861
1998,20,0.00115487,0.00207292
1998,21,0.00064959,0.00053474
1998,22,0.00111337,0.00178175
1998,23,0.00088418,0.00023934
1998,24,0.00078379,0.00014638
1998,25,0.00061638,0.00069158
1998,26,0.00108284,0.00014491
1998,27,0.00847641,0.00158832
1998,28,0.00109487,0.00068003
1998,29,0.00401325,0.00242854
1998,30,0.00624091,0.00270845
1998,31,0.00045667,0.00021639
1998,32,0.00098120,0.00096184
1998,33,0.00106058,0.00080908
1998,34,0.00038724,0.00064068
1998,35,0.00030339,0.00008971
1998,36,0.00002032,0.00003361
1998,37,0.00045470,0.00014318
1998,38,0.00144667,0.00074601
1998,39,0.00489766,0.00348300
1998,40,0.00318319,0.00266956
1998,41,0.00077859,0.00044448
1998,42,0.00045300,0.00023814
1998,43,0.00005732,0.00016056
1998,44,0.00163179,0.00060789
1998,45,0.00009137,0.00020131
1998,46,0.00002787,0.00000890
1998,47,0.00036893,0.00032323
1998,48,0.00302502,0.00165853
1998,49,0.00041290,0.00098346
1998,50,0.00010078,0.00003190
1998,51,0.00025834,0.00025728
1998,52,0.00063053,0.00070019
1998,53,0.00006370,0.00002144
1998,54,0.00100008,0.00065502
1998,55,0.00077911,0.00087282
1998,56,0.00026951,0.00016350
1998,57,0.00012914,0.00005230
1998,58,0.00014110,0.00012495
1998,59,0.00029233,0.00023100
1998,60,0.00028662,0.00047639
1998,61,0.00139664,0.00062550
1998,62,0.00166174,0.00092452
1998,63,0.00038823,0.00028232
1998,64,0.00067623,0.00213447
1998,65,0.00006988,0.00002959
1998,66,0.00003699,0.00000744
1998,67,0.00004418,0.00000640
1998,68,0.00034194,0.00093197
1998,69,0.00039182,0.00199142
1998,70,0.00114018,0.00359576
1998,71,0.00126171,0.00079205
1998,72,0.00485560,0.00315419
1998,73,0.00197447,0.00241066
1998,74,0.00085087,0.00074516
1998,75,0.00015030,0.00002867
1998,76,0.00128989,0.00097618
1998,78,0.00007588,0.00000380
1998,79,0.00005525,0.00023127
1998,80,0.00058489,0.00335545
1998,81,0.00018630,0.00055030
1998,82,0.00067227,0.00040306
1998,83,0.00080065,0.00065576
1998,84,0.02094804,0.01144531
1998,85,0.01318314,0.00798643
1998,86,0.00013444,0.00074341
1998,87,0.02137518,0.02574763
1998,88,0.00148424,0.00093135
1998,89,0.00081654,0.00112824
1998,90,0.00429498,0.00142265
1998,91,0.00059128,0.00014480
1998,92,0.00007050,0.00002476
1998,93,0.00005549,0.00008744
1998,94,0.00106527,0.00180788
1998,95,0.00097035,0.00056788
1998,96,0.00034643,0.00023082
1998,97,0.00010204,0.00008975
1999,10,0.00147403,0.00057140
1999,11,0.00008160,0.00016137
1999,12,0.00105323,0.00009290
1999,13,0.00010215,0.00011902
1999,14,0.00002552,0.00000652
1999,15,0.00071359,0.00106090
1999,16,0.00038399,0.00049914
1999,17,0.00045984,0.00038426
1999,18,0.00030235,0.00014544
1999,19,0.00042851,0.00036445
1999,20,0.00120468,0.00218093
1999,21,0.00041665,0.00054063
1999,22,0.00115493,0.00175928
1999,23,0.00088864,0.00019638
1999,24,0.00089118,0.00014943
1999,25,0.00067809,0.00065196
1999,26,0.00101151,0.00014674
1999,27,0.01045268,0.00167615
1999,28,0.00096982,0.00067679
1999,29,0.00410932,0.00245902
1999,30,0.00633225,0.00326030
1999,31,0.00037449,0.00021031
1999,32,0.00101278,0.00101895
1999,33,0.00115193,0.00089200
1999,34,0.00042207,0.00071722
1999,35,0.00031050,0.00010035
1999,36,0.00001970,0.00004116
1999,37,0.00047219,0.00014604
1999,38,0.00146382,0.00081133
1999,39,0.00511516,0.00349520
1999,40,0.00311543,0.00274500
1999,41,0.00063443,0.00042956
1999,42,0.00051980,0.00026374
1999,43,0.00006283,0.00012941
1999,44,0.00180690,0.00063223
1999,45,0.00009719,0.00023791
1999,46,0.00002870,0.00000804
1999,47,0.00035049,0.00036579
1999,48,0.00307218,0.00168215
1999,49,0.00045502,0.00109271
1999,50,0.00010478,0.00003037
1999,51,0.00026895,0.00024088
1999,52,0.00056853,0.00065213
1999,53,0.00008174,0.00002654
1999,54,0.00090665,0.00061416
1999,55,0.00072087,0.00081636
1999,56,0.00028143,0.00015506
1999,57,0.00013335,0.00004891
1999,58,0.00013903,0.00011623
1999,59,0.00029977,0.00022152
1999,60,0.00034007,0.00045298
1999,61,0.00158676,0.00070276
1999,62,0.00192272,0.00101033
1999,63,0.00039626,0.00026452
1999,64,0.00068903,0.00191929
1999,65,0.00006439,0.00002081
1999,66,0.00003260,0.00001019
1999,67,0.00004673,0.00000711
1999,68,0.00036231,0.00088800
1999,69,0.00043993,0.00200464
1999,70,0.00113572,0.00338649
1999,71,0.00132329,0.00090018
1999,72,0.00453707,0.00273901
1999,73,0.00217722,0.00224156
1999,74,0.00080539,0.00067353
1999,75,0.00023393,0.00008054
1999,76,0.00153960,0.00098234
1999,78,0.00006995,0.00000744
1999,79,0.00004648,0.00024358
1999,80,0.00071990,0.00318763
1999,81,0.00019336,0.00051779
1999,82,0.00072985,0.00042889
1999,83,0.00088096,0.00065126
1999,84,0.02225003,0.01132832
1999,85,0.01513936,0.00835213
1999,86,0.00011623,0.00049779
1999,87,0.02561647,0.02630581
1999,88,0.00292623,0.00136224
1999,89,0.00071448,0.00155539
1999,90,0.00452802,0.00140084
1999,91,0.00060922,0.00015229
1999,92,0.00007053,0.00002631
1999,93,0.00006813,0.00008647
1999,94,0.00128574,0.00176861
1999,95,0.00109630,0.00057129
1999,96,0.00038273,0.00023489
1999,97,0.00009482,0.00019731
2000,10,0.00125991,0.00053725
2000,11,0.00006461,0.00013550
2000,12,0.00093078,0.00009882
2000,13,0.00005378,0.00011913
2000,14,0.00001848,0.00000653
2000,15,0.00041593,0.00111559
2000,16,0.00032507,0.00048008
2000,17,0.00036598,0.00044607
2000,18,0.00029206,0.00016228
2000,19,0.00043087,0.00036654
2000,20,0.00110481,0.00211458
2000,21,0.00039434,0.00051578
2000,22,0.00110408,0.00165936
2000,23,0.00087917,0.00019695
2000,24,0.00085720,0.00019662
2000,25,0.00068912,0.00059044
2000,26,0.00109005,0.00023117
2000,27,0.01815424,0.00300333
2000,28,0.00102001,0.00059763
2000,29,0.00438930,0.00264706
2000,30,0.00654232,0.00337250
2000,31,0.00040471,0.00016808
2000,32,0.00103809,0.00104585
2000,33,0.00116879,0.00096003
2000,34,0.00039927,0.00069364
2000,35,0.00028281,0.00010976
2000,36,0.00001759,0.00003760
2000,37,0.00043664,0.00017242
2000,38,0.00151148,0.00091793
2000,39,0.00520429,0.00393284
2000,40,0.00296957,0.00273865
2000,41,0.00070518,0.00052945
2000,42,0.00058770,0.00029063
2000,43,0.00006686,0.00014888
2000,44,0.00176588,0.00065085
2000,45,0.00015616,0.00024746
2000,46,0.00003785,0.00000851
2000,47,0.00052743,0.00047057
2000,48,0.00308337,0.00188048
2000,49,0.00042780,0.00109138
2000,50,0.00010073,0.00003025
2000,51,0.00025647,0.00023163
2000,52,0.00057428,0.00067075
2000,53,0.00008386,0.00003335
2000,54,0.00092992,0.00063573
2000,55,0.00066366,0.00081843
2000,56,0.00028735,0.00017296
2000,57,0.00012597,0.00004963
2000,58,0.00015232,0.00012412
2000,59,0.00028665,0.00022381
2000,60,0.00033782,0.00043056
2000,61,0.00166019,0.00073343
2000,62,0.00201573,0.00109459
2000,63,0.00037771,0.00026800
2000,64,0.00071162,0.00176333
2000,65,0.00007052,0.00002186
2000,66,0.00003275,0.00001084
2000,67,0.00004183,0.00000710
2000,68,0.00035132,0.00086741
2000,69,0.00041751,0.00205610
2000,70,0.00101006,0.00332450
2000,71,0.00146612,0.00085846
2000,72,0.00485736,0.00318147
2000,73,0.00208152,0.00235669
2000,74,0.00092893,0.00068692
2000,75,0.00023656,0.00005385
2000,76,0.00160747,0.00106298
2000,78,0.00006454,0.00000797
2000,79,0.00004547,0.00026508
2000,80,0.00062374,0.00293800
2000,81,0.00018995,0.00042908
2000,82,0.00068357,0.00038401
2000,83,0.00082658,0.00066544
2000,84,0.02078114,0.01120754
2000,85,0.01595169,0.00838150
2000,86,0.00012003,0.00045300
2000,87,0.02602852,0.02622806
2000,88,0.00310014,0.00142856
2000,89,0.00069031,0.00128074
2000,90,0.00433143,0.00140515
2000,91,0.00054184,0.00016860
2000,92,0.00006400,0.00003723
2000,93,0.00010359,0.00008984
2000,94,0.00132958,0.00176185
2000,95,0.00113003,0.00062080
2000,96,0.00037177,0.00023625
2000,97,0.00015862,0.00015807
2001,10,0.00131021,0.00058303
2001,11,0.00007691,0.00012844
2001,12,0.00101891,0.00011567
2001,13,0.00005394,0.00012985
2001,14,0.00001590,0.00000705
2001,15,0.00044325,0.00114018
2001,16,0.00034163,0.00055449
2001,17,0.00042923,0.00040171
2001,18,0.00030942,0.00016806
2001,19,0.00049134,0.00041458
2001,20,0.00105390,0.00219980
2001,21,0.00042505,0.00058863
2001,22,0.00124336,0.00165355
2001,23,0.00089376,0.00022304
2001,24,0.00111312,0.00018292
2001,25,0.00078547,0.00057928
2001,26,0.00114332,0.00040603
2001,27,0.01705417,0.00272357
2001,28,0.00098372,0.00060232
2001,29,0.00437995,0.00275637
2001,30,0.00770279,0.00408340
2001,31,0.00042169,0.00018763
2001,32,0.00103037,0.00109966
2001,33,0.00131606,0.00107248
2001,34,0.00043941,0.00074164
2001,35,0.00033864,0.00009171
2001,36,0.00001907,0.00004196
2001,37,0.00041930,0.00018610
2001,38,0.00152662,0.00101676
2001,39,0.00521146,0.00387632
2001,40,0.00309405,0.00290357
2001,41,0.00086325,0.00058622
2001,42,0.00064131,0.00036842
2001,43,0.00005604,0.00016395
2001,44,0.00178611,0.00067606
2001,45,0.00012025,0.00024919
2001,46,0.00003498,0.00000668
2001,47,0.00041906,0.00038187
2001,48,0.00290588,0.00205374
2001,49,0.00041684,0.00113190
2001,50,0.00009464,0.00003384
2001,51,0.00022128,0.00024993
2001,52,0.00063113,0.00076245
2001,53,0.00007010,0.00003530
2001,54,0.00084562,0.00059951
2001,55,0.00062701,0.00084120
2001,56,0.00030688,0.00017309
2001,57,0.00012328,0.00004600
2001,58,0.00014692,0.00013535
2001,59,0.00028704,0.00022697
2001,60,0.00032790,0.00043382
2001,61,0.00191933,0.00086891
2001,62,0.00222404,0.00111782
2001,63,0.00040098,0.00026830
2001,64,0.00076323,0.00184486
2001,65,0.00007457,0.00002156
2001,66,0.00004134,0.00000919
2001,67,0.00004040,0.00000743
2001,68,0.00040531,0.00086741
2001,69,0.00044365,0.00199258
2001,70,0.00108464,0.00350239
2001,71,0.00141968,0.00081139
2001,72,0.00456613,0.00298650
2001,73,0.00213122,0.00229347
2001,74,0.00087924,0.00058069
2001,75,0.00024142,0.00000989
2001,76,0.00149228,0.00112303
2001,78,0.00007272,0.00001363
2001,79,0.00005129,0.00023208
2001,80,0.00074624,0.00297838
2001,81,0.00018941,0.00045932
2001,82,0.00069198,0.00037739
2001,83,0.00082305,0.00071104
2001,84,0.02187696,0.01052920
2001,85,0.01483747,0.00843397
2001,86,0.00011025,0.00044866
2001,87,0.02566999,0.02591166
2001,88,0.00204132,0.00128417
2001,89,0.00084075,0.00084857
2001,90,0.00428064,0.00151185
2001,91,0.00053325,0.00015442
2001,92,0.00006128,0.00002523
2001,93,0.00008429,0.00009811
2001,94,0.00146026,0.00184545
2001,95,0.00109980,0.00061059
2001,96,0.00035085,0.00023173
2001,97,0.00026899,0.00009733
2002,10,0.00183022,0.00062513
2002,11,0.00009088,0.00012882
2002,12,0.00111938,0.00012061
2002,13,0.00006087,0.00014183
2002,14,0.00001171,0.00000770
2002,15,0.00049807,0.00165829
2002,16,0.00037486,0.00054891
2002,17,0.00048106,0.00034404
2002,18,0.00040743,0.00023221
2002,19,0.00056308,0.00048946
2002,20,0.00121791,0.00241440
2002,21,0.00050038,0.00067897
2002,22,0.00127053,0.00179780
2002,23,0.00095154,0.00024214
2002,24,0.00117091,0.00018544
2002,25,0.00080553,0.00064616
2002,26,0.00115513,0.00036853
2002,27,0.01726686,0.00236158
2002,28,0.00095674,0.00062848
2002,29,0.00505603,0.00310946
2002,30,0.00900545,0.00520868
2002,31,0.00039430,0.00019021
2002,32,0.00118765,0.00124366
2002,33,0.00145877,0.00121714
2002,34,0.00052667,0.00091422
2002,35,0.00034741,0.00010984
2002,36,0.00002355,0.00004706
2002,37,0.00042950,0.00016322
2002,38,0.00168074,0.00109330
2002,39,0.00600720,0.00431976
2002,40,0.00325382,0.00299884
2002,41,0.00079255,0.00056163
2002,42,0.00068587,0.00041331
2002,43,0.00005807,0.00020001
2002,44,0.00187787,0.00085616
2002,45,0.00011941,0.00025984
2002,46,0.00003900,0.00000691
2002,47,0.00045619,0.00037130
2002,48,0.00327930,0.00220494
2002,49,0.00047260,0.00107698
2002,50,0.00010855,0.00003214
2002,51,0.00020333,0.00026318
2002,52,0.00065839,0.00079135
2002,53,0.00007864,0.00003898
2002,54,0.00083883,0.00062403
2002,55,0.00061550,0.00086743
2002,56,0.00035747,0.00018391
2002,57,0.00013432,0.00005837
2002,58,0.00017711,0.00015549
2002,59,0.00030993,0.00023861
2002,60,0.00036124,0.00044964
2002,61,0.00216715,0.00105060
2002,62,0.00262371,0.00141352
2002,63,0.00044038,0.00028183
2002,64,0.00091751,0.00198883
2002,65,0.00007606,0.00002814
2002,66,0.00003926,0.00000867
2002,67,0.00004402,0.00000959
2002,68,0.00039951,0.00096431
2002,69,0.00051060,0.00231591
2002,70,0.00119261,0.00405628
2002,71,0.00128350,0.00074577
2002,72,0.00499380,0.00307221
2002,73,0.00243366,0.00247850
2002,74,0.00076290,0.00058999
2002,75,0.00025141,0.00001276
2002,76,0.00162950,0.00115547
2002,78,0.00008244,0.00000880
2002,79,0.00004916,0.00017587
2002,80,0.00074968,0.00343509
2002,81,0.00021836,0.00052443
2002,82,0.00080843,0.00040519
2002,83,0.00082783,0.00075584
2002,84,0.02184174,0.01175819
2002,85,0.01511863,0.00861898
2002,86,0.00022286,0.00039306
2002,87,0.02741699,0.02870722
2002,88,0.00204654,0.00161552
2002,89,0.00078640,0.00107172
2002,90,0.00474677,0.00165939
2002,91,0.00054631,0.00018219
2002,92,0.00006590,0.00003350
2002,93,0.00010427,0.00011739
2002,94,0.00164413,0.00190656
2002,95,0.00118942,0.00069760
2002,96,0.00038198,0.00026272
2002,97,0.00016206,0.00010458
2003,10,0.00186018,0.00072170
2003,11,0.00010177,0.00016709
2003,12,0.00126277,0.00018037
2003,13,0.00007241,0.00016490
2003,14,0.00001198,0.00001113
2003,15,0.00070126,0.00186900
2003,16,0.00051138,0.00067438
2003,17,0.00051446,0.00043620
2003,18,0.00050999,0.00028431
2003,19,0.00073875,0.00059777
2003,20,0.00149792,0.00324154
2003,21,0.00099151,0.00079826
2003,22,0.00165863,0.00224189
2003,23,0.00110712,0.00031959
2003,24,0.00146307,0.00022074
2003,25,0.00090297,0.00073278
2003,26,0.00136580,0.00048980
2003,27,0.02169254,0.00366636
2003,28,0.00121771,0.00077056
2003,29,0.00645253,0.00398158
2003,30,0.01127045,0.00682591
2003,31,0.00057470,0.00025028
2003,32,0.00139645,0.00147236
2003,33,0.00192121,0.00152467
2003,34,0.00068405,0.00107460
2003,35,0.00041646,0.00013891
2003,36,0.00003049,0.00005379
2003,37,0.00051408,0.00016688
2003,38,0.00219205,0.00136469
2003,39,0.00734684,0.00509253
2003,40,0.00418160,0.00349183
2003,41,0.00084498,0.00058571
2003,42,0.00085758,0.00046879
2003,43,0.00005752,0.00018870
2003,44,0.00232422,0.00092072
2003,45,0.00014748,0.00035155
2003,46,0.00005778,0.00000735
2003,47,0.00050393,0.00047123
2003,48,0.00388049,0.00254800
2003,49,0.00052373,0.00113132
2003,50,0.00013908,0.00004662
2003,51,0.00021331,0.00026765
2003,52,0.00078489,0.00087779
2003,53,0.00010521,0.00005422
2003,54,0.00092431,0.00066537
2003,55,0.00067892,0.00090187
2003,56,0.00043297,0.00023899
2003,57,0.00016513,0.00005388
2003,58,0.00021639,0.00018933
2003,59,0.00035187,0.00028473
2003,60,0.00042062,0.00055250
2003,61,0.00293585,0.00132341
2003,62,0.00352880,0.00167326
2003,63,0.00058886,0.00030651
2003,64,0.00133023,0.00207380
2003,65,0.00009838,0.00003304
2003,66,0.00005305,0.00001035
2003,67,0.00005252,0.00001140
2003,68,0.00050304,0.00110692
2003,69,0.00057165,0.00252915
2003,70,0.00158100,0.00467607
2003,71,0.00148685,0.00088731
2003,72,0.00708886,0.00392613
2003,73,0.00310525,0.00291444
2003,74,0.00087180,0.00076759
2003,75,0.00030194,0.00001568
2003,76,0.00199610,0.00129660
2003,78,0.00008936,0.00001203
2003,79,0.00006132,0.00029177
2003,80,0.00103340,0.00439793
2003,81,0.00027413,0.00062689
2003,82,0.00086477,0.00047137
2003,83,0.00105476,0.00083917
2003,84,0.02686198,0.01341287
2003,85,0.01910635,0.01019014
2003,86,0.00043953,0.00062961
2003,87,0.03759447,0.03603023
2003,88,0.00192473,0.00153379
2003,89,0.00137043,0.00194007
2003,90,0.00601825,0.00206878
2003,91,0.00059839,0.00021146
2003,92,0.00007640,0.00003505
2003,93,0.00026066,0.00013156
2003,94,0.00216054,0.00208439
2003,95,0.00141831,0.00074044
2003,96,0.00043733,0.00031989
2003,97,0.00020848,0.00017309
2004,10,0.00187932,0.00070002
2004,11,0.00011104,0.00019385
2004,12,0.00128091,0.00018302
2004,13,0.00008960,0.00016822
2004,14,0.00001268,0.00001144
2004,15,0.00091019,0.00248339
2004,16,0.00054242,0.00074015
2004,17,0.00053090,0.00042731
2004,18,0.00051130,0.00029561
2004,19,0.00083863,0.00069283
2004,20,0.00162664,0.00375330
2004,21,0.00070539,0.00094060
2004,22,0.00171232,0.00250132
2004,23,0.00141439,0.00037229
2004,24,0.00183169,0.00025893
2004,25,0.00109689,0.00085199
2004,26,0.00154037,0.00028813
2004,27,0.02857660,0.00459087
2004,28,0.00152594,0.00088212
2004,29,0.00746805,0.00472279
2004,30,0.01267164,0.00813450
2004,31,0.00065032,0.00030444
2004,32,0.00164289,0.00172838
2004,33,0.00238831,0.00179080
2004,34,0.00075710,0.00107095
2004,35,0.00049781,0.00016301
2004,36,0.00003388,0.00005706
2004,37,0.00054945,0.00016838
2004,38,0.00245359,0.00155195
2004,39,0.00878629,0.00634506
2004,40,0.00487799,0.00411638
2004,41,0.00072480,0.00061827
2004,42,0.00104246,0.00055555
2004,43,0.00007723,0.00016309
2004,44,0.00268559,0.00107724
2004,45,0.00015337,0.00034335
2004,46,0.00006480,0.00000919
2004,47,0.00054373,0.00054770
2004,48,0.00444952,0.00295787
2004,49,0.00058584,0.00125869
2004,50,0.00017349,0.00007526
2004,51,0.00022737,0.00029272
2004,52,0.00085997,0.00099242
2004,53,0.00010868,0.00005215
2004,54,0.00094273,0.00069784
2004,55,0.00072012,0.00087507
2004,56,0.00046664,0.00027007
2004,57,0.00018046,0.00007182
2004,58,0.00022669,0.00018057
2004,59,0.00037203,0.00030329
2004,60,0.00040404,0.00059249
2004,61,0.00361970,0.00152884
2004,62,0.00432768,0.00183859
2004,63,0.00075637,0.00033056
2004,64,0.00160965,0.00208012
2004,65,0.00013002,0.00003492
2004,66,0.00006510,0.00000977
2004,67,0.00005407,0.00001026
2004,68,0.00063404,0.00126622
2004,69,0.00070294,0.00270846
2004,70,0.00188358,0.00516868
2004,71,0.00190098,0.00086363
2004,72,0.01019320,0.00567335
2004,73,0.00376584,0.00381820
2004,74,0.00141662,0.00112963
2004,75,0.00046511,0.00002451
2004,76,0.00236353,0.00154052
2004,78,0.00016856,0.00001884
2004,79,0.00006844,0.00041313
2004,80,0.00126128,0.00452683
2004,81,0.00032425,0.00078187
2004,82,0.00103837,0.00066376
2004,83,0.00124525,0.00097882
2004,84,0.03276744,0.01568524
2004,85,0.02380013,0.01186825
2004,86,0.00040004,0.00070985
2004,87,0.04447176,0.04229843
2004,88,0.00296415,0.00244412
2004,89,0.00150696,0.00286028
2004,90,0.00649769,0.00227831
2004,91,0.00067049,0.00024341
2004,92,0.00008782,0.00003412
2004,93,0.00016188,0.00014251
2004,94,0.00284967,0.00233492
2004,95,0.00146773,0.00080309
2004,96,0.00049329,0.00035535
2004,97,0.00026274,0.00024334
2005,10,0.00285964,0.00064011
2005,11,0.00012534,0.00018006
2005,12,0.00137151,0.00018887
2005,13,0.00010100,0.00020335
2005,14,0.00001614,0.00001964
2005,15,0.00112294,0.00247835
2005,16,0.00074460,0.00084977
2005,17,0.00060407,0.00043930
2005,18,0.00057138,0.00035953
2005,19,0.00099617,0.00076156
2005,20,0.00192460,0.00421004
2005,21,0.00080337,0.00104343
2005,22,0.00182274,0.00275597
2005,23,0.00139819,0.00044585
2005,24,0.00210255,0.00029144
2005,25,0.00131494,0.00092280
2005,26,0.00242649,0.00035958
2005,27,0.04079797,0.00672311
2005,28,0.00171076,0.00099014
2005,29,0.00845493,0.00505641
2005,30,0.01395506,0.00935429
2005,31,0.00064232,0.00034411
2005,32,0.00180223,0.00180334
2005,33,0.00233924,0.00203180
2005,34,0.00076205,0.00110750
2005,35,0.00051479,0.00017933
2005,36,0.00004462,0.00005409
2005,37,0.00056312,0.00019992
2005,38,0.00252053,0.00170161
2005,39,0.00964876,0.00706055
2005,40,0.00495407,0.00433943
2005,41,0.00066199,0.00063141
2005,42,0.00116607,0.00063795
2005,43,0.00009632,0.00013899
2005,44,0.00284911,0.00119338
2005,45,0.00014918,0.00033859
2005,46,0.00007257,0.00000879
2005,47,0.00058694,0.00064062
2005,48,0.00447412,0.00305989
2005,49,0.00067583,0.00124832
2005,50,0.00020153,0.00009642
2005,51,0.00023270,0.00028907
2005,52,0.00073736,0.00092772
2005,53,0.00010714,0.00005356
2005,54,0.00085231,0.00070113
2005,55,0.00068098,0.00081918
2005,56,0.00047230,0.00032110
2005,57,0.00019229,0.00006906
2005,58,0.00027582,0.00019581
2005,59,0.00038405,0.00029005
2005,60,0.00044128,0.00053898
2005,61,0.00422636,0.00170008
2005,62,0.00516576,0.00196682
2005,63,0.00084607,0.00033713
2005,64,0.00194667,0.00198571
2005,65,0.00016226,0.00003373
2005,66,0.00006841,0.00001145
2005,67,0.00005794,0.00000996
2005,68,0.00071521,0.00140536
2005,69,0.00079036,0.00285479
2005,70,0.00191674,0.00543624
2005,71,0.00191471,0.00083999
2005,72,0.01057709,0.00625853
2005,73,0.00438166,0.00427374
2005,74,0.00158747,0.00141809
2005,75,0.00050399,0.00002979
2005,76,0.00251621,0.00185130
2005,78,0.00020356,0.00002910
2005,79,0.00008555,0.00057294
2005,80,0.00143223,0.00458257
2005,81,0.00035493,0.00083619
2005,82,0.00106109,0.00066295
2005,83,0.00134110,0.00106800
2005,84,0.03511140,0.01730125
2005,85,0.02530308,0.01417688
2005,86,0.00039034,0.00090218
2005,87,0.04659605,0.04264419
2005,88,0.00370048,0.00231289
2005,89,0.00408592,0.00374153
2005,90,0.00722543,0.00244865
2005,91,0.00073452,0.00026763
2005,92,0.00010541,0.00003308
2005,93,0.00021398,0.00013882
2005,94,0.00351125,0.00243541
2005,95,0.00186185,0.00080391
2005,96,0.00056443,0.00036138
2005,97,0.00046651,0.00025705
2006,10,0.00252853,0.00077115
2006,11,0.00017431,0.00016048
2006,12,0.00121108,0.00020645
2006,13,0.00010483,0.00020963
2006,14,0.00001722,0.00001612
2006,15,0.00129740,0.00276759
2006,16,0.00093488,0.00094683
2006,17,0.00065082,0.00054373
2006,18,0.00061055,0.00036430
2006,19,0.00109590,0.00086728
2006,20,0.00221867,0.00458758
2006,21,0.00091114,0.00113223
2006,22,0.00194571,0.00295406
2006,23,0.00142785,0.00050237
2006,24,0.00148376,0.00030164
2006,25,0.00148837,0.00097000
2006,26,0.00407682,0.00064508
2006,27,0.05179354,0.00772966
2006,28,0.00193927,0.00118250
2006,29,0.00922872,0.00547668
2006,30,0.01516950,0.01033297
2006,31,0.00067293,0.00037497
2006,32,0.00180919,0.00196779
2006,33,0.00242024,0.00230674
2006,34,0.00087759,0.00114470
2006,35,0.00056292,0.00017920
2006,36,0.00005598,0.00005727
2006,37,0.00061827,0.00020504
2006,38,0.00268498,0.00172359
2006,39,0.01082525,0.00818268
2006,40,0.00562565,0.00481056
2006,41,0.00070426,0.00073586
2006,42,0.00132371,0.00065581
2006,43,0.00011230,0.00015933
2006,44,0.00309094,0.00138349
2006,45,0.00018593,0.00030773
2006,46,0.00006906,0.00000865
2006,47,0.00065842,0.00061944
2006,48,0.00472726,0.00357287
2006,49,0.00066659,0.00125498
2006,50,0.00021156,0.00011589
2006,51,0.00022724,0.00028142
2006,52,0.00075710,0.00094325
2006,53,0.00009688,0.00005459
2006,54,0.00082721,0.00069625
2006,55,0.00074412,0.00080831
2006,56,0.00051929,0.00036843
2006,57,0.00021164,0.00008344
2006,58,0.00028296,0.00021634
2006,59,0.00041636,0.00032772
2006,60,0.00047888,0.00056160
2006,61,0.00506179,0.00195940
2006,62,0.00623405,0.00218308
2006,63,0.00099722,0.00036262
2006,64,0.00226536,0.00205378
2006,65,0.00018700,0.00003652
2006,66,0.00006911,0.00001144
2006,67,0.00006187,0.00001282
2006,68,0.00094185,0.00154915
2006,69,0.00086694,0.00307954
2006,70,0.00215881,0.00568386
2006,71,0.00201329,0.00108740
2006,72,0.01328730,0.00762707
2006,73,0.00527047,0.00490230
2006,74,0.00271051,0.00218987
2006,75,0.00079721,0.00003942
2006,76,0.00338261,0.00257021
2006,78,0.00023669,0.00003097
2006,79,0.00015466,0.00137001
2006,80,0.00142250,0.00516176
2006,81,0.00042335,0.00094520
2006,82,0.00119657,0.00063540
2006,83,0.00151031,0.00112636
2006,84,0.03801763,0.01904305
2006,85,0.02990636,0.01752566
2006,86,0.00054411,0.00058038
2006,87,0.04969317,0.04585194
2006,88,0.00355536,0.00186568
2006,89,0.00472500,0.00496097
2006,90,0.00836087,0.00265836
2006,91,0.00088854,0.00028800
2006,92,0.00011957,0.00004001
2006,93,0.00021561,0.00017884
2006,94,0.00394211,0.00248536
2006,95,0.00214390,0.00081174
2006,96,0.00060073,0.00039447
2006,97,0.00021866,0.00029501
2007,10,0.00350078,0.00113935
2007,11,0.00026598,0.00018393
2007,12,0.00166552,0.00039797
2007,13,0.00012242,0.00024054
2007,14,0.00002307,0.00001710
2007,15,0.00149077,0.00319559
2007,16,0.00105967,0.00110775
2007,17,0.00075781,0.00058384
2007,18,0.00076912,0.00044911
2007,19,0.00123412,0.00098664
2007,20,0.00272946,0.00526011
2007,21,0.00114690,0.00137445
2007,22,0.00255932,0.00343902
2007,23,0.00184554,0.00060718
2007,24,0.00178937,0.00034834
2007,25,0.00187229,0.00112973
2007,26,0.00429759,0.00078526
2007,27,0.05525798,0.00942439
2007,28,0.00218623,0.00134437
2007,29,0.01004610,0.00650445
2007,30,0.01834345,0.01206155
2007,31,0.00081383,0.00045122
2007,32,0.00213910,0.00228607
2007,33,0.00275483,0.00270673
2007,34,0.00105207,0.00119767
2007,35,0.00063332,0.00019637
2007,36,0.00004111,0.00006756
2007,37,0.00059485,0.00022907
2007,38,0.00338036,0.00203532
2007,39,0.01255764,0.00947877
2007,40,0.00706809,0.00573053
2007,41,0.00084693,0.00079580
2007,42,0.00158564,0.00078948
2007,43,0.00008271,0.00014184
2007,44,0.00363886,0.00155035
2007,45,0.00018060,0.00036299
2007,46,0.00007826,0.00001070
2007,47,0.00084479,0.00075800
2007,48,0.00548554,0.00423645
2007,49,0.00078853,0.00138156
2007,50,0.00022407,0.00012728
2007,51,0.00023023,0.00028100
2007,52,0.00080561,0.00091208
2007,53,0.00011886,0.00005849
2007,54,0.00088902,0.00074908
2007,55,0.00083401,0.00083628
2007,56,0.00055815,0.00042225
2007,57,0.00026271,0.00009894
2007,58,0.00023850,0.00021584
2007,59,0.00048421,0.00038908
2007,60,0.00055719,0.00059685
2007,61,0.00606243,0.00240190
2007,62,0.00734048,0.00265339
2007,63,0.00121724,0.00042951
2007,64,0.00263896,0.00223699
2007,65,0.00022807,0.00004489
2007,66,0.00009138,0.00001704
2007,67,0.00007652,0.00001414
2007,68,0.00110672,0.00188709
2007,69,0.00101350,0.00341002
2007,70,0.00306285,0.00638830
2007,71,0.00221320,0.00126386
2007,72,0.01679745,0.01022476
2007,73,0.00659715,0.00620661
2007,74,0.00290796,0.00275530
2007,75,0.00105239,0.00005781
2007,76,0.00430246,0.00307897
2007,78,0.00045631,0.00004765
2007,79,0.00025164,0.00124234
2007,80,0.00173087,0.00568673
2007,81,0.00048283,0.00103948
2007,82,0.00152949,0.00073274
2007,83,0.00183117,0.00131613
2007,84,0.04529657,0.02268652
2007,85,0.03720745,0.01765335
2007,86,0.00093054,0.00076092
2007,87,0.05484255,0.05521198
2007,88,0.00386429,0.00279590
2007,89,0.00087978,0.00279511
2007,90,0.00852778,0.00315520
2007,91,0.00104274,0.00032378
2007,92,0.00014507,0.00004319
2007,93,0.00022186,0.00023478
2007,94,0.00539469,0.00277460
2007,95,0.00293704,0.00095207
2007,96,0.00070546,0.00042877
2007,97,0.00027835,0.00031614
2008,10,0.00395637,0.00119594
2008,11,0.00031058,0.00026104
2008,12,0.00255639,0.00045403
2008,13,0.00014942,0.00024791
2008,14,0.00002420,0.00001889
2008,15,0.00223417,0.00391607
2008,16,0.00112182,0.00131867
2008,17,0.00091446,0.00057690
2008,18,0.00094441,0.00050830
2008,19,0.00148013,0.00112212
2008,20,0.00272503,0.00650889
2008,21,0.00200461,0.00174897
2008,22,0.00258490,0.00381265
2008,23,0.00206736,0.00075266
2008,24,0.00210955,0.00033675
2008,25,0.00160267,0.00137320
2008,26,0.00450219,0.00057228
2008,27,0.07519298,0.01314462
2008,28,0.00288407,0.00188666
2008,29,0.01092156,0.00687585
2008,30,0.02230067,0.01435566
2008,31,0.00115834,0.00081922
2008,32,0.00204681,0.00252220
2008,33,0.00300144,0.00302331
2008,34,0.00116037,0.00128716
2008,35,0.00068547,0.00021054
2008,36,0.00004418,0.00006930
2008,37,0.00057788,0.00023585
2008,38,0.00427537,0.00250760
2008,39,0.01270780,0.01030949
2008,40,0.00739077,0.00614146
2008,41,0.00077566,0.00078706
2008,42,0.00181239,0.00092026
2008,43,0.00007152,0.00012017
2008,44,0.00283982,0.00167995
2008,45,0.00017250,0.00032207
2008,46,0.00007031,0.00001094
2008,47,0.00095064,0.00107285
2008,48,0.00557933,0.00462393
2008,49,0.00097492,0.00121721
2008,50,0.00028457,0.00017510
2008,51,0.00022874,0.00026606
2008,52,0.00071631,0.00083125
2008,53,0.00010649,0.00004730
2008,54,0.00078728,0.00067125
2008,55,0.00073189,0.00087186
2008,56,0.00054755,0.00040458
2008,57,0.00023378,0.00010160
2008,58,0.00021007,0.00020890
2008,59,0.00042073,0.00044234
2008,60,0.00052715,0.00061947
2008,61,0.00686871,0.00257736
2008,62,0.00816828,0.00291746
2008,63,0.00122040,0.00044113
2008,64,0.00308839,0.00231872
2008,65,0.00022983,0.00005082
2008,66,0.00009902,0.00001958
2008,67,0.00007757,0.00001704
2008,68,0.00102777,0.00189000
2008,69,0.00092562,0.00348172
2008,70,0.00287159,0.00688177
2008,71,0.00194390,0.00141861
2008,72,0.01671884,0.01252332
2008,73,0.00737169,0.00761088
2008,74,0.00280542,0.00296745
2008,75,0.00066708,0.00005383
2008,76,0.00371624,0.00339090
2008,78,0.00038545,0.00006730
2008,79,0.00018236,0.00079609
2008,80,0.00198079,0.00653046
2008,81,0.00057410,0.00122797
2008,82,0.00148431,0.00074728
2008,83,0.00174920,0.00144805
2008,84,0.04255454,0.02471017
2008,85,0.04220591,0.01938980
2008,86,0.00089621,0.00075816
2008,87,0.04705855,0.05537593
2008,88,0.00390454,0.00306485
2008,89,0.00100033,0.00287378
2008,90,0.00890990,0.00343409
2008,91,0.00107001,0.00041064
2008,92,0.00015145,0.00004934
2008,93,0.00027056,0.00026565
2008,94,0.00534113,0.00298317
2008,95,0.00315677,0.00097554
2008,96,0.00068893,0.00048978
2008,97,0.00016048,0.00028903
2009,10,0.00311105,0.00093618
2009,11,0.00019774,0.00020141
2009,12,0.00198935,0.00038192
2009,13,0.00013321,0.00021672
2009,14,0.00001448,0.00001167
2009,15,0.00171007,0.00290438
2009,16,0.00104411,0.00119875
2009,17,0.00082019,0.00053403
2009,18,0.00092260,0.00044370
2009,19,0.00134948,0.00112034
2009,20,0.00237374,0.00601701
2009,21,0.00186251,0.00169454
2009,22,0.00214859,0.00341531
2009,23,0.00181182,0.00070977
2009,24,0.00191698,0.00028754
2009,25,0.00067618,0.00111666
2009,26,0.00312413,0.00072332
2009,27,0.04594580,0.00807612
2009,28,0.00218420,0.00141269
2009,29,0.00861049,0.00591908
2009,30,0.02073348,0.01473203
2009,31,0.00058817,0.00054827
2009,32,0.00174039,0.00200223
2009,33,0.00276008,0.00274154
2009,34,0.00099366,0.00112631
2009,35,0.00058513,0.00017714
2009,36,0.00004235,0.00006375
2009,37,0.00044015,0.00020809
2009,38,0.00378817,0.00222209
2009,39,0.00954867,0.00802681
2009,40,0.00574665,0.00486066
2009,41,0.00050878,0.00057307
2009,42,0.00155741,0.00081116
2009,43,0.00005526,0.00009182
2009,44,0.00167508,0.00128806
2009,45,0.00013285,0.00023332
2009,46,0.00005616,0.00001166
2009,47,0.00060797,0.00078295
2009,48,0.00440907,0.00389089
2009,49,0.00067419,0.00099344
2009,50,0.00019557,0.00017844
2009,51,0.00016548,0.00020620
2009,52,0.00053860,0.00061897
2009,53,0.00007413,0.00003406
2009,54,0.00052906,0.00054648
2009,55,0.00050853,0.00066432
2009,56,0.00040022,0.00035132
2009,57,0.00020021,0.00007142
2009,58,0.00014872,0.00015641
2009,59,0.00028055,0.00034951
2009,60,0.00042427,0.00052027
2009,61,0.00613001,0.00252701
2009,62,0.00706431,0.00276082
2009,63,0.00106659,0.00038362
2009,64,0.00260742,0.00202530
2009,65,0.00015158,0.00004676
2009,66,0.00008449,0.00001719
2009,67,0.00005416,0.00001718
2009,68,0.00066474,0.00150312
2009,69,0.00062622,0.00258620
2009,70,0.00226245,0.00613022
2009,71,0.00134647,0.00142917
2009,72,0.00746034,0.00733261
2009,73,0.00460619,0.00523633
2009,74,0.00150356,0.00295299
2009,75,0.00028792,0.00005616
2009,76,0.00224231,0.00241078
2009,78,0.00029316,0.00005640
2009,79,0.00008899,0.00059620
2009,80,0.00162332,0.00597519
2009,81,0.00043699,0.00113357
2009,82,0.00097440,0.00058120
2009,83,0.00150345,0.00115972
2009,84,0.02917140,0.01938062
2009,85,0.02621960,0.01384836
2009,86,0.00081083,0.00157694
2009,87,0.03063879,0.04069820
2009,88,0.00267370,0.00299259
2009,89,0.00053718,0.00181219
2009,90,0.00778536,0.00281477
2009,91,0.00077348,0.00036026
2009,92,0.00015179,0.00003809
2009,93,0.00021184,0.00028071
2009,94,0.00391485,0.00230009
2009,95,0.00231754,0.00083283
2009,96,0.00059317,0.00039797
2009,97,0.00009911,0.00025147
2010,10,0.00280251,0.00104151
2010,11,0.00020427,0.00019746
2010,12,0.00208512,0.00051446
2010,13,0.00015175,0.00024913
2010,14,0.00001772,0.00000989
2010,15,0.00194381,0.00347814
2010,16,0.00112058,0.00124724
2010,17,0.00078450,0.00059594
2010,18,0.00109866,0.00055996
2010,19,0.00134193,0.00120744
2010,20,0.00242061,0.00597864
2010,21,0.00183539,0.00167275
2010,22,0.00216271,0.00364416
2010,23,0.00166927,0.00078789
2010,24,0.00190005,0.00030798
2010,25,0.00068145,0.00137127
2010,26,0.00446222,0.00103253
2010,27,0.05616579,0.01058208
2010,28,0.00260436,0.00154297
2010,29,0.00938125,0.00668991
2010,30,0.01972385,0.01488738
2010,31,0.00083618,0.00077265
2010,32,0.00178740,0.00240311
2010,33,0.00283377,0.00314377
2010,34,0.00098931,0.00124161
2010,35,0.00059745,0.00020390
2010,36,0.00004767,0.00006481
2010,37,0.00035542,0.00016061
2010,38,0.00445571,0.00298617
2010,39,0.01031648,0.00990351
2010,40,0.00676508,0.00561474
2010,41,0.00062326,0.00077419
2010,42,0.00179505,0.00091427
2010,43,0.00007501,0.00014137
2010,44,0.00177561,0.00130248
2010,45,0.00013692,0.00027998
2010,46,0.00006643,0.00000970
2010,47,0.00080649,0.00111798
2010,48,0.00453278,0.00425027
2010,49,0.00068294,0.00096481
2010,50,0.00017506,0.00014940
2010,51,0.00022484,0.00023515
2010,52,0.00064498,0.00070384
2010,53,0.00007380,0.00003300
2010,54,0.00061059,0.00061729
2010,55,0.00063071,0.00081866
2010,56,0.00041740,0.00041804
2010,57,0.00019113,0.00008795
2010,58,0.00015818,0.00018654
2010,59,0.00033195,0.00037184
2010,60,0.00043570,0.00052872
2010,61,0.00650098,0.00255392
2010,62,0.00728859,0.00283325
2010,63,0.00117369,0.00040119
2010,64,0.00302742,0.00214003
2010,65,0.00018037,0.00005601
2010,66,0.00010980,0.00002418
2010,67,0.00007504,0.00001672
2010,68,0.00069881,0.00155844
2010,69,0.00067671,0.00256091
2010,70,0.00229014,0.00670650
2010,71,0.00165838,0.00304024
2010,72,0.01051654,0.00956974
2010,73,0.00422534,0.00578398
2010,74,0.00193864,0.00342517
2010,75,0.00046218,0.00007430
2010,76,0.00273450,0.00305562
2010,78,0.00032662,0.00007974
2010,79,0.00009393,0.00082492
2010,80,0.00173966,0.00618605
2010,81,0.00047043,0.00119982
2010,82,0.00096072,0.00065529
2010,83,0.00149147,0.00125780
2010,84,0.03005954,0.02012351
2010,85,0.02872569,0.01532239
2010,86,0.00101332,0.00095292
2010,87,0.02728003,0.04287113
2010,88,0.00296865,0.00306065
2010,89,0.00228344,0.00208644
2010,90,0.00808374,0.00310159
2010,91,0.00084730,0.00039176
2010,92,0.00014537,0.00004128
2010,93,0.00024373,0.00028815
2010,94,0.00422850,0.00229945
2010,95,0.00238827,0.00077858
2010,96,0.00065496,0.00043641
2010,97,0.00008152,0.00035477
2011,10,0.00378975,0.00118570
2011,11,0.00024326,0.00032853
2011,12,0.00251752,0.00065676
2011,13,0.00018397,0.00028439
2011,14,0.00003877,0.00001269
2011,15,0.00243066,0.00403537
2011,16,0.00130652,0.00157244
2011,17,0.00143941,0.00062666
2011,18,0.00122983,0.00073993
2011,19,0.00144136,0.00140362
2011,20,0.00277884,0.00719076
2011,21,0.00197247,0.00191014
2011,22,0.00240012,0.00442741
2011,23,0.00181815,0.00095430
2011,24,0.00170730,0.00035377
2011,25,0.00069201,0.00161739
2011,26,0.00527033,0.00250260
2011,27,0.07503484,0.01516025
2011,28,0.00302160,0.00182528
2011,29,0.01092668,0.00746867
2011,30,0.02121486,0.01718423
2011,31,0.00107067,0.00094919
2011,32,0.00229564,0.00282533
2011,33,0.00309149,0.00346788
2011,34,0.00107332,0.00142560
2011,35,0.00066624,0.00022453
2011,36,0.00004502,0.00007717
2011,37,0.00033542,0.00017121
2011,38,0.00557414,0.00332257
2011,39,0.01123565,0.01148718
2011,40,0.00818607,0.00685706
2011,41,0.00083922,0.00098156
2011,42,0.00203127,0.00118993
2011,43,0.00006280,0.00018210
2011,44,0.00165819,0.00146213
2011,45,0.00014176,0.00033889
2011,46,0.00005731,0.00000891
2011,47,0.00102784,0.00124728
2011,48,0.00491611,0.00456797
2011,49,0.00071991,0.00101090
2011,50,0.00020378,0.00021237
2011,51,0.00023771,0.00026082
2011,52,0.00070061,0.00087823
2011,53,0.00007437,0.00003386
2011,54,0.00076537,0.00069431
2011,55,0.00070659,0.00088937
2011,56,0.00042154,0.00050012
2011,57,0.00020508,0.00007460
2011,58,0.00016858,0.00019470
2011,59,0.00034523,0.00040179
2011,60,0.00047237,0.00059467
2011,61,0.00737349,0.00285496
2011,62,0.00829882,0.00319912
2011,63,0.00125541,0.00042287
2011,64,0.00319010,0.00246544
2011,65,0.00018482,0.00007039
2011,66,0.00010395,0.00002779
2011,67,0.00007906,0.00001936
2011,68,0.00067559,0.00176857
2011,69,0.00060870,0.00292718
2011,70,0.00249231,0.00702122
2011,71,0.00280118,0.00438956
2011,72,0.01249516,0.01128354
2011,73,0.00464874,0.00713436
2011,74,0.00242865,0.00434346
2011,75,0.00054698,0.00006155
2011,76,0.00319474,0.00347145
2011,78,0.00042772,0.00015166
2011,79,0.00010866,0.00107607
2011,80,0.00197333,0.00677856
2011,81,0.00052145,0.00143993
2011,82,0.00124501,0.00069958
2011,83,0.00157269,0.00136447
2011,84,0.03144903,0.02417145
2011,85,0.02834276,0.01669906
2011,86,0.00059208,0.00173587
2011,87,0.03123163,0.04833971
2011,88,0.00236058,0.00379454
2011,89,0.00176155,0.00262475
2011,90,0.00882181,0.00347479
2011,91,0.00093702,0.00039532
2011,92,0.00013502,0.00004459
2011,93,0.00021914,0.00023969
2011,94,0.00402759,0.00258327
2011,95,0.00228537,0.00086041
2011,96,0.00068013,0.00043892
2011,97,0.00012460,0.00039879
2012,10,0.00408185,0.00111954
2012,11,0.00024794,0.00027464
2012,12,0.00286522,0.00068885
2012,13,0.00018732,0.00029027
2012,14,0.00002860,0.00001197
2012,15,0.00218383,0.00410704
2012,16,0.00127603,0.00150779
2012,17,0.00113478,0.00063731
2012,18,0.00117919,0.00065045
2012,19,0.00137652,0.00141893
2012,20,0.00250395,0.00739531
2012,21,0.00175623,0.00186958
2012,22,0.00223148,0.00462660
2012,23,0.00192115,0.00108565
2012,24,0.00174801,0.00036831
2012,25,0.00056755,0.00167542
2012,26,0.00476559,0.00178386
2012,27,0.08145839,0.02115605
2012,28,0.00300865,0.00175558
2012,29,0.00993937,0.00692234
2012,30,0.01897343,0.01609913
2012,31,0.00110128,0.00113972
2012,32,0.00185208,0.00280114
2012,33,0.00281242,0.00349060
2012,34,0.00103814,0.00132913
2012,35,0.00061007,0.00023422
2012,36,0.00004078,0.00009477
2012,37,0.00027532,0.00013781
2012,38,0.00515333,0.00351422
2012,39,0.00996662,0.01084183
2012,40,0.00699999,0.00627489
2012,41,0.00078400,0.00091148
2012,42,0.00157703,0.00117326
2012,43,0.00006120,0.00019684
2012,44,0.00128951,0.00135680
2012,45,0.00013301,0.00030198
2012,46,0.00005194,0.00000758
2012,47,0.00078518,0.00115992
2012,48,0.00430058,0.00443694
2012,49,0.00070602,0.00092383
2012,50,0.00020093,0.00019287
2012,51,0.00018335,0.00026693
2012,52,0.00056123,0.00075231
2012,53,0.00008064,0.00002850
2012,54,0.00071009,0.00062051
2012,55,0.00058645,0.00079843
2012,56,0.00039265,0.00046716
2012,57,0.00016912,0.00007404
2012,58,0.00016118,0.00017620
2012,59,0.00031853,0.00037996
2012,60,0.00044306,0.00060342
2012,61,0.00672601,0.00273099
2012,62,0.00770421,0.00325243
2012,63,0.00104206,0.00040052
2012,64,0.00286001,0.00235142
2012,65,0.00015648,0.00005906
2012,66,0.00007843,0.00002193
2012,67,0.00008511,0.00001617
2012,68,0.00054654,0.00161123
2012,69,0.00051013,0.00294106
2012,70,0.00204893,0.00699659
2012,71,0.00302162,0.00506698
2012,72,0.00989693,0.01019434
2012,73,0.00395383,0.00713471
2012,74,0.00188267,0.00452301
2012,75,0.00048868,0.00003533
2012,76,0.00268298,0.00305857
2012,78,0.00039682,0.00013890
2012,79,0.00007534,0.00092864
2012,80,0.00183643,0.00692126
2012,81,0.00047609,0.00160076
2012,82,0.00093813,0.00067159
2012,83,0.00133152,0.00131030
2012,84,0.02746240,0.02378812
2012,85,0.02323010,0.01575215
2012,86,0.00028400,0.00203874
2012,87,0.02977521,0.04237328
2012,88,0.00242294,0.00350402
2012,89,0.00148912,0.00183548
2012,90,0.00783392,0.00340571
2012,91,0.00092219,0.00041826
2012,92,0.00011812,0.00003789
2012,93,0.00013352,0.00023701
2012,94,0.00338394,0.00247392
2012,95,0.00197512,0.00072803
2012,96,0.00060781,0.00040427
2012,97,0.00007377,0.00051723
2013,10,0.00343354,0.00125728
2013,11,0.00025980,0.00030197
2013,12,0.00273008,0.00078259
2013,13,0.00019162,0.00031179
2013,14,0.00002707,0.00003492
2013,15,0.00267820,0.00441012
2013,16,0.00134218,0.00164130
2013,17,0.00138191,0.00070197
2013,18,0.00121330,0.00065775
2013,19,0.00141651,0.00159102
2013,20,0.00263410,0.00786758
2013,21,0.00170517,0.00210890
2013,22,0.00229484,0.00506176
2013,23,0.00196373,0.00112766
2013,24,0.00176128,0.00042954
2013,25,0.00057309,0.00178451
2013,26,0.00433388,0.00214606
2013,27,0.07482238,0.02082029
2013,28,0.00286292,0.00173691
2013,29,0.01015298,0.00709366
2013,30,0.01939603,0.01660325
2013,31,0.00122587,0.00108067
2013,32,0.00189380,0.00296949
2013,33,0.00323570,0.00366615
2013,34,0.00106156,0.00151160
2013,35,0.00067672,0.00027187
2013,36,0.00004679,0.00009830
2013,37,0.00025102,0.00013190
2013,38,0.00433934,0.00378159
2013,39,0.01075991,0.01149503
2013,40,0.00710531,0.00653514
2013,41,0.00083718,0.00101896
2013,42,0.00175500,0.00124398
2013,43,0.00005908,0.00019055
2013,44,0.00132964,0.00150226
2013,45,0.00014219,0.00030538
2013,46,0.00004122,0.00000918
2013,47,0.00081941,0.00115077
2013,48,0.00444288,0.00464928
2013,49,0.00065658,0.00094521
2013,50,0.00021207,0.00020718
2013,51,0.00021271,0.00027085
2013,52,0.00056493,0.00072495
2013,53,0.00006489,0.00003024
2013,54,0.00080920,0.00067196
2013,55,0.00075302,0.00066919
2013,56,0.00042046,0.00052001
2013,57,0.00016996,0.00007579
2013,58,0.00014320,0.00018645
2013,59,0.00036826,0.00041979
2013,60,0.00047920,0.00063172
2013,61,0.00691131,0.00302160
2013,62,0.00821188,0.00356941
2013,63,0.00115280,0.00044526
2013,64,0.00296549,0.00265223
2013,65,0.00017016,0.00006170
2013,66,0.00007877,0.00002344
2013,67,0.00006065,0.00001883
2013,68,0.00053876,0.00180126
2013,69,0.00050738,0.00331311
2013,70,0.00221600,0.00792814
2013,71,0.00239052,0.00483197
2013,72,0.00979571,0.00941944
2013,73,0.00389402,0.00773829
2013,74,0.00181892,0.00327337
2013,75,0.00042906,0.00002711
2013,76,0.00288247,0.00324012
2013,78,0.00040405,0.00006031
2013,79,0.00006964,0.00085613
2013,80,0.00217497,0.00786336
2013,81,0.00053433,0.00169624
2013,82,0.00106439,0.00078922
2013,83,0.00136053,0.00135924
2013,84,0.02857366,0.02597936
2013,85,0.02375653,0.01577882
2013,86,0.00033735,0.00163008
2013,87,0.03221434,0.04748792
2013,88,0.00336361,0.00643873
2013,89,0.00065612,0.00249180
2013,90,0.00828838,0.00365564
2013,91,0.00094699,0.00046654
2013,92,0.00010983,0.00004662
2013,93,0.00012068,0.00029837
2013,94,0.00339922,0.00284712
2013,95,0.00192644,0.00078896
2013,96,0.00062930,0.00044208
2013,97,0.00005820,0.00051024
2014,10,0.00370868,0.00130047
2014,11,0.00027145,0.00027595
2014,12,0.00274659,0.00069354
2014,13,0.00019585,0.00035493
2014,14,0.00002608,0.00003180
2014,15,0.00274780,0.00504349
2014,16,0.00129875,0.00164706
2014,17,0.00113383,0.00071258
2014,18,0.00120190,0.00070969
2014,19,0.00140456,0.00170136
2014,20,0.00275729,0.00833141
2014,21,0.00138309,0.00223429
2014,22,0.00234113,0.00494756
2014,23,0.00212802,0.00110475
2014,24,0.00175672,0.00042202
2014,25,0.00062823,0.00187530
2014,26,0.00474163,0.00203426
2014,27,0.07008183,0.02273819
2014,28,0.00261473,0.00171962
2014,29,0.01065185,0.00690900
2014,30,0.02069885,0.01662119
2014,31,0.00134198,0.00099906
2014,32,0.00191192,0.00292982
2014,33,0.00337155,0.00382223
2014,34,0.00108535,0.00155771
2014,35,0.00070820,0.00027216
2014,36,0.00041202,0.00010573
2014,37,0.00022204,0.00011745
2014,38,0.00424436,0.00407608
2014,39,0.01169857,0.01229086
2014,40,0.00704476,0.00645798
2014,41,0.00098596,0.00097384
2014,42,0.00191488,0.00139694
2014,43,0.00005465,0.00020709
2014,44,0.00144387,0.00165633
2014,45,0.00013326,0.00030286
2014,46,0.00004737,0.00001040
2014,47,0.00079481,0.00103564
2014,48,0.00464819,0.00458807
2014,49,0.00072430,0.00093252
2014,50,0.00020015,0.00022729
2014,51,0.00021417,0.00023142
2014,52,0.00060281,0.00074543
2014,53,0.00006902,0.00003501
2014,54,0.00086092,0.00068647
2014,55,0.00083120,0.00063420
2014,56,0.00044906,0.00052171
2014,57,0.00019679,0.00009072
2014,58,0.00015876,0.00018939
2014,59,0.00037820,0.00039030
2014,60,0.00049319,0.00070837
2014,61,0.00776864,0.00284391
2014,62,0.00925191,0.00403711
2014,63,0.00164987,0.00049614
2014,64,0.00346346,0.00291567
2014,65,0.00021728,0.00008069
2014,66,0.00009943,0.00002800
2014,67,0.00006735,0.00001980
2014,68,0.00060891,0.00190208
2014,69,0.00062362,0.00341448
2014,70,0.00233058,0.00776756
2014,71,0.00212407,0.00365056
2014,72,0.01052678,0.00948593
2014,73,0.00421278,0.00803833
2014,74,0.00170033,0.00337102
2014,75,0.00047930,0.00005227
2014,76,0.00325012,0.00343002
2014,78,0.00045456,0.00005606
2014,79,0.00009408,0.00107972
2014,80,0.00237943,0.00777129
2014,81,0.00060860,0.00170038
2014,82,0.00117158,0.00089956
2014,83,0.00149338,0.00147832
2014,84,0.03100474,0.02587941
2014,85,0.02579448,0.01641122
2014,86,0.00031758,0.00199262
2014,87,0.03897293,0.05098169
2014,88,0.00324638,0.00384337
2014,89,0.00081266,0.00145021
2014,90,0.00941186,0.00382633
2014,91,0.00110319,0.00051300
2014,92,0.00012609,0.00004519
2014,93,0.00010899,0.00029334
2014,94,0.00397630,0.00302672
2014,95,0.00229746,0.00088075
2014,96,0.00067220,0.00045829
2014,97,0.00006220,0.00054008
2015,10,0.00340301,0.00126829
2015,11,0.00024548,0.00027437
2015,12,0.00229070,0.00068975
2015,13,0.00019204,0.00034315
2015,14,0.00002737,0.00001402
2015,15,0.00276317,0.00441359
2015,16,0.00122574,0.00142047
2015,17,0.00077095,0.00060894
2015,18,0.00112267,0.00064775
2015,19,0.00126366,0.00160758
2015,20,0.00247489,0.00758468
2015,21,0.00124734,0.00205870
2015,22,0.00202199,0.00449596
2015,23,0.00201089,0.00103642
2015,24,0.00162715,0.00023029
2015,25,0.00058301,0.00163664
2015,26,0.00363534,0.00167268
2015,27,0.04152495,0.01387749
2015,28,0.00230056,0.00154195
2015,29,0.00889672,0.00589802
2015,30,0.01992340,0.01475169
2015,31,0.00121831,0.00094995
2015,32,0.00173323,0.00262346
2015,33,0.00314648,0.00351711
2015,34,0.00098166,0.00133681
2015,35,0.00060997,0.00024846
2015,36,0.00004655,0.00010584
2015,37,0.00018615,0.00010739
2015,38,0.00371419,0.00381129
2015,39,0.01081318,0.01093479
2015,40,0.00584851,0.00566155
2015,41,0.00071031,0.00076958
2015,42,0.00190597,0.00135730
2015,43,0.00004186,0.00011856
2015,44,0.00129887,0.00149490
2015,45,0.00012990,0.00030941
2015,46,0.00004966,0.00001002
2015,47,0.00096201,0.00074613
2015,48,0.00399812,0.00403949
2015,49,0.00059421,0.00078407
2015,50,0.00014336,0.00017335
2015,51,0.00018680,0.00021423
2015,52,0.00051942,0.00060873
2015,53,0.00006826,0.00003598
2015,54,0.00075597,0.00058485
2015,55,0.00072942,0.00056652
2015,56,0.00041227,0.00045789
2015,57,0.00018194,0.00007655
2015,58,0.00014631,0.00016759
2015,59,0.00035881,0.00034176
2015,60,0.00046137,0.00057763
2015,61,0.00732246,0.00302914
2015,62,0.00901278,0.00383012
2015,63,0.00133571,0.00046939
2015,64,0.00315630,0.00254493
2015,65,0.00021174,0.00007529
2015,66,0.00009565,0.00002354
2015,67,0.00005775,0.00001513
2015,68,0.00060310,0.00176431
2015,69,0.00057408,0.00305080
2015,70,0.00226281,0.00737464
2015,71,0.00212389,0.00324731
2015,72,0.00838436,0.00769754
2015,73,0.00398734,0.00700375
2015,74,0.00155491,0.00281359
2015,75,0.00036440,0.00004480
2015,76,0.00333697,0.00326745
2015,78,0.00037389,0.00004949
2015,79,0.00010798,0.00082633
2015,80,0.00244437,0.00743992
2015,81,0.00060510,0.00168986
2015,82,0.00103417,0.00068815
2015,83,0.00147441,0.00136659
2015,84,0.03167994,0.02300801
2015,85,0.02474204,0.01559223
2015,86,0.00028201,0.00168582
2015,87,0.03903325,0.04998179
2015,88,0.00411495,0.00438009
2015,89,0.00140212,0.00161959
2015,90,0.00909635,0.00368186
2015,91,0.00105923,0.00049230
2015,92,0.00011768,0.00004596
2015,93,0.00010874,0.00024917
2015,94,0.00400438,0.00285916
2015,95,0.00223750,0.00084421
2015,96,0.00065797,0.00043453
2015,97,0.00007467,0.00065660
2016,10,0.00323506,0.00119257
2016,11,0.00027258,0.00027335
2016,12,0.00221344,0.00075753
2016,13,0.00019034,0.00034854
2016,14,0.00003620,0.00001426
2016,15,0.00281300,0.00495805
2016,16,0.00114445,0.00148355
2016,17,0.00078405,0.00067375
2016,18,0.00120299,0.00066944
2016,19,0.00135228,0.00176361
2016,20,0.00268628,0.00839983
2016,21,0.00133620,0.00204680
2016,22,0.00208477,0.00433678
2016,23,0.00187074,0.00102607
2016,24,0.00156829,0.00019659
2016,25,0.00063958,0.00154615
2016,26,0.00362511,0.00161144
2016,27,0.03459009,0.01129580
2016,28,0.00204187,0.00152197
2016,29,0.00862508,0.00575694
2016,30,0.02009497,0.01473447
2016,31,0.00091278,0.00084024
2016,32,0.00178443,0.00262069
2016,33,0.00331555,0.00370549
2016,34,0.00104065,0.00138681
2016,35,0.00060308,0.00024988
2016,36,0.00004326,0.00011040
2016,37,0.00018349,0.00011739
2016,38,0.00383058,0.00401737
2016,39,0.01087004,0.01095968
2016,40,0.00575304,0.00560493
2016,41,0.00066498,0.00076323
2016,42,0.00201115,0.00139401
2016,43,0.00003520,0.00009581
2016,44,0.00139781,0.00154979
2016,45,0.00012101,0.00030138
2016,46,0.00005154,0.00001097
2016,47,0.00091793,0.00070756
2016,48,0.00395447,0.00402102
2016,49,0.00057299,0.00076037
2016,50,0.00014620,0.00018132
2016,51,0.00018115,0.00020923
2016,52,0.00055776,0.00063814
2016,53,0.00008003,0.00003129
2016,54,0.00076522,0.00058550
2016,55,0.00074040,0.00059904
2016,56,0.00043528,0.00046342
2016,57,0.00020209,0.00008588
2016,58,0.00015301,0.00019201
2016,59,0.00036409,0.00032992
2016,60,0.00055831,0.00069188
2016,61,0.00780998,0.00309968
2016,62,0.00968013,0.00413018
2016,63,0.00139837,0.00051427
2016,64,0.00337406,0.00272297
2016,65,0.00023629,0.00008719
2016,66,0.00009008,0.00002423
2016,67,0.00006261,0.00001653
2016,68,0.00072145,0.00181905
2016,69,0.00060699,0.00323170
2016,70,0.00254295,0.00784536
2016,71,0.00249622,0.00354528
2016,72,0.00749692,0.00683388
2016,73,0.00401561,0.00660766
2016,74,0.00150398,0.00258630
2016,75,0.00037046,0.00008006
2016,76,0.00337626,0.00327930
2016,78,0.00033789,0.00003413
2016,79,0.00007183,0.00099923
2016,80,0.00253713,0.00743098
2016,81,0.00065298,0.00198147
2016,82,0.00114443,0.00066210
2016,83,0.00151512,0.00141357
2016,84,0.03191963,0.02331687
2016,85,0.02511005,0.01559468
2016,86,0.00030385,0.00182630
2016,87,0.04099553,0.05386715
2016,88,0.00492576,0.00505462
2016,89,0.00316366,0.00166661
2016,90,0.01013675,0.00388160
2016,91,0.00098199,0.00046624
2016,92,0.00013015,0.00004692
2016,93,0.00012751,0.00028846
2016,94,0.00428719,0.00313919
2016,95,0.00262571,0.00095490
2016,96,0.00068880,0.00045525
2016,97,0.00008225,0.00046638
2017,10,0.00353086,0.00129925
2017,11,0.00025581,0.00028891
2017,12,0.00228753,0.00065897
2017,13,0.00020259,0.00039558
2017,14,0.00004572,0.00001554
2017,15,0.00372247,0.00589632
2017,16,0.00205383,0.00207471
2017,17,0.00091364,0.00070325
2017,18,0.00123331,0.00068339
2017,19,0.00144996,0.00192194
2017,20,0.00292898,0.00926204
2017,21,0.00149779,0.00218548
2017,22,0.00220241,0.00484546
2017,23,0.00190817,0.00112099
2017,24,0.00164125,0.00016449
2017,25,0.00075405,0.00196105
2017,26,0.00493870,0.00250482
2017,27,0.04498587,0.01593980
2017,28,0.00224043,0.00157823
2017,29,0.00939306,0.00624203
2017,30,0.02012969,0.01513770
2017,31,0.00103789,0.00092731
2017,32,0.00198864,0.00293244
2017,33,0.00361931,0.00431269
2017,34,0.00113776,0.00147292
2017,35,0.00067708,0.00027121
2017,36,0.00003986,0.00012948
2017,37,0.00016304,0.00011612
2017,38,0.00407454,0.00474220
2017,39,0.01209775,0.01199980
2017,40,0.00641244,0.00638088
2017,41,0.00064969,0.00077163
2017,42,0.00204744,0.00157626
2017,43,0.00003623,0.00009485
2017,44,0.00154157,0.00172877
2017,45,0.00017062,0.00036789
2017,46,0.00005318,0.00001134
2017,47,0.00094528,0.00088552
2017,48,0.00415176,0.00420997
2017,49,0.00059378,0.00083358
2017,50,0.00018882,0.00027736
2017,51,0.00016767,0.00022929
2017,52,0.00056713,0.00061033
2017,53,0.00007562,0.00003330
2017,54,0.00085205,0.00066600
2017,55,0.00079507,0.00082063
2017,56,0.00046559,0.00052479
2017,57,0.00021347,0.00009747
2017,58,0.00015744,0.00021051
2017,59,0.00036511,0.00035450
2017,60,0.00054837,0.00075980
2017,61,0.00814520,0.00325512
2017,62,0.01055680,0.00437254
2017,63,0.00150764,0.00054673
2017,64,0.00357248,0.00267578
2017,65,0.00026443,0.00008910
2017,66,0.00008339,0.00002179
2017,67,0.00006640,0.00001501
2017,68,0.00078023,0.00193618
2017,69,0.00064952,0.00367490
2017,70,0.00277312,0.00808803
2017,71,0.00251055,0.00334780
2017,72,0.00961212,0.00812861
2017,73,0.00471016,0.00716229
2017,74,0.00193472,0.00303759
2017,75,0.00038285,0.00004807
2017,76,0.00395284,0.00388384
2017,78,0.00043927,0.00004892
2017,79,0.00010398,0.00167511
2017,80,0.00260659,0.00764635
2017,81,0.00086059,0.00216576
2017,82,0.00122837,0.00096958
2017,83,0.00167517,0.00157637
2017,84,0.03544606,0.02458644
2017,85,0.02666956,0.01752246
2017,86,0.00029636,0.00177425
2017,87,0.04442991,0.05612493
2017,88,0.00594003,0.00541116
2017,89,0.00160631,0.00194161
2017,90,0.01031477,0.00422818
2017,91,0.00096039,0.00046861
2017,92,0.00012955,0.00005029
2017,93,0.00013619,0.00047842
2017,94,0.00445905,0.00349316
2017,95,0.00333893,0.00114107
2017,96,0.00068405,0.00048528
2017,97,0.00008245,0.00071195
2018,10,0.00418028,0.00145986
2018,11,0.00025677,0.00031575
2018,12,0.00239149,0.00069925
2018,13,0.00022155,0.00047077
2018,14,0.00004400,0.00001911
2018,15,0.00351267,0.00555040
2018,16,0.00233946,0.00239183
2018,17,0.00084025,0.00074188
2018,18,0.00110197,0.00071617
2018,19,0.00160456,0.00208595
2018,20,0.00301858,0.00969412
2018,21,0.00161959,0.00246853
2018,22,0.00229993,0.00536884
2018,23,0.00209713,0.00123033
2018,24,0.00187734,0.00016417
2018,25,0.00083488,0.00170683
2018,26,0.00556279,0.00307786
2018,27,0.05504502,0.01841885
2018,28,0.00261935,0.00174053
2018,29,0.01092113,0.00658072
2018,30,0.02162963,0.01662799
2018,31,0.00113739,0.00102088
2018,32,0.00211565,0.00322582
2018,33,0.00393372,0.00513955
2018,34,0.00127455,0.00162281
2018,35,0.00069006,0.00029695
2018,36,0.00004534,0.00013044
2018,37,0.00021359,0.00010942
2018,38,0.00522749,0.00533901
2018,39,0.01345964,0.01321355
2018,40,0.00671476,0.00677139
2018,41,0.00065192,0.00076163
2018,42,0.00217311,0.00191736
2018,43,0.00003694,0.00009750
2018,44,0.00168345,0.00185399
2018,45,0.00019909,0.00041923
2018,46,0.00006331,0.00001653
2018,47,0.00103186,0.00093733
2018,48,0.00474254,0.00461606
2018,49,0.00063332,0.00092196
2018,50,0.00021867,0.00027282
2018,51,0.00018411,0.00024069
2018,52,0.00051179,0.00057240
2018,53,0.00010296,0.00005334
2018,54,0.00087811,0.00068376
2018,55,0.00081600,0.00084604
2018,56,0.00051131,0.00054627
2018,57,0.00022916,0.00009516
2018,58,0.00016765,0.00021079
2018,59,0.00037819,0.00037868
2018,60,0.00053783,0.00082884
2018,61,0.00888912,0.00376080
2018,62,0.01113869,0.00491624
2018,63,0.00149405,0.00060980
2018,64,0.00374676,0.00283311
2018,65,0.00028276,0.00009053
2018,66,0.00009287,0.00002587
2018,67,0.00007487,0.00001577
2018,68,0.00085415,0.00224255
2018,69,0.00078988,0.00385189
2018,70,0.00291378,0.00842115
2018,71,0.00253388,0.00346067
2018,72,0.01115579,0.00912813
2018,73,0.00496726,0.00837332
2018,74,0.00220207,0.00354554
2018,75,0.00049908,0.00005767
2018,76,0.00443737,0.00434629
2018,78,0.00040682,0.00004912
2018,79,0.00012639,0.00160155
2018,80,0.00287495,0.00805557
2018,81,0.00100235,0.00239247
2018,82,0.00132014,0.00100536
2018,83,0.00181266,0.00168702
2018,84,0.03857846,0.02588446
2018,85,0.02990500,0.01938917
2018,86,0.00042514,0.00201372
2018,87,0.04717004,0.05808361
2018,88,0.00417411,0.00481179
2018,89,0.00061627,0.00171253
2018,90,0.01042112,0.00443701
2018,91,0.00090094,0.00045555
2018,92,0.00014457,0.00005460
2018,93,0.00015750,0.00056756
2018,94,0.00490273,0.00369012
2018,95,0.00328538,0.00131515
2018,96,0.00074288,0.00053488
2018,97,0.00008001,0.00087887
2019,10,0.00393427,0.00136122
2019,11,0.00024889,0.00032985
2019,12,0.00229238,0.00070403
2019,13,0.00023368,0.00052419
2019,14,0.00004012,0.00001770
2019,15,0.00308640,0.00513331
2019,16,0.00209846,0.00223186
2019,17,0.00097116,0.00075082
2019,18,0.00110504,0.00072760
2019,19,0.00162003,0.00213787
2019,20,0.00277486,0.01079976
2019,21,0.00164456,0.00247692
2019,22,0.00213113,0.00516486
2019,23,0.00214299,0.00114281
2019,24,0.00179809,0.00017913
2019,25,0.00080604,0.00147465
2019,26,0.00421992,0.00230451
2019,27,0.04975390,0.01600505
2019,28,0.00226657,0.00193498
2019,29,0.00987658,0.00595779
2019,30,0.02125813,0.01763683
2019,31,0.00111478,0.00102992
2019,32,0.00200445,0.00301470
2019,33,0.00392460,0.00540632
2019,34,0.00128315,0.00156452
2019,35,0.00069320,0.00029850
2019,36,0.00004801,0.00011976
2019,37,0.00020565,0.00009590
2019,38,0.00549764,0.00545024
2019,39,0.01283099,0.01251644
2019,40,0.00645326,0.00641225
2019,41,0.00054131,0.00068570
2019,42,0.00228487,0.00201206
2019,43,0.00003058,0.00008535
2019,44,0.00165624,0.00178617
2019,45,0.00020651,0.00037854
2019,46,0.00007317,0.00002334
2019,47,0.00082362,0.00073765
2019,48,0.00440249,0.00457036
2019,49,0.00069517,0.00085693
2019,50,0.00025304,0.00030838
2019,51,0.00017130,0.00022231
2019,52,0.00042649,0.00058703
2019,53,0.00011175,0.00006108
2019,54,0.00080321,0.00064404
2019,55,0.00079310,0.00073823
2019,56,0.00050591,0.00054055
2019,57,0.00023905,0.00009710
2019,58,0.00015065,0.00018800
2019,59,0.00036896,0.00038549
2019,60,0.00051896,0.00079357
2019,61,0.00918717,0.00366801
2019,62,0.01120215,0.00514401
2019,63,0.00142918,0.00060433
2019,64,0.00399878,0.00278828
2019,65,0.00026516,0.00010133
2019,66,0.00008106,0.00002602
2019,67,0.00009992,0.00001514
2019,68,0.00086391,0.00220310
2019,69,0.00070486,0.00370895
2019,70,0.00285639,0.00857984
2019,71,0.00258368,0.00430605
2019,72,0.00978889,0.00811603
2019,73,0.00489564,0.00742555
2019,74,0.00216835,0.00319460
2019,75,0.00044696,0.00006742
2019,76,0.00430269,0.00404107
2019,78,0.00034318,0.00006324
2019,79,0.00009936,0.00176684
2019,80,0.00280490,0.00786726
2019,81,0.00095500,0.00241856
2019,82,0.00117655,0.00081551
2019,83,0.00172954,0.00162455
2019,84,0.03689180,0.02504009
2019,85,0.03016690,0.01815935
2019,86,0.00040781,0.00277695
2019,87,0.04474482,0.05550940
2019,88,0.00498074,0.00599024
2019,89,0.00135139,0.00087517
2019,90,0.01020819,0.00446009
2019,91,0.00084614,0.00044392
2019,92,0.00014742,0.00005921
2019,93,0.00013741,0.00041752
2019,94,0.00477372,0.00373911
2019,95,0.00320702,0.00138390
2019,96,0.00071598,0.00051400
2019,97,0.00008830,0.00065796
2020,10,0.00357960,0.00154476
2020,11,0.00028566,0.00034337
2020,12,0.00237325,0.00092612
2020,13,0.00024730,0.00055109
2020,14,0.00003764,0.00001940
2020,15,0.00370354,0.00489070
2020,16,0.00187155,0.00245805
2020,17,0.00080922,0.00074217
2020,18,0.00114825,0.00074486
2020,19,0.00154189,0.00225958
2020,20,0.00252305,0.01232101
2020,21,0.00158138,0.00269266
2020,22,0.00176700,0.00500476
2020,23,0.00226859,0.00126707
2020,24,0.00167211,0.00017802
2020,25,0.00071357,0.00138789
2020,26,0.00381531,0.00181323
2020,27,0.03011135,0.01052149
2020,28,0.00216762,0.00166115
2020,29,0.00978759,0.00574568
2020,30,0.02218111,0.02005062
2020,31,0.00109369,0.00095953
2020,32,0.00183822,0.00285114
2020,33,0.00335463,0.00497951
2020,34,0.00131290,0.00172473
2020,35,0.00070201,0.00033492
2020,36,0.00003449,0.00010197
2020,37,0.00014317,0.00008049
2020,38,0.00566185,0.00536777
2020,39,0.01209173,0.01185792
2020,40,0.00609606,0.00589697
2020,41,0.00038012,0.00052889
2020,42,0.00156587,0.00179769
2020,43,0.00001812,0.00006208
2020,44,0.00146560,0.00175406
2020,45,0.00016442,0.00032790
2020,46,0.00006604,0.00003160
2020,47,0.00078911,0.00064029
2020,48,0.00396395,0.00426801
2020,49,0.00055956,0.00068713
2020,50,0.00022137,0.00028740
2020,51,0.00015345,0.00022673
2020,52,0.00034640,0.00044009
2020,53,0.00009577,0.00004139
2020,54,0.00064351,0.00052128
2020,55,0.00062681,0.00057330
2020,56,0.00053443,0.00053709
2020,57,0.00020458,0.00009386
2020,58,0.00011878,0.00015110
2020,59,0.00032145,0.00035571
2020,60,0.00043628,0.00074749
2020,61,0.00778811,0.00397046
2020,62,0.00907139,0.00495325
2020,63,0.00358180,0.00069265
2020,64,0.00320019,0.00254646
2020,65,0.00023562,0.00012959
2020,66,0.00007185,0.00002753
2020,67,0.00007204,0.00001520
2020,68,0.00072663,0.00189962
2020,69,0.00061051,0.00364697
2020,70,0.00264003,0.00906577
2020,71,0.00244586,0.00374539
2020,72,0.00788992,0.00663188
2020,73,0.00424266,0.00682888
2020,74,0.00191433,0.00330619
2020,75,0.00036003,0.00005556
2020,76,0.00424724,0.00371321
2020,78,0.00026602,0.00003999
2020,79,0.00009579,0.00125756
2020,80,0.00294177,0.00870660
2020,81,0.00099952,0.00251834
2020,82,0.00101730,0.00081940
2020,83,0.00149605,0.00161369
2020,84,0.03234401,0.02271669
2020,85,0.02992461,0.01785876
2020,86,0.00043470,0.00175082
2020,87,0.03417302,0.04983944
2020,88,0.00361648,0.00483021
2020,89,0.00177007,0.00117052
2020,90,0.01034906,0.00428768
2020,91,0.00063025,0.00043546
2020,92,0.00015174,0.00007099
2020,93,0.00015884,0.00042185
2020,94,0.00417936,0.00332315
2020,95,0.00294039,0.00193673
2020,96,0.00065653,0.00050455
2020,97,0.00009749,0.00063459
2021,10,0.00445736,0.00136469
2021,11,0.00032577,0.00037939
2021,12,0.00330863,0.00113043
2021,13,0.00027857,0.00070195
2021,14,0.00006233,0.00002587
2021,15,0.00516661,0.00644148
2021,16,0.00240586,0.00276241
2021,17,0.00097542,0.00086830
2021,18,0.00139162,0.00088225
2021,19,0.00174765,0.00247184
2021,20,0.00291368,0.01338298
2021,21,0.00183383,0.00315054
2021,22,0.00215098,0.00593929
2021,23,0.00287356,0.00154339
2021,24,0.00177982,0.00022419
2021,25,0.00101540,0.00175335
2021,26,0.00573912,0.00220445
2021,27,0.05534918,0.01844315
2021,28,0.00289636,0.00188647
2021,29,0.01228706,0.00731738
2021,30,0.03081266,0.02640544
2021,31,0.00150182,0.00123693
2021,32,0.00225633,0.00353299
2021,33,0.00392674,0.00601863
2021,34,0.00144329,0.00199789
2021,35,0.00087151,0.00045548
2021,36,0.00004778,0.00012505
2021,37,0.00016995,0.00009074
2021,38,0.00712557,0.00731628
2021,39,0.01579338,0.01574264
2021,40,0.00737139,0.00702293
2021,41,0.00045439,0.00065879
2021,42,0.00175774,0.00227880
2021,43,0.00001950,0.00007802
2021,44,0.00198092,0.00214722
2021,45,0.00019597,0.00038139
2021,46,0.00011592,0.00004589
2021,47,0.00110937,0.00085237
2021,48,0.00471588,0.00518351
2021,49,0.00058782,0.00084122
2021,50,0.00025817,0.00033455
2021,51,0.00017999,0.00025306
2021,52,0.00047647,0.00058798
2021,53,0.00015943,0.00006725
2021,54,0.00086797,0.00065332
2021,55,0.00085969,0.00068827
2021,56,0.00060905,0.00064835
2021,57,0.00029565,0.00012321
2021,58,0.00014720,0.00017655
2021,59,0.00038564,0.00036710
2021,60,0.00059404,0.00092703
2021,61,0.00921347,0.00504608
2021,62,0.01033564,0.00625662
2021,63,0.00199711,0.00081445
2021,64,0.00378251,0.00293787
2021,65,0.00031960,0.00015820
2021,66,0.00010762,0.00004145
2021,67,0.00010643,0.00002043
2021,68,0.00091588,0.00250944
2021,69,0.00079147,0.00481226
2021,70,0.00316139,0.00970223
2021,71,0.00400206,0.00544895
2021,72,0.01287921,0.01064268
2021,73,0.00558380,0.00831119
2021,74,0.00285446,0.00456965
2021,75,0.00045223,0.00006058
2021,76,0.00566775,0.00538386
2021,78,0.00035100,0.00007307
2021,79,0.00019309,0.00164768
2021,80,0.00323684,0.00879289
2021,81,0.00118511,0.00278594
2021,82,0.00127519,0.00094351
2021,83,0.00191739,0.00187713
2021,84,0.03746584,0.02639549
2021,85,0.03553269,0.02075055
2021,86,0.00064392,0.00180433
2021,87,0.03464294,0.05366896
2021,88,0.00254626,0.00414772
2021,89,0.00103518,0.00173107
2021,90,0.01174830,0.00493926
2021,91,0.00080492,0.00051507
2021,92,0.00017400,0.00008510
2021,93,0.00025239,0.00059334
2021,94,0.00541886,0.00421228
2021,95,0.00410766,0.00225268
2021,96,0.00082704,0.00066217
2021,97,0.00013264,0.00046436
2022,10,0.00665230,0.00151617
2022,11,0.00039190,0.00045050
2022,12,0.00365756,0.00113489
2022,13,0.00033039,0.00087709
2022,14,0.00007486,0.00001983
2022,15,0.00666066,0.00802243
2022,16,0.00250282,0.00287166
2022,17,0.00123183,0.00096461
2022,18,0.00125481,0.00089543
2022,19,0.00184971,0.00280515
2022,20,0.00339270,0.01332760
2022,21,0.00189431,0.00340614
2022,22,0.00239650,0.00585329
2022,23,0.00314058,0.00165181
2022,24,0.00179557,0.00016899
2022,25,0.00116681,0.00190393
2022,26,0.00513085,0.00220776
2022,27,0.09378170,0.03186298
2022,28,0.00379749,0.00242133
2022,29,0.01334384,0.00810330
2022,30,0.03018070,0.03064542
2022,31,0.00205137,0.00207165
2022,32,0.00218351,0.00357253
2022,33,0.00436509,0.00663337
2022,34,0.00147372,0.00221608
2022,35,0.00095877,0.00059312
2022,36,0.00006668,0.00013924
2022,37,0.00016651,0.00007904
2022,38,0.00684542,0.00766534
2022,39,0.01788065,0.01698081
2022,40,0.00797495,0.00730886
2022,41,0.00053859,0.00069126
2022,42,0.00237760,0.00231855
2022,43,0.00003805,0.00007163
2022,44,0.00230064,0.00240506
2022,45,0.00021922,0.00042384
2022,46,0.00010748,0.00005518
2022,47,0.00125428,0.00082936
2022,48,0.00552857,0.00585913
2022,49,0.00056213,0.00081541
2022,50,0.00026514,0.00031737
2022,51,0.00022050,0.00028180
2022,52,0.00049034,0.00052286
2022,53,0.00015806,0.00006772
2022,54,0.00095367,0.00067230
2022,55,0.00095933,0.00069503
2022,56,0.00059672,0.00061546
2022,57,0.00027823,0.00012282
2022,58,0.00017489,0.00016519
2022,59,0.00040009,0.00036843
2022,60,0.00060238,0.00092429
2022,61,0.01098481,0.00506759
2022,62,0.01171126,0.00613293
2022,63,0.00176259,0.00078496
2022,64,0.00489039,0.00296089
2022,65,0.00039098,0.00016282
2022,66,0.00013554,0.00004238
2022,67,0.00011763,0.00002447
2022,68,0.00092808,0.00260159
2022,69,0.00086011,0.00535196
2022,70,0.00350214,0.00958499
2022,71,0.00457614,0.00596845
2022,72,0.01370873,0.01114213
2022,73,0.00628730,0.00915848
2022,74,0.00338077,0.00409352
2022,75,0.00053328,0.00007307
2022,76,0.00638961,0.00597211
2022,78,0.00029335,0.00009053
2022,79,0.00018381,0.00142107
2022,80,0.00302597,0.00815929
2022,81,0.00123919,0.00249404
2022,82,0.00131845,0.00088513
2022,83,0.00191724,0.00200465
2022,84,0.03944725,0.02690368
2022,85,0.04059781,0.02074851
2022,86,0.00096743,0.00140866
2022,87,0.04162794,0.05453397
2022,88,0.00488231,0.00448253
2022,89,0.00079101,0.00134338
2022,90,0.01232155,0.00457400
2022,91,0.00099650,0.00050317
2022,92,0.00016814,0.00006233
2022,93,0.00024717,0.00056922
2022,94,0.00543565,0.00403874
2022,95,0.00378802,0.00199457
2022,96,0.00092314,0.00071888
2022,97,0.00031842,0.00060793
2023,10,0.00693515,0.00159156
2023,11,0.00048477,0.00046658
2023,12,0.00333687,0.00084454
2023,13,0.00030814,0.00061393
2023,14,0.00005612,0.00001953
2023,15,0.00585317,0.00781575
2023,16,0.00256726,0.00317053
2023,17,0.00174377,0.00114269
2023,18,0.00150173,0.00103821
2023,19,0.00209308,0.00339610
2023,20,0.00383908,0.01419385
2023,21,0.00218710,0.00428100
2023,22,0.00278084,0.00637303
2023,23,0.00292776,0.00179566
2023,24,0.00203170,0.00026183
2023,25,0.00073393,0.00183424
2023,26,0.00465277,0.00174691
2023,27,0.06661010,0.02559270
2023,28,0.00289802,0.00201458
2023,29,0.01130078,0.00993467
2023,30,0.02832939,0.02813734
2023,31,0.00138091,0.00151908
2023,32,0.00208399,0.00324557
2023,33,0.00488137,0.00824535
2023,34,0.00145069,0.00230687
2023,35,0.00095044,0.00055699
2023,36,0.00009612,0.00014986
2023,37,0.00015599,0.00008395
2023,38,0.00586744,0.00663622
2023,39,0.01644589,0.01509663
2023,40,0.00819260,0.00809550
2023,41,0.00050814,0.00068664
2023,42,0.00238586,0.00228679
2023,43,0.00003110,0.00007060
2023,44,0.00205896,0.00229757
2023,45,0.00024574,0.00045832
2023,46,0.00009508,0.00006994
2023,47,0.00095761,0.00082126
2023,48,0.00489137,0.00520111
2023,49,0.00060670,0.00085098
2023,50,0.00021958,0.00027796
2023,51,0.00026187,0.00027725
2023,52,0.00042331,0.00044553
2023,53,0.00015341,0.00007633
2023,54,0.00074543,0.00062473
2023,55,0.00075059,0.00062673
2023,56,0.00058348,0.00059315
2023,57,0.00026295,0.00012553
2023,58,0.00016153,0.00017771
2023,59,0.00036842,0.00034916
2023,60,0.00057149,0.00090494
2023,61,0.01003279,0.00463579
2023,62,0.01106265,0.00580509
2023,63,0.00153133,0.00079232
2023,64,0.00504313,0.00299471
2023,65,0.00037091,0.00016441
2023,66,0.00011389,0.00004107
2023,67,0.00009840,0.00002301
2023,68,0.00095310,0.00245555
2023,69,0.00074393,0.00438234
2023,70,0.00400077,0.01089964
2023,71,0.00470299,0.00650695
2023,72,0.01225151,0.00931227
2023,73,0.00615376,0.00954316
2023,74,0.00294659,0.00433172
2023,75,0.00055935,0.00010366
2023,76,0.00520573,0.00545874
2023,78,0.00032971,0.00010457
2023,79,0.00015489,0.00139392
2023,80,0.00333974,0.00871304
2023,81,0.00131258,0.00255296
2023,82,0.00133704,0.00086091
2023,83,0.00193917,0.00205691
2023,84,0.04159239,0.02824598
2023,85,0.04209695,0.02224413
2023,86,0.00093443,0.00207201
2023,87,0.04887980,0.06853728
2023,88,0.00432794,0.00357153
2023,89,0.00171589,0.00134779
2023,90,0.01350236,0.00483193
2023,91,0.00107182,0.00052554
2023,92,0.00014592,0.00005963
2023,93,0.00026538,0.00081408
2023,94,0.00511807,0.00425520
2023,95,0.00372448,0.00199483
2023,96,0.00091071,0.00073688
2023,97,0.00014372,0.00061277
