year,product_chapter,importer,value_trln_USD
2000,10,COM,0.00000000
2000,13,GBR,0.00000000
2000,16,COM,0.00000001
2000,17,COM,0.00000000
2000,19,COM,0.00000000
2000,20,FRA,0.00000003
2000,21,COM,0.00000001
2000,21,FRA,0.00000000
2000,22,COM,0.00000000
2000,23,FRA,0.00000000
2000,25,COM,0.00000000
2000,25,MKD,0.00000000
2000,25,FRA,0.00000000
2000,26,ITA,0.00000152
2000,27,FRA,0.00000001
2000,27,COM,0.00000000
2000,28,COM,0.00000001
2000,30,PHL,0.00000002
2000,30,FRA,0.00000000
2000,32,COM,0.00000000
2000,32,FRA,0.00000000
2000,32,MDG,0.00000000
2000,33,FRA,0.00000118
2000,33,SGP,0.00000001
2000,34,COM,0.00000001
2000,34,FRA,0.00000000
2000,35,FRA,0.00000000
2000,36,COM,0.00000000
2000,37,KOR,0.00000002
2000,38,COM,0.00000000
2000,38,FRA,0.00000000
2000,39,COM,0.00000001
2000,39,KEN,0.00000000
2000,39,FRA,0.00000000
2000,39,ZAF,0.00000000
2000,40,COM,0.00000001
2000,40,FRA,0.00000000
2000,40,MDG,0.00000000
2000,44,FRA,0.00000000
2000,44,COM,0.00000000
2000,48,FRA,0.00000001
2000,49,FRA,0.00000000
2000,57,COM,0.00000000
2000,61,FRA,0.00000001
2000,61,COM,0.00000000
2000,61,FIN,0.00000000
2000,62,FRA,0.00000001
2000,62,COM,0.00000001
2000,62,CZE,0.00000000
2000,63,MDG,0.00000000
2000,63,COM,0.00000000
2000,65,FRA,0.00000000
2000,69,COM,0.00000001
2000,69,MKD,0.00000000
2000,70,COM,0.00000001
2000,70,FRA,0.00000000
2000,72,COM,0.00000002
2000,73,MUS,0.00000005
2000,73,COM,0.00000003
2000,73,FRA,0.00000002
2000,73,ZAF,0.00000000
2000,73,MDG,0.00000000
2000,74,COM,0.00000000
2000,74,FRA,0.00000000
2000,76,COM,0.00000001
2000,76,FRA,0.00000000
2000,80,COM,0.00000000
2000,82,MDG,0.00000001
2000,82,FRA,0.00000001
2000,84,FRA,0.00000006
2000,84,COM,0.00000005
2000,84,GBR,0.00000004
2000,84,MDG,0.00000002
2000,84,DEU,0.00000001
2000,84,Other,0.00000000
2000,85,GBR,0.00000102
2000,85,FRA,0.00000015
2000,85,COM,0.00000000
2000,85,SVN,0.00000000
2000,85,MDG,0.00000000
2000,86,FRA,0.00000009
2000,87,FRA,0.00000023
2000,87,COM,0.00000022
2000,87,MDG,0.00000010
2000,89,FRA,0.00000003
2000,89,MDG,0.00000003
2000,90,FRA,0.00000021
2000,90,DEU,0.00000004
2000,90,CHE,0.00000001
2000,90,TZA,0.00000000
2000,90,ZAF,0.00000000
2000,90,Other,0.00000000
2000,93,FRA,0.00000000
2000,93,COM,0.00000000
2000,94,FRA,0.00000001
2000,94,COM,0.00000000
2000,95,MDG,0.00000000
2000,96,FRA,0.00000001
2000,96,COM,0.00000000
2001,10,USA,0.00000001
2001,10,COM,0.00000000
2001,10,FRA,0.00000000
2001,11,COM,0.00000000
2001,12,COM,0.00000001
2001,12,DEU,0.00000000
2001,15,FRA,0.00000001
2001,15,COM,0.00000000
2001,16,COM,0.00000001
2001,16,FRA,0.00000000
2001,17,COM,0.00000000
2001,18,COM,0.00000000
2001,19,COM,0.00000001
2001,19,FRA,0.00000000
2001,20,FRA,0.00000005
2001,20,COM,0.00000002
2001,21,COM,0.00000006
2001,21,FRA,0.00000000
2001,22,COM,0.00000001
2001,23,COM,0.00000000
2001,23,FRA,0.00000000
2001,24,COM,0.00000000
2001,25,COM,0.00000000
2001,25,FRA,0.00000000
2001,27,COM,0.00000001
2001,27,FRA,0.00000001
2001,28,COM,0.00000001
2001,28,ZAF,0.00000000
2001,28,FRA,0.00000000
2001,29,COM,0.00000000
2001,30,FRA,0.00000016
2001,30,COM,0.00000000
2001,30,MUS,0.00000000
2001,30,TZA,0.00000000
2001,32,COM,0.00000000
2001,32,ESP,0.00000000
2001,32,FRA,0.00000000
2001,33,FRA,0.00000077
2001,33,COM,0.00000001
2001,33,DEU,0.00000000
2001,34,COM,0.00000001
2001,34,VNM,0.00000000
2001,34,FRA,0.00000000
2001,34,MDG,0.00000000
2001,35,COM,0.00000000
2001,38,COM,0.00000000
2001,39,COM,0.00000002
2001,39,FRA,0.00000001
2001,40,COM,0.00000001
2001,40,SCG,0.00000000
2001,40,USA,0.00000000
2001,40,FRA,0.00000000
2001,40,MDG,0.00000000
2001,42,COM,0.00000000
2001,42,MUS,0.00000000
2001,44,COM,0.00000001
2001,44,FRA,0.00000000
2001,48,GBR,0.00000002
2001,48,FRA,0.00000001
2001,48,COM,0.00000000
2001,49,COM,0.00000089
2001,49,MDA,0.00000000
2001,49,FRA,0.00000000
2001,50,FRA,0.00000000
2001,52,COM,0.00000000
2001,52,FRA,0.00000000
2001,54,GBR,0.00000000
2001,56,COM,0.00000000
2001,57,COM,0.00000000
2001,58,COM,0.00000000
2001,61,ROU,0.00000000
2001,61,MUS,0.00000000
2001,61,COM,0.00000000
2001,61,ESP,0.00000000
2001,61,FRA,0.00000000
2001,62,FRA,0.00000001
2001,62,COM,0.00000000
2001,62,MUS,0.00000000
2001,63,COM,0.00000001
2001,63,MDG,0.00000001
2001,63,FRA,0.00000001
2001,63,DEU,0.00000001
2001,64,FRA,0.00000000
2001,64,COM,0.00000000
2001,65,COM,0.00000000
2001,65,MUS,0.00000000
2001,67,COM,0.00000000
2001,68,COM,0.00000000
2001,68,MDG,0.00000000
2001,69,ITA,0.00000002
2001,69,COM,0.00000001
2001,69,FRA,0.00000000
2001,69,GBR,0.00000000
2001,69,MDG,0.00000000
2001,70,COM,0.00000000
2001,70,MDG,0.00000000
2001,71,FRA,0.00000000
2001,72,COM,0.00000001
2001,73,COM,0.00000004
2001,73,FRA,0.00000004
2001,73,ZAF,0.00000000
2001,73,MDG,0.00000000
2001,74,COM,0.00000000
2001,76,COM,0.00000000
2001,80,NLD,0.00000001
2001,80,COM,0.00000000
2001,81,COM,0.00000000
2001,82,FRA,0.00000002
2001,82,COM,0.00000000
2001,83,COM,0.00000002
2001,84,FRA,0.00000017
2001,84,COM,0.00000008
2001,84,MUS,0.00000005
2001,84,MDG,0.00000003
2001,84,DEU,0.00000001
2001,84,Other,0.00000000
2001,85,GBR,0.00000045
2001,85,FRA,0.00000025
2001,85,COM,0.00000005
2001,85,MDG,0.00000000
2001,85,MUS,0.00000000
2001,85,Other,0.00000000
2001,86,FRA,0.00000017
2001,87,FRA,0.00000028
2001,87,COM,0.00000027
2001,87,MDG,0.00000011
2001,87,DEU,0.00000000
2001,87,TUR,0.00000000
2001,87,Other,0.00000000
2001,88,COM,0.00000000
2001,89,MUS,0.00000001
2001,89,COM,0.00000000
2001,89,MDG,0.00000000
2001,90,FRA,0.00000024
2001,90,GBR,0.00000001
2001,90,TZA,0.00000001
2001,90,COM,0.00000000
2001,91,COM,0.00000000
2001,92,COM,0.00000000
2001,93,FRA,0.00000012
2001,93,MDG,0.00000000
2001,94,COM,0.00000002
2001,94,FRA,0.00000001
2001,95,FRA,0.00000002
2001,95,COM,0.00000000
2001,96,COM,0.00000001
2001,96,MDG,0.00000000
2002,10,FRA,0.00000002
2002,10,COM,0.00000000
2002,11,COM,0.00000003
2002,12,ESP,0.00000000
2002,16,FRA,0.00000004
2002,17,COM,0.00000002
2002,18,SCG,0.00000000
2002,19,COM,0.00000000
2002,20,SCG,0.00000001
2002,20,FRA,0.00000001
2002,20,COM,0.00000000
2002,21,COM,0.00000004
2002,22,IRL,0.00000002
2002,22,COM,0.00000001
2002,22,FRA,0.00000000
2002,23,COM,0.00000000
2002,24,FRA,0.00000002
2002,24,COM,0.00000000
2002,25,COM,0.00000000
2002,25,FRA,0.00000000
2002,27,COM,0.00000008
2002,27,SLE,0.00000003
2002,27,FRA,0.00000001
2002,27,NZL,0.00000000
2002,28,COM,0.00000005
2002,28,FRA,0.00000000
2002,29,COM,0.00000000
2002,30,FRA,0.00000075
2002,30,ITA,0.00000055
2002,30,HKG,0.00000001
2002,30,COM,0.00000001
2002,30,MUS,0.00000001
2002,30,Other,0.00000000
2002,32,GTM,0.00000002
2002,32,COM,0.00000001
2002,32,MDG,0.00000000
2002,33,FRA,0.00000067
2002,33,COM,0.00000000
2002,34,FRA,0.00000000
2002,34,COM,0.00000000
2002,37,FRA,0.00000000
2002,37,COM,0.00000000
2002,38,COM,0.00000000
2002,38,FRA,0.00000000
2002,38,MDG,0.00000000
2002,39,COM,0.00000002
2002,39,FRA,0.00000002
2002,39,VNM,0.00000000
2002,40,COM,0.00000001
2002,40,USA,0.00000000
2002,40,FRA,0.00000000
2002,42,COM,0.00000000
2002,42,FRA,0.00000000
2002,44,COM,0.00000003
2002,44,FRA,0.00000000
2002,48,COM,0.00000003
2002,48,FRA,0.00000000
2002,49,FRA,0.00000114
2002,49,COM,0.00000001
2002,49,RUS,0.00000000
2002,52,COM,0.00000001
2002,55,MDG,0.00000001
2002,57,COM,0.00000000
2002,57,FRA,0.00000000
2002,58,COM,0.00000000
2002,59,GRC,0.00000000
2002,61,ROU,0.00000001
2002,61,COM,0.00000001
2002,61,DEU,0.00000001
2002,61,MDG,0.00000000
2002,61,FRA,0.00000000
2002,61,Other,0.00000000
2002,62,FRA,0.00000001
2002,62,COM,0.00000001
2002,62,MDG,0.00000000
2002,63,COM,0.00000000
2002,63,MDG,0.00000000
2002,64,FRA,0.00000000
2002,64,COM,0.00000000
2002,65,COM,0.00000000
2002,68,COM,0.00000000
2002,69,COM,0.00000001
2002,69,DEU,0.00000001
2002,69,MDG,0.00000000
2002,69,SVN,0.00000000
2002,70,FRA,0.00000002
2002,70,COM,0.00000000
2002,70,MDG,0.00000000
2002,71,FRA,0.00000001
2002,72,COM,0.00000005
2002,73,MUS,0.00000002
2002,73,COM,0.00000001
2002,73,FRA,0.00000001
2002,73,ZAF,0.00000001
2002,73,HRV,0.00000000
2002,73,Other,0.00000000
2002,74,COM,0.00000000
2002,76,COM,0.00000000
2002,76,FRA,0.00000000
2002,76,MDG,0.00000000
2002,81,HRV,0.00000000
2002,82,MDG,0.00000000
2002,82,FRA,0.00000000
2002,82,COM,0.00000000
2002,83,COM,0.00000000
2002,84,FRA,0.00000037
2002,84,COM,0.00000032
2002,84,MUS,0.00000011
2002,84,DEU,0.00000009
2002,84,ITA,0.00000003
2002,84,Other,0.00000003
2002,85,FRA,0.00000048
2002,85,DEU,0.00000016
2002,85,COM,0.00000007
2002,85,GRC,0.00000002
2002,85,ROU,0.00000001
2002,85,Other,0.00000001
2002,86,FRA,0.00000014
2002,86,COM,0.00000005
2002,87,COM,0.00000076
2002,87,FRA,0.00000038
2002,87,MDG,0.00000003
2002,87,GRC,0.00000002
2002,87,NZL,0.00000000
2002,87,Other,0.00000000
2002,88,FRA,0.00000005
2002,89,FRA,0.00002635
2002,89,MDG,0.00000010
2002,89,MOZ,0.00000010
2002,89,COM,0.00000005
2002,90,FRA,0.00000035
2002,90,DEU,0.00000002
2002,90,COM,0.00000001
2002,90,TZA,0.00000000
2002,90,BEL,0.00000000
2002,90,Other,0.00000000
2002,92,COM,0.00000000
2002,93,COM,0.00000000
2002,93,FRA,0.00000000
2002,94,COM,0.00000003
2002,94,FRA,0.00000003
2002,94,MDG,0.00000000
2002,95,FRA,0.00000001
2002,95,ESP,0.00000000
2002,96,COM,0.00000000
2002,97,COM,0.00000000
2003,10,FRA,0.00000001
2003,10,COM,0.00000000
2003,10,MDG,0.00000000
2003,11,COM,0.00000000
2003,11,MDG,0.00000000
2003,12,DEU,0.00000001
2003,12,ESP,0.00000000
2003,15,MDG,0.00000000
2003,15,GMB,0.00000000
2003,15,ARE,0.00000000
2003,17,COM,0.00000000
2003,17,MDG,0.00000000
2003,18,FRA,0.00000000
2003,19,FRA,0.00000001
2003,19,COM,0.00000000
2003,19,ARE,0.00000000
2003,20,COM,0.00000001
2003,20,FRA,0.00000001
2003,20,ARE,0.00000000
2003,20,MDG,0.00000000
2003,21,COM,0.00000002
2003,21,FRA,0.00000000
2003,22,COM,0.00000002
2003,22,BEL,0.00000000
2003,22,FRA,0.00000000
2003,23,COM,0.00000000
2003,25,COM,0.00000000
2003,27,FRA,0.00000001
2003,27,COM,0.00000001
2003,27,NOR,0.00000000
2003,28,COM,0.00000004
2003,28,FRA,0.00000000
2003,30,FRA,0.00000098
2003,30,ITA,0.00000077
2003,30,HKG,0.00000003
2003,30,MUS,0.00000002
2003,30,SGP,0.00000002
2003,30,Other,0.00000000
2003,32,COM,0.00000003
2003,33,FRA,0.00000060
2003,33,MDG,0.00000003
2003,33,COM,0.00000000
2003,33,ARE,0.00000000
2003,34,COM,0.00000000
2003,34,MDG,0.00000000
2003,34,GMB,0.00000000
2003,36,COM,0.00000000
2003,37,DEU,0.00000001
2003,38,FRA,0.00000000
2003,38,COM,0.00000000
2003,39,FRA,0.00000005
2003,39,COM,0.00000003
2003,39,MDG,0.00000000
2003,39,ARE,0.00000000
2003,40,COM,0.00000003
2003,40,FRA,0.00000000
2003,40,MDG,0.00000000
2003,42,COM,0.00000001
2003,42,ARE,0.00000000
2003,44,COM,0.00000001
2003,44,FRA,0.00000001
2003,46,COM,0.00000000
2003,46,ARE,0.00000000
2003,46,MDG,0.00000000
2003,48,COM,0.00000000
2003,48,FRA,0.00000000
2003,48,ARE,0.00000000
2003,49,COM,0.00000002
2003,49,FRA,0.00000001
2003,52,BEL,0.00000004
2003,52,COM,0.00000001
2003,52,MDG,0.00000000
2003,54,ARE,0.00000000
2003,55,ARE,0.00000000
2003,57,COM,0.00000000
2003,58,COM,0.00000000
2003,61,FRA,0.00000000
2003,61,ARE,0.00000000
2003,61,ZAF,0.00000000
2003,62,COM,0.00000002
2003,62,GRC,0.00000001
2003,62,ARE,0.00000000
2003,62,FRA,0.00000000
2003,63,MDG,0.00000001
2003,63,COD,0.00000001
2003,63,FRA,0.00000001
2003,63,COM,0.00000000
2003,63,ARE,0.00000000
2003,63,Other,0.00000000
2003,64,COM,0.00000001
2003,64,FRA,0.00000000
2003,64,ARE,0.00000000
2003,65,ARE,0.00000000
2003,69,MDG,0.00000001
2003,69,COM,0.00000001
2003,69,FRA,0.00000000
2003,70,MDG,0.00000000
2003,70,COM,0.00000000
2003,70,ARE,0.00000000
2003,71,FRA,0.00000000
2003,71,COM,0.00000000
2003,72,FRA,0.00000003
2003,72,COM,0.00000001
2003,72,MUS,0.00000000
2003,72,MDG,0.00000000
2003,73,COM,0.00000003
2003,73,FRA,0.00000001
2003,73,ZAF,0.00000000
2003,73,MDG,0.00000000
2003,73,ARE,0.00000000
2003,74,COM,0.00000000
2003,76,COM,0.00000006
2003,76,VNM,0.00000003
2003,76,MDG,0.00000000
2003,76,ARE,0.00000000
2003,80,COM,0.00000000
2003,80,ESP,0.00000000
2003,80,TUR,0.00000000
2003,81,TUR,0.00000000
2003,82,FRA,0.00000001
2003,82,COM,0.00000000
2003,82,MDG,0.00000000
2003,82,ARE,0.00000000
2003,83,COM,0.00000001
2003,83,HRV,0.00000000
2003,84,FRA,0.00000030
2003,84,COM,0.00000029
2003,84,MDG,0.00000006
2003,84,ZAF,0.00000000
2003,84,ARE,0.00000000
2003,84,Other,0.00000000
2003,85,FRA,0.00000028
2003,85,COM,0.00000007
2003,85,NLD,0.00000002
2003,85,MDG,0.00000001
2003,85,DEU,0.00000001
2003,85,Other,0.00000000
2003,86,FRA,0.00000028
2003,87,COM,0.00000087
2003,87,FRA,0.00000063
2003,87,MDG,0.00000008
2003,87,CMR,0.00000000
2003,87,PRT,0.00000000
2003,87,Other,0.00000000
2003,88,FRA,0.00000000
2003,89,FRA,0.00000012
2003,89,MDG,0.00000000
2003,89,COM,0.00000000
2003,90,FRA,0.00000038
2003,90,COM,0.00000001
2003,90,TZA,0.00000000
2003,92,COM,0.00000000
2003,93,FRA,0.00000001
2003,94,COM,0.00000003
2003,94,FRA,0.00000002
2003,94,ARE,0.00000000
2003,95,ARE,0.00000000
2003,96,ARE,0.00000000
2003,96,COM,0.00000000
2004,10,MDG,0.00000000
2004,10,COM,0.00000000
2004,11,COM,0.00000006
2004,11,FRA,0.00000001
2004,11,MDG,0.00000000
2004,12,COM,0.00000000
2004,16,COM,0.00000000
2004,17,COM,0.00000000
2004,18,COM,0.00000000
2004,19,MDG,0.00000000
2004,19,COM,0.00000000
2004,19,FRA,0.00000000
2004,20,COM,0.00000002
2004,20,FRA,0.00000000
2004,21,FRA,0.00000001
2004,21,COM,0.00000001
2004,22,FRA,0.00000003
2004,22,COM,0.00000001
2004,22,MDG,0.00000000
2004,23,COM,0.00000002
2004,23,FRA,0.00000000
2004,25,COM,0.00000001
2004,25,SCG,0.00000001
2004,25,NAM,0.00000001
2004,25,FRA,0.00000000
2004,27,MUS,0.00000002
2004,27,FRA,0.00000002
2004,27,COM,0.00000000
2004,27,DEU,0.00000000
2004,28,COM,0.00000005
2004,28,FRA,0.00000001
2004,28,ZAF,0.00000000
2004,30,FRA,0.00000074
2004,30,COM,0.00000004
2004,30,HKG,0.00000003
2004,30,MUS,0.00000002
2004,30,SGP,0.00000002
2004,30,Other,0.00000001
2004,32,CZE,0.00000000
2004,32,COM,0.00000000
2004,32,MDG,0.00000000
2004,33,FRA,0.00000137
2004,33,COM,0.00000004
2004,33,URY,0.00000000
2004,34,IDN,0.00000002
2004,34,FRA,0.00000001
2004,34,COM,0.00000000
2004,37,FRA,0.00000002
2004,37,JPN,0.00000001
2004,38,FRA,0.00000000
2004,39,FRA,0.00000010
2004,39,COM,0.00000001
2004,39,MDG,0.00000000
2004,39,THA,0.00000000
2004,39,MUS,0.00000000
2004,40,COM,0.00000001
2004,40,FRA,0.00000000
2004,42,GRC,0.00000000
2004,44,COM,0.00000000
2004,44,DEU,0.00000000
2004,44,FRA,0.00000000
2004,44,MDG,0.00000000
2004,46,MDG,0.00000000
2004,48,COM,0.00000002
2004,48,FRA,0.00000000
2004,48,MDG,0.00000000
2004,48,ZAF,0.00000000
2004,49,FRA,0.00000005
2004,49,COM,0.00000001
2004,49,ESP,0.00000000
2004,50,FRA,0.00000000
2004,51,ESP,0.00000000
2004,52,FRA,0.00000000
2004,52,SVN,0.00000000
2004,54,COM,0.00000003
2004,54,DEU,0.00000001
2004,54,SVN,0.00000000
2004,55,POL,0.00000003
2004,55,COM,0.00000000
2004,56,MDG,0.00000000
2004,56,FRA,0.00000000
2004,58,MDG,0.00000000
2004,60,DEU,0.00000001
2004,60,THA,0.00000000
2004,61,ROU,0.00000008
2004,61,COM,0.00000000
2004,61,POL,0.00000000
2004,61,ZAF,0.00000000
2004,62,ROU,0.00000001
2004,62,FRA,0.00000001
2004,62,POL,0.00000000
2004,62,COM,0.00000000
2004,63,MDG,0.00000001
2004,63,COM,0.00000000
2004,64,MDG,0.00000000
2004,64,FRA,0.00000000
2004,64,COM,0.00000000
2004,68,COM,0.00000000
2004,69,COM,0.00000000
2004,69,MDG,0.00000000
2004,69,DEU,0.00000000
2004,69,HRV,0.00000000
2004,70,PHL,0.00000001
2004,70,COM,0.00000000
2004,70,MDG,0.00000000
2004,71,CHE,0.00000004
2004,71,FRA,0.00000000
2004,71,COM,0.00000000
2004,72,COM,0.00000001
2004,73,FRA,0.00000010
2004,73,COM,0.00000001
2004,73,MDG,0.00000000
2004,73,BIH,0.00000000
2004,74,MDG,0.00000000
2004,76,SGP,0.00000002
2004,76,FRA,0.00000000
2004,76,COM,0.00000000
2004,80,COM,0.00000000
2004,81,HRV,0.00000000
2004,81,DNK,0.00000000
2004,82,FRA,0.00000002
2004,82,COM,0.00000000
2004,82,MDG,0.00000000
2004,82,HRV,0.00000000
2004,83,FRA,0.00000008
2004,83,MDG,0.00000007
2004,83,COM,0.00000000
2004,83,HRV,0.00000000
2004,84,FRA,0.00000073
2004,84,COM,0.00000011
2004,84,MDG,0.00000003
2004,84,CHN,0.00000003
2004,84,USA,0.00000001
2004,84,Other,0.00000001
2004,85,FRA,0.00000055
2004,85,THA,0.00000049
2004,85,COM,0.00000005
2004,85,BEL,0.00000003
2004,85,DEU,0.00000001
2004,85,Other,0.00000000
2004,86,FRA,0.00000003
2004,87,COM,0.00000068
2004,87,FRA,0.00000045
2004,87,MDG,0.00000010
2004,87,RUS,0.00000003
2004,87,MNP,0.00000001
2004,87,Other,0.00000004
2004,88,FRA,0.00000001
2004,89,FRA,0.00000009
2004,89,ZAF,0.00000001
2004,89,MDG,0.00000001
2004,90,FRA,0.00000020
2004,90,COM,0.00000001
2004,90,CHN,0.00000001
2004,90,MDG,0.00000000
2004,91,FRA,0.00000000
2004,92,COM,0.00000000
2004,92,FRA,0.00000000
2004,93,FRA,0.00000001
2004,94,MDG,0.00000009
2004,94,CZE,0.00000004
2004,94,COM,0.00000001
2004,94,FRA,0.00000000
2004,94,DNK,0.00000000
2004,95,COM,0.00000000
2004,95,FRA,0.00000000
2004,96,IND,0.00000000
2005,10,COM,0.00000000
2005,11,COM,0.00000000
2005,12,GBR,0.00000000
2005,12,COM,0.00000000
2005,15,COM,0.00000000
2005,16,FRA,0.00000003
2005,16,COM,0.00000000
2005,17,COM,0.00000002
2005,19,RUS,0.00000003
2005,19,COM,0.00000001
2005,19,DEU,0.00000000
2005,19,FRA,0.00000000
2005,20,COM,0.00000000
2005,21,COM,0.00000026
2005,21,FRA,0.00000000
2005,21,MDG,0.00000000
2005,22,FRA,0.00000000
2005,24,COM,0.00000020
2005,25,COM,0.00000000
2005,25,FRA,0.00000000
2005,27,FRA,0.00000003
2005,27,COM,0.00000001
2005,28,COM,0.00000005
2005,28,FRA,0.00000001
2005,28,ZAF,0.00000000
2005,30,FRA,0.00000086
2005,30,COM,0.00000013
2005,30,AGO,0.00000000
2005,30,MUS,0.00000000
2005,30,MDG,0.00000000
2005,32,COM,0.00000000
2005,32,DEU,0.00000000
2005,33,FRA,0.00000073
2005,33,BEL,0.00000017
2005,34,COM,0.00000001
2005,34,FRA,0.00000000
2005,36,COM,0.00000000
2005,36,FRA,0.00000000
2005,37,COM,0.00000000
2005,38,FRA,0.00000002
2005,38,COM,0.00000000
2005,38,ECU,0.00000000
2005,39,CZE,0.00000071
2005,39,COM,0.00000007
2005,39,FRA,0.00000001
2005,39,CMR,0.00000000
2005,39,MDG,0.00000000
2005,39,Other,0.00000000
2005,40,FRA,0.00000002
2005,40,COM,0.00000002
2005,40,ITA,0.00000000
2005,40,MDG,0.00000000
2005,42,COM,0.00000000
2005,42,FRA,0.00000000
2005,42,ROU,0.00000000
2005,44,FRA,0.00000001
2005,44,COM,0.00000000
2005,44,ITA,0.00000000
2005,48,COM,0.00000000
2005,48,MDG,0.00000000
2005,48,DEU,0.00000000
2005,48,CMR,0.00000000
2005,48,FRA,0.00000000
2005,48,Other,0.00000000
2005,49,COM,0.00000001
2005,49,MDG,0.00000000
2005,49,FRA,0.00000000
2005,50,FRA,0.00000000
2005,52,FRA,0.00000000
2005,52,COM,0.00000000
2005,55,COM,0.00000000
2005,58,GRC,0.00000000
2005,58,FRA,0.00000000
2005,59,FRA,0.00000005
2005,59,COM,0.00000000
2005,61,COM,0.00000000
2005,61,FRA,0.00000000
2005,61,ESP,0.00000000
2005,61,MDA,0.00000000
2005,62,FRA,0.00000000
2005,62,COM,0.00000000
2005,62,ROU,0.00000000
2005,63,FRA,0.00000001
2005,63,MDG,0.00000000
2005,63,COM,0.00000000
2005,64,DEU,0.00000000
2005,64,COM,0.00000000
2005,65,FRA,0.00000000
2005,65,MDG,0.00000000
2005,65,COM,0.00000000
2005,66,COM,0.00000000
2005,68,MAR,0.00000000
2005,69,DEU,0.00000002
2005,69,COM,0.00000001
2005,69,MDG,0.00000000
2005,70,COM,0.00000002
2005,70,DEU,0.00000001
2005,70,FRA,0.00000000
2005,70,GBR,0.00000000
2005,70,MDG,0.00000000
2005,71,FRA,0.00000001
2005,71,GBR,0.00000000
2005,71,COM,0.00000000
2005,72,DEU,0.00000001
2005,72,COM,0.00000001
2005,72,MDG,0.00000000
2005,72,GRC,0.00000000
2005,72,FRA,0.00000000
2005,73,FRA,0.00000015
2005,73,COM,0.00000003
2005,73,GRC,0.00000003
2005,73,MDG,0.00000001
2005,73,PAK,0.00000001
2005,73,Other,0.00000000
2005,74,COM,0.00000000
2005,76,COM,0.00000003
2005,76,FRA,0.00000002
2005,76,MDG,0.00000000
2005,80,CZE,0.00000000
2005,81,HRV,0.00000000
2005,82,THA,0.00000005
2005,82,FRA,0.00000003
2005,82,POL,0.00000001
2005,82,COM,0.00000000
2005,83,FRA,0.00000009
2005,83,MDG,0.00000000
2005,83,COM,0.00000000
2005,84,COM,0.00000064
2005,84,FRA,0.00000053
2005,84,MDG,0.00000005
2005,84,THA,0.00000003
2005,84,ITA,0.00000002
2005,84,Other,0.00000004
2005,85,FRA,0.00000048
2005,85,COM,0.00000017
2005,85,THA,0.00000012
2005,85,MUS,0.00000005
2005,85,MDG,0.00000003
2005,85,Other,0.00000004
2005,86,FRA,0.00000000
2005,86,COM,0.00000000
2005,87,FRA,0.00000072
2005,87,COM,0.00000029
2005,87,MDG,0.00000013
2005,87,DEU,0.00000001
2005,87,MRT,0.00000001
2005,87,Other,0.00000000
2005,88,FRA,0.00000019
2005,88,SWE,0.00000001
2005,89,FRA,0.00000010
2005,89,COM,0.00000000
2005,90,FRA,0.00000014
2005,90,NLD,0.00000000
2005,90,COM,0.00000000
2005,90,HRV,0.00000000
2005,91,FRA,0.00000000
2005,92,COM,0.00000001
2005,93,FRA,0.00000007
2005,94,COM,0.00000029
2005,94,FRA,0.00000025
2005,94,GRC,0.00000001
2005,94,ARE,0.00000000
2005,94,MDG,0.00000000
2005,95,COM,0.00000000
2005,96,FRA,0.00000002
2005,96,COM,0.00000001
2006,10,COM,0.00000000
2006,10,FRA,0.00000000
2006,11,COM,0.00000000
2006,12,COM,0.00000000
2006,14,FRA,0.00000000
2006,15,COM,0.00000000
2006,16,FRA,0.00000007
2006,16,MDG,0.00000001
2006,16,COM,0.00000000
2006,17,COM,0.00000000
2006,18,COM,0.00000000
2006,19,COM,0.00000000
2006,19,FRA,0.00000000
2006,20,AGO,0.00000005
2006,20,COM,0.00000000
2006,21,COM,0.00000003
2006,21,MDG,0.00000002
2006,21,FRA,0.00000002
2006,21,KEN,0.00000000
2006,22,FRA,0.00000003
2006,22,COM,0.00000001
2006,22,ZAF,0.00000000
2006,25,FRA,0.00000000
2006,25,COM,0.00000000
2006,27,FRA,0.00000003
2006,27,COM,0.00000001
2006,27,MDG,0.00000001
2006,27,DEU,0.00000000
2006,27,RUS,0.00000000
2006,28,COM,0.00000005
2006,28,FRA,0.00000002
2006,29,USA,0.00000001
2006,29,COM,0.00000000
2006,29,FRA,0.00000000
2006,30,FRA,0.00000121
2006,30,MUS,0.00000041
2006,30,COM,0.00000024
2006,30,POL,0.00000000
2006,32,COM,0.00000000
2006,32,MDG,0.00000000
2006,32,FRA,0.00000000
2006,33,FRA,0.00000065
2006,33,BEL,0.00000002
2006,33,COM,0.00000001
2006,34,FRA,0.00000000
2006,34,COM,0.00000000
2006,34,MDG,0.00000000
2006,35,COM,0.00000000
2006,38,THA,0.00000016
2006,38,USA,0.00000004
2006,38,COM,0.00000000
2006,38,FRA,0.00000000
2006,39,COM,0.00000008
2006,39,FRA,0.00000005
2006,39,MDG,0.00000000
2006,39,ROU,0.00000000
2006,40,COM,0.00000001
2006,40,BIH,0.00000001
2006,40,ROU,0.00000001
2006,40,HRV,0.00000000
2006,40,FRA,0.00000000
2006,42,COM,0.00000002
2006,42,POL,0.00000000
2006,44,FRA,0.00000001
2006,44,COM,0.00000000
2006,44,MDG,0.00000000
2006,46,COM,0.00000000
2006,48,COM,0.00000004
2006,48,FRA,0.00000000
2006,48,BEL,0.00000000
2006,48,MDG,0.00000000
2006,49,FRA,0.00000001
2006,49,MDG,0.00000000
2006,49,NZL,0.00000000
2006,52,FRA,0.00000000
2006,57,COM,0.00000000
2006,59,COM,0.00000000
2006,60,HRV,0.00000002
2006,61,KOR,0.00000002
2006,61,FRA,0.00000000
2006,61,FIN,0.00000000
2006,61,COM,0.00000000
2006,62,FRA,0.00000012
2006,62,MNE,0.00000002
2006,62,HRV,0.00000000
2006,62,COM,0.00000000
2006,62,MDG,0.00000000
2006,63,FRA,0.00000000
2006,63,COM,0.00000000
2006,63,MDG,0.00000000
2006,64,COM,0.00000001
2006,64,DEU,0.00000000
2006,65,COM,0.00000000
2006,65,KAZ,0.00000000
2006,68,COM,0.00000000
2006,68,FRA,0.00000000
2006,69,FRA,0.00000001
2006,69,COM,0.00000000
2006,69,MDG,0.00000000
2006,70,COM,0.00000002
2006,70,DEU,0.00000001
2006,70,FRA,0.00000000
2006,71,FRA,0.00000000
2006,71,EST,0.00000000
2006,72,IND,0.00000002
2006,72,POL,0.00000002
2006,72,COM,0.00000001
2006,72,AGO,0.00000000
2006,72,FRA,0.00000000
2006,73,FRA,0.00000011
2006,73,IND,0.00000006
2006,73,COM,0.00000003
2006,73,MUS,0.00000001
2006,73,RUS,0.00000000
2006,73,Other,0.00000000
2006,74,COM,0.00000000
2006,76,FRA,0.00000001
2006,76,COM,0.00000001
2006,76,MDG,0.00000000
2006,81,GBR,0.00000001
2006,82,FRA,0.00000041
2006,82,BEL,0.00000002
2006,82,COM,0.00000000
2006,83,FRA,0.00000000
2006,83,MDG,0.00000000
2006,84,FRA,0.00000051
2006,84,COM,0.00000024
2006,84,LUX,0.00000009
2006,84,NLD,0.00000003
2006,84,THA,0.00000002
2006,84,Other,0.00000003
2006,85,FRA,0.00000132
2006,85,COM,0.00000013
2006,85,THA,0.00000012
2006,85,GBR,0.00000000
2006,85,POL,0.00000000
2006,85,Other,0.00000000
2006,87,COM,0.00000057
2006,87,FRA,0.00000050
2006,87,MDG,0.00000006
2006,87,RUS,0.00000003
2006,87,ESP,0.00000002
2006,87,Other,0.00000002
2006,89,MDG,0.00000006
2006,89,FRA,0.00000001
2006,90,FRA,0.00000026
2006,90,COM,0.00000010
2006,90,NLD,0.00000000
2006,90,MUS,0.00000000
2006,90,DEU,0.00000000
2006,90,Other,0.00000000
2006,91,FRA,0.00000001
2006,93,FRA,0.00000006
2006,93,MDG,0.00000000
2006,94,COM,0.00000024
2006,94,FRA,0.00000009
2006,94,NZL,0.00000001
2006,94,HRV,0.00000000
2006,94,MDG,0.00000000
2006,95,FRA,0.00000000
2006,95,COM,0.00000000
2006,96,FRA,0.00000002
2006,96,MDG,0.00000000
2007,10,COM,0.00000002
2007,10,MDG,0.00000002
2007,10,FRA,0.00000000
2007,11,COM,0.00000000
2007,14,FRA,0.00000000
2007,16,FRA,0.00000008
2007,16,MDG,0.00000000
2007,17,COM,0.00000002
2007,18,COM,0.00000000
2007,19,GIN,0.00000000
2007,19,FRA,0.00000000
2007,19,COM,0.00000000
2007,20,FRA,0.00000001
2007,20,COM,0.00000000
2007,21,MDG,0.00000003
2007,21,FRA,0.00000002
2007,21,COM,0.00000001
2007,22,FRA,0.00000002
2007,22,COM,0.00000000
2007,25,ESP,0.00000012
2007,25,COM,0.00000000
2007,25,FRA,0.00000000
2007,25,MDG,0.00000000
2007,27,FRA,0.00000001
2007,27,COM,0.00000001
2007,27,MDG,0.00000000
2007,28,FRA,0.00000006
2007,28,COM,0.00000005
2007,28,ZAF,0.00000000
2007,29,DOM,0.00000002
2007,30,MUS,0.00000200
2007,30,FRA,0.00000126
2007,30,ESP,0.00000095
2007,30,COM,0.00000015
2007,32,FRA,0.00000000
2007,32,COM,0.00000000
2007,33,FRA,0.00000106
2007,33,COM,0.00000003
2007,33,TUR,0.00000000
2007,34,FRA,0.00000000
2007,34,COM,0.00000000
2007,35,COM,0.00000000
2007,37,FRA,0.00000000
2007,37,COM,0.00000000
2007,38,FRA,0.00000000
2007,39,COM,0.00000006
2007,39,MDG,0.00000001
2007,39,FRA,0.00000000
2007,39,TON,0.00000000
2007,40,FRA,0.00000003
2007,40,COM,0.00000002
2007,40,BEL,0.00000000
2007,40,MKD,0.00000000
2007,40,HRV,0.00000000
2007,42,COM,0.00000002
2007,44,COM,0.00000000
2007,44,FRA,0.00000000
2007,44,MDG,0.00000000
2007,46,FRA,0.00000000
2007,47,FRA,0.00000000
2007,48,COM,0.00000003
2007,48,FRA,0.00000000
2007,48,MDG,0.00000000
2007,49,MUS,0.00000003
2007,49,COM,0.00000002
2007,49,FRA,0.00000000
2007,51,POL,0.00000000
2007,51,FRA,0.00000000
2007,56,FRA,0.00000001
2007,59,PAK,0.00000000
2007,59,FRA,0.00000000
2007,60,UKR,0.00000000
2007,61,GBR,0.00000000
2007,61,DNK,0.00000000
2007,62,FRA,0.00000008
2007,62,USA,0.00000000
2007,62,COM,0.00000000
2007,62,POL,0.00000000
2007,63,FRA,0.00000000
2007,63,COM,0.00000000
2007,63,MDG,0.00000000
2007,66,FRA,0.00000000
2007,68,COM,0.00000000
2007,68,FRA,0.00000000
2007,69,COM,0.00000000
2007,69,FRA,0.00000000
2007,70,GBR,0.00000001
2007,70,FRA,0.00000000
2007,70,MDG,0.00000000
2007,71,FRA,0.00000001
2007,71,COM,0.00000000
2007,72,THA,0.00000002
2007,72,IND,0.00000001
2007,72,COM,0.00000001
2007,72,FRA,0.00000000
2007,73,MUS,0.00000022
2007,73,FRA,0.00000011
2007,73,IND,0.00000004
2007,73,SGP,0.00000003
2007,73,IDN,0.00000003
2007,73,Other,0.00000004
2007,74,FRA,0.00000002
2007,76,FRA,0.00000003
2007,76,COM,0.00000001
2007,80,FRA,0.00000037
2007,80,COM,0.00000000
2007,81,HRV,0.00000000
2007,82,FRA,0.00000005
2007,82,COM,0.00000001
2007,82,NCL,0.00000000
2007,82,GIB,0.00000000
2007,83,AGO,0.00000002
2007,83,COM,0.00000001
2007,83,FRA,0.00000000
2007,84,IRL,0.00000043
2007,84,USA,0.00000031
2007,84,FRA,0.00000029
2007,84,COM,0.00000025
2007,84,MDG,0.00000011
2007,84,Other,0.00000001
2007,85,FRA,0.00000101
2007,85,COM,0.00000008
2007,85,KOR,0.00000005
2007,85,HRV,0.00000002
2007,85,MDG,0.00000000
2007,85,Other,0.00000000
2007,86,FRA,0.00000002
2007,87,FRA,0.00000045
2007,87,COM,0.00000029
2007,87,MDG,0.00000005
2007,87,MRT,0.00000001
2007,87,JPN,0.00000001
2007,87,Other,0.00000001
2007,88,FRA,0.00000039
2007,89,FRA,0.00000050
2007,89,MDG,0.00000002
2007,89,ZWE,0.00000001
2007,90,FRA,0.00000008
2007,90,COM,0.00000000
2007,90,HRV,0.00000000
2007,91,MLT,0.00000000
2007,91,FRA,0.00000000
2007,92,MDG,0.00000000
2007,93,FRA,0.00000029
2007,94,COM,0.00000025
2007,94,FRA,0.00000004
2007,94,MDG,0.00000000
2007,94,HRV,0.00000000
2007,94,ARE,0.00000000
2007,95,FRA,0.00000001
2007,95,HRV,0.00000000
2007,95,BOL,0.00000000
2007,95,COM,0.00000000
2007,96,MDG,0.00000000
2007,97,MDG,0.00000000
2008,10,FRA,0.00000000
2008,10,COM,0.00000000
2008,10,MDG,0.00000000
2008,14,FRA,0.00000000
2008,16,FRA,0.00000008
2008,17,COM,0.00000001
2008,18,FRA,0.00000000
2008,19,COM,0.00000000
2008,20,FRA,0.00000000
2008,21,FRA,0.00000005
2008,21,MDG,0.00000001
2008,21,COM,0.00000000
2008,22,FRA,0.00000004
2008,22,GBR,0.00000001
2008,22,MUS,0.00000000
2008,25,FRA,0.00000000
2008,25,COM,0.00000000
2008,25,DEU,0.00000000
2008,27,FRA,0.00000006
2008,27,COM,0.00000000
2008,27,MDG,0.00000000
2008,27,DEU,0.00000000
2008,28,FRA,0.00000007
2008,28,COM,0.00000006
2008,28,MAR,0.00000002
2008,28,ZAF,0.00000000
2008,29,COM,0.00000000
2008,30,ESP,0.00000553
2008,30,MDG,0.00000164
2008,30,FRA,0.00000108
2008,30,MUS,0.00000081
2008,30,ITA,0.00000077
2008,30,Other,0.00000045
2008,32,VNM,0.00000001
2008,32,MDG,0.00000000
2008,32,FRA,0.00000000
2008,33,FRA,0.00000156
2008,33,COM,0.00000002
2008,33,THA,0.00000000
2008,34,CRI,0.00000000
2008,34,COM,0.00000000
2008,34,FRA,0.00000000
2008,35,COM,0.00000000
2008,37,CHN,0.00000001
2008,37,FRA,0.00000001
2008,37,JPN,0.00000000
2008,38,FRA,0.00000001
2008,38,ZAF,0.00000000
2008,38,MDG,0.00000000
2008,39,COM,0.00000007
2008,39,FRA,0.00000001
2008,39,POL,0.00000000
2008,39,ZAF,0.00000000
2008,39,MDG,0.00000000
2008,40,FRA,0.00000001
2008,40,COM,0.00000001
2008,40,USA,0.00000000
2008,40,ZAF,0.00000000
2008,40,MDG,0.00000000
2008,41,THA,0.00000001
2008,42,COM,0.00000000
2008,42,USA,0.00000000
2008,42,FRA,0.00000000
2008,44,FRA,0.00000006
2008,44,COM,0.00000000
2008,47,THA,0.00000001
2008,48,FRA,0.00000001
2008,48,COM,0.00000000
2008,49,ZAF,0.00000001
2008,49,FRA,0.00000000
2008,49,COM,0.00000000
2008,49,MUS,0.00000000
2008,49,DOM,0.00000000
2008,51,ESP,0.00000000
2008,61,FRA,0.00000002
2008,61,COM,0.00000000
2008,61,DEU,0.00000000
2008,62,COM,0.00000000
2008,62,THA,0.00000000
2008,62,USA,0.00000000
2008,62,FRA,0.00000000
2008,62,KOR,0.00000000
2008,62,Other,0.00000000
2008,63,FRA,0.00000002
2008,63,COM,0.00000000
2008,63,MDG,0.00000000
2008,64,USA,0.00000001
2008,64,COM,0.00000000
2008,64,FRA,0.00000000
2008,65,RUS,0.00000000
2008,65,COM,0.00000000
2008,66,MDG,0.00000000
2008,68,MDG,0.00000000
2008,69,COM,0.00000000
2008,70,FRA,0.00000000
2008,70,CHE,0.00000000
2008,70,USA,0.00000000
2008,70,MDG,0.00000000
2008,70,SVN,0.00000000
2008,70,Other,0.00000000
2008,71,FRA,0.00000001
2008,72,COM,0.00000003
2008,72,PAK,0.00000003
2008,72,IND,0.00000002
2008,72,FRA,0.00000001
2008,72,MUS,0.00000000
2008,72,Other,0.00000000
2008,73,IND,0.00000013
2008,73,SGP,0.00000013
2008,73,MDG,0.00000009
2008,73,IDN,0.00000006
2008,73,MUS,0.00000006
2008,73,Other,0.00000015
2008,76,COM,0.00000002
2008,76,CZE,0.00000000
2008,76,FRA,0.00000000
2008,76,MDG,0.00000000
2008,80,FRA,0.00000000
2008,81,FRA,0.00000000
2008,82,FRA,0.00000011
2008,82,MDG,0.00000000
2008,82,DEU,0.00000000
2008,82,DOM,0.00000000
2008,82,NZL,0.00000000
2008,82,Other,0.00000000
2008,83,COM,0.00000001
2008,83,FRA,0.00000000
2008,83,RUS,0.00000000
2008,84,FRA,0.00000084
2008,84,MUS,0.00000036
2008,84,COM,0.00000020
2008,84,MDG,0.00000020
2008,84,CHN,0.00000014
2008,84,Other,0.00000012
2008,85,FRA,0.00000086
2008,85,COM,0.00000006
2008,85,MDG,0.00000002
2008,85,ITA,0.00000002
2008,85,ZAF,0.00000001
2008,85,Other,0.00000002
2008,86,FRA,0.00000002
2008,86,COM,0.00000000
2008,87,FRA,0.00000076
2008,87,COM,0.00000027
2008,87,MDG,0.00000008
2008,87,GUY,0.00000004
2008,87,MRT,0.00000002
2008,87,Other,0.00000004
2008,88,FRA,0.00000001
2008,89,FRA,0.00000013
2008,89,MDG,0.00000006
2008,90,FRA,0.00000012
2008,90,MDG,0.00000000
2008,90,HRV,0.00000000
2008,90,COM,0.00000000
2008,90,MNE,0.00000000
2008,91,FRA,0.00000000
2008,92,MDG,0.00000000
2008,93,FRA,0.00000000
2008,93,COM,0.00000000
2008,94,COM,0.00000028
2008,94,RUS,0.00000006
2008,94,FRA,0.00000004
2008,94,MDG,0.00000001
2008,94,DOM,0.00000000
2008,94,Other,0.00000000
2008,95,GBR,0.00000001
2008,95,FRA,0.00000001
2008,95,BOL,0.00000000
2008,95,MDG,0.00000000
2008,96,FRA,0.00000000
2008,96,COM,0.00000000
2008,96,MDG,0.00000000
2009,10,COM,0.00000000
2009,10,MDG,0.00000000
2009,11,FRA,0.00000000
2009,13,RWA,0.00000000
2009,14,FRA,0.00000000
2009,15,RWA,0.00000004
2009,15,MDG,0.00000000
2009,15,FRA,0.00000000
2009,16,FRA,0.00000003
2009,19,COM,0.00000000
2009,20,COM,0.00000004
2009,20,FRA,0.00000001
2009,20,RWA,0.00000000
2009,21,FRA,0.00000004
2009,21,COM,0.00000001
2009,22,COM,0.00000014
2009,22,FRA,0.00000003
2009,22,MUS,0.00000000
2009,23,MDG,0.00000017
2009,23,FRA,0.00000001
2009,24,COM,0.00000001
2009,25,DOM,0.00000001
2009,25,MUS,0.00000000
2009,25,FRA,0.00000000
2009,25,RWA,0.00000000
2009,25,MDG,0.00000000
2009,25,Other,0.00000000
2009,27,COM,0.00000001
2009,27,FRA,0.00000001
2009,27,MDG,0.00000000
2009,27,MUS,0.00000000
2009,28,COM,0.00000007
2009,28,FRA,0.00000006
2009,28,ZAF,0.00000000
2009,29,COM,0.00000001
2009,30,ESP,0.00000189
2009,30,ITA,0.00000147
2009,30,FRA,0.00000139
2009,30,MUS,0.00000112
2009,30,TUR,0.00000078
2009,30,Other,0.00000001
2009,32,DOM,0.00000000
2009,32,COM,0.00000000
2009,32,FRA,0.00000000
2009,32,BEL,0.00000000
2009,32,MDG,0.00000000
2009,33,FRA,0.00000020
2009,33,COM,0.00000004
2009,33,MDG,0.00000002
2009,33,DOM,0.00000001
2009,33,RWA,0.00000000
2009,33,Other,0.00000000
2009,34,FRA,0.00000000
2009,34,COM,0.00000000
2009,34,MDG,0.00000000
2009,35,RWA,0.00000000
2009,35,COM,0.00000000
2009,36,FRA,0.00000000
2009,37,FRA,0.00000002
2009,38,DEU,0.00000001
2009,38,FRA,0.00000001
2009,38,MAR,0.00000001
2009,38,DOM,0.00000000
2009,38,VEN,0.00000000
2009,38,Other,0.00000000
2009,39,POL,0.00000006
2009,39,COM,0.00000003
2009,39,FRA,0.00000001
2009,39,MDG,0.00000000
2009,39,DOM,0.00000000
2009,39,Other,0.00000000
2009,40,MDG,0.00000002
2009,40,COM,0.00000001
2009,40,FRA,0.00000000
2009,40,RWA,0.00000000
2009,42,USA,0.00000000
2009,42,FRA,0.00000000
2009,42,COM,0.00000000
2009,42,CHN,0.00000000
2009,42,MDG,0.00000000
2009,44,FRA,0.00000013
2009,44,COM,0.00000001
2009,44,MDG,0.00000000
2009,45,MDG,0.00000000
2009,46,MDG,0.00000000
2009,48,COM,0.00000000
2009,48,FRA,0.00000000
2009,48,HRV,0.00000000
2009,48,USA,0.00000000
2009,48,DOM,0.00000000
2009,48,Other,0.00000000
2009,49,FRA,0.00000009
2009,49,MUS,0.00000000
2009,49,COM,0.00000000
2009,49,MDG,0.00000000
2009,50,FRA,0.00000000
2009,51,RWA,0.00000000
2009,52,RWA,0.00000000
2009,54,RWA,0.00000000
2009,56,FRA,0.00000000
2009,56,DEU,0.00000000
2009,56,MDG,0.00000000
2009,57,USA,0.00000005
2009,57,POL,0.00000000
2009,57,MDG,0.00000000
2009,61,FRA,0.00000001
2009,61,MDG,0.00000000
2009,61,CHN,0.00000000
2009,61,FIN,0.00000000
2009,61,COM,0.00000000
2009,61,Other,0.00000000
2009,62,COM,0.00000007
2009,62,LUX,0.00000000
2009,62,MDG,0.00000000
2009,62,CZE,0.00000000
2009,62,RWA,0.00000000
2009,63,MDG,0.00000000
2009,63,FRA,0.00000000
2009,63,THA,0.00000000
2009,63,COM,0.00000000
2009,63,CHN,0.00000000
2009,64,COM,0.00000001
2009,64,MDG,0.00000000
2009,65,FRA,0.00000000
2009,66,MDG,0.00000000
2009,67,CHN,0.00000000
2009,67,RWA,0.00000000
2009,68,MDG,0.00000000
2009,69,COM,0.00000008
2009,69,FRA,0.00000001
2009,69,MDG,0.00000000
2009,70,FRA,0.00000001
2009,70,MDG,0.00000000
2009,70,COM,0.00000000
2009,70,ZAF,0.00000000
2009,71,MDG,0.00000000
2009,72,IND,0.00000012
2009,72,SGP,0.00000003
2009,72,MDG,0.00000001
2009,72,COM,0.00000000
2009,72,FRA,0.00000000
2009,73,MUS,0.00000037
2009,73,COM,0.00000014
2009,73,FRA,0.00000006
2009,73,CHN,0.00000005
2009,73,SGP,0.00000004
2009,73,Other,0.00000005
2009,74,IDN,0.00000028
2009,74,TZA,0.00000001
2009,74,FRA,0.00000000
2009,76,MDG,0.00000003
2009,76,COM,0.00000001
2009,76,FRA,0.00000001
2009,78,FRA,0.00000000
2009,80,FRA,0.00000000
2009,82,MUS,0.00000004
2009,82,FRA,0.00000002
2009,82,COM,0.00000002
2009,82,MDG,0.00000000
2009,82,CHN,0.00000000
2009,82,Other,0.00000000
2009,83,COM,0.00000000
2009,83,FRA,0.00000000
2009,84,FRA,0.00000092
2009,84,MDG,0.00000082
2009,84,COM,0.00000016
2009,84,MUS,0.00000012
2009,84,BEN,0.00000011
2009,84,Other,0.00000024
2009,85,FRA,0.00000036
2009,85,MDG,0.00000026
2009,85,MUS,0.00000003
2009,85,COM,0.00000002
2009,85,CHN,0.00000001
2009,85,Other,0.00000001
2009,86,FRA,0.00000009
2009,86,COM,0.00000001
2009,87,COM,0.00000059
2009,87,FRA,0.00000034
2009,87,MDG,0.00000020
2009,87,JPN,0.00000007
2009,87,SWE,0.00000003
2009,87,Other,0.00000009
2009,88,FRA,0.00000011
2009,89,MDG,0.00000008
2009,89,FRA,0.00000007
2009,89,MUS,0.00000002
2009,89,COM,0.00000000
2009,90,FRA,0.00000021
2009,90,PYF,0.00000000
2009,90,COM,0.00000000
2009,90,MDG,0.00000000
2009,90,RWA,0.00000000
2009,91,COM,0.00000000
2009,91,MDG,0.00000000
2009,93,FRA,0.00000001
2009,93,MUS,0.00000000
2009,94,COM,0.00000015
2009,94,FRA,0.00000002
2009,94,MDG,0.00000001
2009,94,NGA,0.00000001
2009,94,ARE,0.00000001
2009,95,FRA,0.00000002
2009,95,CHN,0.00000000
2009,95,MDG,0.00000000
2009,95,COM,0.00000000
2009,95,NZL,0.00000000
2009,96,COM,0.00000000
2009,96,FRA,0.00000000
2009,96,MDG,0.00000000
2009,97,MDG,0.00000000
2010,11,FRA,0.00000002
2010,14,PAK,0.00000000
2010,20,COM,0.00000000
2010,21,COM,0.00000002
2010,21,MDG,0.00000000
2010,22,COM,0.00000014
2010,22,ZAF,0.00000000
2010,22,MDG,0.00000000
2010,24,COM,0.00000001
2010,25,MDG,0.00000000
2010,27,FRA,0.00000002
2010,27,MDG,0.00000001
2010,28,COM,0.00000002
2010,28,PAK,0.00000000
2010,30,ITA,0.00000297
2010,30,TUR,0.00000151
2010,30,FRA,0.00000055
2010,30,ESP,0.00000015
2010,30,COM,0.00000001
2010,30,Other,0.00000000
2010,33,FRA,0.00000038
2010,33,MDG,0.00000000
2010,33,RWA,0.00000000
2010,34,MDG,0.00000000
2010,34,COM,0.00000000
2010,35,HRV,0.00000000
2010,38,PAK,0.00000020
2010,38,FRA,0.00000001
2010,39,COM,0.00000001
2010,39,FRA,0.00000000
2010,39,MDG,0.00000000
2010,40,COM,0.00000001
2010,40,MDG,0.00000000
2010,42,ZAF,0.00000000
2010,44,FRA,0.00000000
2010,44,MDG,0.00000000
2010,45,FRA,0.00000001
2010,48,FRA,0.00000000
2010,48,MDG,0.00000000
2010,48,PAK,0.00000000
2010,49,FRA,0.00000002
2010,49,MUS,0.00000001
2010,49,GBR,0.00000000
2010,49,MDG,0.00000000
2010,49,PAK,0.00000000
2010,49,Other,0.00000000
2010,52,RWA,0.00000000
2010,52,POL,0.00000000
2010,57,USA,0.00000005
2010,57,MDG,0.00000000
2010,61,GRL,0.00000000
2010,62,COM,0.00000001
2010,62,FRA,0.00000000
2010,62,NZL,0.00000000
2010,62,USA,0.00000000
2010,62,CHN,0.00000000
2010,62,Other,0.00000000
2010,63,FRA,0.00000000
2010,63,MDG,0.00000000
2010,63,COM,0.00000000
2010,63,RWA,0.00000000
2010,64,MDG,0.00000000
2010,65,POL,0.00000001
2010,66,MDG,0.00000000
2010,68,MDG,0.00000001
2010,68,FRA,0.00000001
2010,69,COM,0.00000001
2010,69,MDG,0.00000000
2010,70,DNK,0.00000003
2010,70,COM,0.00000000
2010,70,MDG,0.00000000
2010,70,PAK,0.00000000
2010,71,FRA,0.00000000
2010,72,MYS,0.00000003
2010,72,FRA,0.00000002
2010,72,PAK,0.00000001
2010,72,MUS,0.00000000
2010,72,MDG,0.00000000
2010,73,MUS,0.00000040
2010,73,FRA,0.00000005
2010,73,MDG,0.00000000
2010,73,POL,0.00000000
2010,74,COM,0.00000000
2010,76,FRA,0.00000000
2010,76,MUS,0.00000000
2010,76,MDG,0.00000000
2010,79,FRA,0.00000003
2010,82,FRA,0.00000001
2010,82,COM,0.00000001
2010,82,MDG,0.00000000
2010,82,RWA,0.00000000
2010,83,COM,0.00000000
2010,83,PAK,0.00000000
2010,83,MDG,0.00000000
2010,84,FRA,0.00000049
2010,84,MDG,0.00000005
2010,84,DOM,0.00000004
2010,84,COM,0.00000004
2010,84,MUS,0.00000002
2010,84,Other,0.00000002
2010,85,FRA,0.00000046
2010,85,MDG,0.00000012
2010,85,BEL,0.00000002
2010,85,FIN,0.00000001
2010,85,SWE,0.00000000
2010,85,Other,0.00000002
2010,86,MDG,0.00000003
2010,86,FRA,0.00000000
2010,87,COM,0.00000040
2010,87,FRA,0.00000017
2010,87,MDG,0.00000012
2010,87,SWE,0.00000004
2010,87,RWA,0.00000000
2010,88,FRA,0.00000002
2010,89,MDG,0.00000016
2010,89,FRA,0.00000014
2010,89,COM,0.00000000
2010,90,PAK,0.00000013
2010,90,FRA,0.00000009
2010,90,COM,0.00000003
2010,90,NLD,0.00000001
2010,90,HRV,0.00000000
2010,90,Other,0.00000000
2010,91,MDG,0.00000000
2010,94,FRA,0.00000002
2010,94,DOM,0.00000001
2010,94,NLD,0.00000000
2010,94,COM,0.00000000
2010,94,MDG,0.00000000
2010,94,Other,0.00000000
2010,95,MDG,0.00000000
2010,96,USA,0.00000001
2010,96,COM,0.00000001
2010,96,MDG,0.00000000
2010,97,MDG,0.00000000
2011,10,MUS,0.00000000
2011,15,COM,0.00000000
2011,17,COM,0.00000002
2011,18,COM,0.00000000
2011,20,FRA,0.00000000
2011,21,COM,0.00000002
2011,21,FRA,0.00000000
2011,22,COM,0.00000012
2011,22,FRA,0.00000000
2011,25,FRA,0.00000000
2011,25,MDG,0.00000000
2011,25,COM,0.00000000
2011,26,BEL,0.00000017
2011,27,FRA,0.00000000
2011,28,COM,0.00000006
2011,28,ZAF,0.00000000
2011,30,ESP,0.00000413
2011,30,MUS,0.00000202
2011,30,ITA,0.00000081
2011,30,TUR,0.00000057
2011,30,MDG,0.00000046
2011,30,Other,0.00000038
2011,32,COM,0.00000000
2011,33,FRA,0.00000011
2011,33,PYF,0.00000000
2011,33,COM,0.00000000
2011,34,COM,0.00000000
2011,35,COM,0.00000000
2011,36,COM,0.00000000
2011,38,FRA,0.00000003
2011,38,COM,0.00000000
2011,39,COM,0.00000001
2011,39,FRA,0.00000001
2011,39,NLD,0.00000000
2011,39,DOM,0.00000000
2011,39,MDG,0.00000000
2011,39,Other,0.00000000
2011,40,COM,0.00000009
2011,40,FRA,0.00000001
2011,42,COM,0.00000000
2011,42,FRA,0.00000000
2011,44,COM,0.00000000
2011,46,COM,0.00000000
2011,48,COM,0.00000001
2011,48,FRA,0.00000000
2011,48,DOM,0.00000000
2011,49,FRA,0.00000000
2011,49,MUS,0.00000000
2011,49,THA,0.00000000
2011,51,FRA,0.00000000
2011,52,COM,0.00000000
2011,52,THA,0.00000000
2011,56,COM,0.00000000
2011,60,COM,0.00000000
2011,61,COM,0.00000000
2011,62,SDN,0.00000000
2011,62,POL,0.00000000
2011,62,COM,0.00000000
2011,63,FRA,0.00000005
2011,63,COM,0.00000000
2011,63,USA,0.00000000
2011,63,MUS,0.00000000
2011,63,MDG,0.00000000
2011,64,COM,0.00000000
2011,68,MDG,0.00000001
2011,68,FRA,0.00000000
2011,69,FRA,0.00000001
2011,69,COM,0.00000000
2011,69,CHE,0.00000000
2011,70,DNK,0.00000002
2011,70,COM,0.00000001
2011,70,MUS,0.00000000
2011,71,COM,0.00000002
2011,71,FRA,0.00000000
2011,72,PAK,0.00000005
2011,72,MUS,0.00000000
2011,73,MUS,0.00000047
2011,73,FRA,0.00000004
2011,73,COM,0.00000002
2011,73,ZAF,0.00000001
2011,73,MDG,0.00000000
2011,73,Other,0.00000000
2011,74,COM,0.00000000
2011,76,SGP,0.00000005
2011,76,COM,0.00000000
2011,76,FRA,0.00000000
2011,76,MUS,0.00000000
2011,76,MDG,0.00000000
2011,76,Other,0.00000000
2011,82,FRA,0.00000000
2011,82,MUS,0.00000000
2011,82,COM,0.00000000
2011,82,PAK,0.00000000
2011,83,COM,0.00000000
2011,83,MUS,0.00000000
2011,84,FRA,0.00000010
2011,84,DEU,0.00000004
2011,84,DOM,0.00000001
2011,84,NLD,0.00000001
2011,84,MDG,0.00000000
2011,84,Other,0.00000001
2011,85,FRA,0.00000093
2011,85,MUS,0.00000000
2011,85,COM,0.00000000
2011,85,DOM,0.00000000
2011,85,NLD,0.00000000
2011,85,Other,0.00000000
2011,86,NCL,0.00000000
2011,86,FRA,0.00000000
2011,87,FRA,0.00000054
2011,87,COM,0.00000029
2011,87,MDA,0.00000003
2011,87,MUS,0.00000000
2011,87,MDG,0.00000000
2011,87,Other,0.00000000
2011,88,FRA,0.00000000
2011,90,COM,0.00000014
2011,90,FRA,0.00000002
2011,90,PAK,0.00000000
2011,90,SVN,0.00000000
2011,90,NLD,0.00000000
2011,90,Other,0.00000000
2011,91,FRA,0.00000000
2011,94,SDN,0.00000004
2011,94,FRA,0.00000000
2011,94,COM,0.00000000
2011,94,MUS,0.00000000
2011,95,MUS,0.00000000
2011,95,COM,0.00000000
2011,95,MDG,0.00000000
2011,96,COM,0.00000001
2011,96,NLD,0.00000000
2011,96,MUS,0.00000000
2012,10,COM,0.00000001
2012,19,HRV,0.00000001
2012,19,COM,0.00000001
2012,20,FRA,0.00000000
2012,20,MDG,0.00000000
2012,21,COM,0.00000003
2012,21,FRA,0.00000000
2012,21,MUS,0.00000000
2012,22,COM,0.00000026
2012,22,FRA,0.00000003
2012,22,MUS,0.00000000
2012,23,COM,0.00000001
2012,23,FRA,0.00000000
2012,25,FRA,0.00000001
2012,25,COM,0.00000000
2012,25,MDG,0.00000000
2012,26,MUS,0.00000000
2012,27,FRA,0.00000000
2012,27,COM,0.00000000
2012,28,COM,0.00000003
2012,30,ESP,0.00001028
2012,30,MUS,0.00000385
2012,30,ITA,0.00000321
2012,30,FRA,0.00000072
2012,30,COM,0.00000002
2012,32,COM,0.00000000
2012,33,FRA,0.00000012
2012,33,TGO,0.00000000
2012,33,RUS,0.00000000
2012,33,COM,0.00000000
2012,33,SVN,0.00000000
2012,34,FRA,0.00000000
2012,34,MDG,0.00000000
2012,34,COM,0.00000000
2012,38,FRA,0.00000001
2012,39,COM,0.00000002
2012,39,SGP,0.00000001
2012,39,FRA,0.00000001
2012,39,MUS,0.00000000
2012,39,KAZ,0.00000000
2012,39,Other,0.00000000
2012,40,COM,0.00000007
2012,40,FRA,0.00000000
2012,40,BHR,0.00000000
2012,40,DOM,0.00000000
2012,42,MDG,0.00000000
2012,42,FRA,0.00000000
2012,42,COM,0.00000000
2012,42,MUS,0.00000000
2012,44,COM,0.00000227
2012,44,MDG,0.00000000
2012,44,MUS,0.00000000
2012,46,FRA,0.00000000
2012,48,BOL,0.00000000
2012,48,FRA,0.00000000
2012,48,MUS,0.00000000
2012,48,COM,0.00000000
2012,49,FRA,0.00000001
2012,49,MUS,0.00000000
2012,49,MDG,0.00000000
2012,49,COM,0.00000000
2012,51,FRA,0.00000000
2012,57,MDG,0.00000000
2012,61,FRA,0.00000001
2012,61,MDG,0.00000000
2012,61,DOM,0.00000000
2012,61,COM,0.00000000
2012,62,FRA,0.00000000
2012,62,HRV,0.00000000
2012,62,COM,0.00000000
2012,62,ZAF,0.00000000
2012,62,MNE,0.00000000
2012,62,Other,0.00000000
2012,63,FRA,0.00000001
2012,63,COM,0.00000000
2012,63,MDG,0.00000000
2012,63,ZAF,0.00000000
2012,63,MUS,0.00000000
2012,63,Other,0.00000000
2012,64,AGO,0.00000000
2012,64,MDG,0.00000000
2012,64,COM,0.00000000
2012,65,FRA,0.00000000
2012,65,MDG,0.00000000
2012,66,MDG,0.00000000
2012,67,COM,0.00000000
2012,68,MDG,0.00000001
2012,69,COM,0.00000015
2012,70,COM,0.00000002
2012,70,MUS,0.00000000
2012,70,MDG,0.00000000
2012,70,FRA,0.00000000
2012,71,ESP,0.00000017
2012,71,FRA,0.00000001
2012,72,PAK,0.00000010
2012,72,COM,0.00000000
2012,72,MUS,0.00000000
2012,73,MUS,0.00000051
2012,73,FRA,0.00000017
2012,73,ESP,0.00000000
2012,73,COM,0.00000000
2012,73,POL,0.00000000
2012,73,Other,0.00000000
2012,75,FRA,0.00000000
2012,75,COM,0.00000000
2012,76,COM,0.00000000
2012,76,MUS,0.00000000
2012,76,NLD,0.00000000
2012,76,FRA,0.00000000
2012,76,MDG,0.00000000
2012,80,DNK,0.00000000
2012,81,HRV,0.00000000
2012,82,MUS,0.00000001
2012,82,COM,0.00000001
2012,82,FRA,0.00000000
2012,82,MDG,0.00000000
2012,82,SWE,0.00000000
2012,83,COM,0.00000002
2012,83,FRA,0.00000000
2012,84,COM,0.00000015
2012,84,FRA,0.00000013
2012,84,CHN,0.00000004
2012,84,MUS,0.00000001
2012,84,USA,0.00000001
2012,84,Other,0.00000002
2012,85,COM,0.00000021
2012,85,FRA,0.00000012
2012,85,CHN,0.00000007
2012,85,NLD,0.00000001
2012,85,MDG,0.00000001
2012,85,Other,0.00000000
2012,86,MDG,0.00000000
2012,87,FRA,0.00000083
2012,87,COM,0.00000028
2012,87,MDG,0.00000000
2012,88,FRA,0.00000001
2012,88,LUX,0.00000000
2012,89,FRA,0.00000006
2012,89,MDG,0.00000000
2012,90,PAK,0.00000003
2012,90,FRA,0.00000003
2012,90,GTM,0.00000001
2012,90,COM,0.00000001
2012,90,ZAF,0.00000000
2012,90,Other,0.00000000
2012,91,FRA,0.00000000
2012,92,MUS,0.00000000
2012,94,COM,0.00000786
2012,94,MDG,0.00000002
2012,94,MUS,0.00000000
2012,94,USA,0.00000000
2012,94,FRA,0.00000000
2012,95,COM,0.00000001
2012,95,MUS,0.00000000
2012,96,COM,0.00000002
2012,96,FRA,0.00000000
2012,96,MUS,0.00000000
2012,97,MDG,0.00000000
2012,97,POL,0.00000000
2012,97,MUS,0.00000000
2013,10,FRA,0.00000000
2013,10,COM,0.00000000
2013,15,COM,0.00000000
2013,20,FRA,0.00000000
2013,21,FRA,0.00000001
2013,21,COM,0.00000001
2013,22,COM,0.00000019
2013,22,FRA,0.00000000
2013,25,COM,0.00000001
2013,25,FRA,0.00000000
2013,25,MUS,0.00000000
2013,27,FRA,0.00000008
2013,27,MDG,0.00000000
2013,28,FRA,0.00000000
2013,28,COM,0.00000000
2013,28,ZAF,0.00000000
2013,30,ESP,0.00001339
2013,30,TUR,0.00000261
2013,30,ITA,0.00000212
2013,30,FRA,0.00000067
2013,30,COM,0.00000001
2013,32,FRA,0.00000001
2013,32,COM,0.00000000
2013,33,FRA,0.00000022
2013,34,FRA,0.00000002
2013,38,FRA,0.00000006
2013,39,FRA,0.00000002
2013,39,COM,0.00000000
2013,39,MDG,0.00000000
2013,39,POL,0.00000000
2013,39,CHN,0.00000000
2013,40,COM,0.00000001
2013,40,FRA,0.00000000
2013,42,FRA,0.00000001
2013,42,COM,0.00000000
2013,42,KOR,0.00000000
2013,44,LUX,0.00000001
2013,44,FRA,0.00000001
2013,44,COM,0.00000000
2013,44,MDG,0.00000000
2013,47,MYS,0.00000003
2013,48,GBR,0.00000003
2013,48,COM,0.00000002
2013,48,FRA,0.00000000
2013,49,COM,0.00000001
2013,49,FRA,0.00000001
2013,49,MDG,0.00000000
2013,49,THA,0.00000000
2013,59,FRA,0.00000001
2013,60,NLD,0.00000003
2013,61,KOR,0.00000002
2013,61,FRA,0.00000000
2013,61,COM,0.00000000
2013,61,FIN,0.00000000
2013,61,MDG,0.00000000
2013,62,BEN,0.00000000
2013,62,COM,0.00000000
2013,62,SYC,0.00000000
2013,62,DOM,0.00000000
2013,62,NLD,0.00000000
2013,63,COM,0.00000001
2013,63,FRA,0.00000000
2013,63,MDG,0.00000000
2013,63,NLD,0.00000000
2013,64,COM,0.00000001
2013,66,FRA,0.00000000
2013,68,MDG,0.00000001
2013,69,COM,0.00000000
2013,69,MDG,0.00000000
2013,70,COM,0.00000000
2013,71,FRA,0.00000000
2013,72,PAK,0.00000004
2013,72,FRA,0.00000001
2013,72,COM,0.00000000
2013,72,MDG,0.00000000
2013,73,MUS,0.00000035
2013,73,FRA,0.00000003
2013,73,COM,0.00000001
2013,73,ESP,0.00000000
2013,73,USA,0.00000000
2013,73,Other,0.00000000
2013,74,SGP,0.00000003
2013,76,SGP,0.00000001
2013,76,MUS,0.00000000
2013,76,FRA,0.00000000
2013,76,COM,0.00000000
2013,79,FRA,0.00000000
2013,80,BHR,0.00000000
2013,81,BHR,0.00000000
2013,82,GBR,0.00000001
2013,82,FRA,0.00000000
2013,83,MDG,0.00000000
2013,84,COM,0.00000025
2013,84,FRA,0.00000008
2013,84,MUS,0.00000003
2013,84,RUS,0.00000001
2013,84,SGP,0.00000001
2013,84,Other,0.00000001
2013,85,FRA,0.00000032
2013,85,COM,0.00000008
2013,85,MUS,0.00000001
2013,85,GBR,0.00000000
2013,85,USA,0.00000000
2013,85,Other,0.00000000
2013,86,FRA,0.00000000
2013,87,FRA,0.00000060
2013,87,COM,0.00000015
2013,87,AGO,0.00000004
2013,87,USA,0.00000000
2013,87,MDG,0.00000000
2013,88,FRA,0.00000000
2013,89,FRA,0.00000002
2013,90,FRA,0.00000012
2013,90,DEU,0.00000001
2013,90,COM,0.00000000
2013,90,MDG,0.00000000
2013,90,DOM,0.00000000
2013,90,Other,0.00000000
2013,91,KOR,0.00000000
2013,94,COM,0.00000006
2013,94,FRA,0.00000002
2013,94,BEN,0.00000000
2013,94,MDG,0.00000000
2013,95,COM,0.00000000
2013,95,ITA,0.00000000
2013,95,FRA,0.00000000
2013,96,GBR,0.00000005
2013,96,COM,0.00000002
2013,96,FRA,0.00000000
2013,97,FRA,0.00000003
