year,product_chapter,exporter,value_trln_USD
2011,22,PAN,0.00000000
2011,27,PAN,0.00000000
2011,32,PAN,0.00000001
2011,33,BHS,0.00000005
2011,38,PAN,0.00000000
2011,39,CHN,0.00000000
2011,61,PAN,0.00000004
2011,64,PAN,0.00000001
2011,70,CHN,0.00000000
2011,73,CHN,0.00000001
2011,84,CHN,0.00000027
2011,84,PAN,0.00000000
2011,85,CHN,0.00000002
2011,85,PAN,0.00000001
2011,87,PAN,0.00000000
2011,94,PAN,0.00000002
2011,94,TTO,0.00000000
2012,27,TTO,0.00003171
2012,29,CHN,0.00000008
2012,29,PAN,0.00000000
2012,30,BRB,0.00000002
2012,30,PAN,0.00000001
2012,39,PAN,0.00000001
2012,42,PAN,0.00000002
2012,42,CHN,0.00000000
2012,48,PAN,0.00000000
2012,61,PAN,0.00000002
2012,62,PAN,0.00000001
2012,63,BRB,0.00000002
2012,63,PAN,0.00000000
2012,64,PAN,0.00000007
2012,66,PAN,0.00000000
2012,69,CHN,0.00000002
2012,70,CHN,0.00000001
2012,73,PAN,0.00000000
2012,76,PAN,0.00000000
2012,82,PAN,0.00000000
2012,84,CHN,0.00000081
2012,84,PAN,0.00000010
2012,84,TTO,0.00000000
2012,85,PAN,0.00000008
2012,85,CHN,0.00000000
2012,87,PAN,0.00000000
2012,90,CHN,0.00000002
2012,90,BRB,0.00000000
2012,90,PAN,0.00000000
2012,94,PAN,0.00000004
2012,95,PAN,0.00000000
2012,96,PAN,0.00000000
2013,10,NLD,0.00000001
2013,10,DEU,0.00000000
2013,11,BEL,0.00000029
2013,11,EST,0.00000002
2013,11,NLD,0.00000000
2013,12,NLD,0.00000001
2013,15,NLD,0.00000003
2013,15,ITA,0.00000001
2013,15,CHE,0.00000000
2013,15,PRT,0.00000000
2013,16,NLD,0.00000064
2013,16,DEU,0.00000000
2013,17,NLD,0.00000014
2013,17,DEU,0.00000000
2013,18,NLD,0.00000009
2013,18,DEU,0.00000000
2013,19,NLD,0.00000062
2013,19,ITA,0.00000004
2013,19,DEU,0.00000000
2013,20,NLD,0.00000033
2013,20,CYP,0.00000010
2013,20,DEU,0.00000000
2013,21,NLD,0.00000052
2013,21,DEU,0.00000000
2013,22,NLD,0.00000255
2013,22,PAN,0.00000158
2013,22,GBR,0.00000101
2013,22,ITA,0.00000014
2013,22,BEL,0.00000012
2013,22,Other,0.00000004
2013,23,NLD,0.00000076
2013,24,NLD,0.00000096
2013,25,NLD,0.00000004
2013,25,SWE,0.00000000
2013,25,PRT,0.00000000
2013,27,TTO,0.00012935
2013,27,NLD,0.00001219
2013,27,CHE,0.00000000
2013,27,PRT,0.00000000
2013,28,NLD,0.00000001
2013,29,CHN,0.00000054
2013,29,NLD,0.00000003
2013,29,DEU,0.00000000
2013,30,NLD,0.00000362
2013,30,CYP,0.00000011
2013,30,BRB,0.00000001
2013,30,DEU,0.00000001
2013,30,GBR,0.00000000
2013,31,NLD,0.00000000
2013,32,NLD,0.00000069
2013,32,BEL,0.00000001
2013,32,DEU,0.00000000
2013,32,PRT,0.00000000
2013,33,NLD,0.00000066
2013,33,CHE,0.00000001
2013,33,DEU,0.00000001
2013,33,PRT,0.00000000
2013,34,NLD,0.00000019
2013,34,DEU,0.00000000
2013,34,PRT,0.00000000
2013,35,NLD,0.00000002
2013,35,PRT,0.00000000
2013,35,BEL,0.00000000
2013,35,DEU,0.00000000
2013,35,CHE,0.00000000
2013,36,NLD,0.00000000
2013,37,NLD,0.00000000
2013,38,NLD,0.00000012
2013,38,PRT,0.00000002
2013,38,DEU,0.00000000
2013,39,NLD,0.00000249
2013,39,PRT,0.00000004
2013,39,PAN,0.00000001
2013,39,TTO,0.00000001
2013,39,BEL,0.00000001
2013,39,Other,0.00000001
2013,40,NLD,0.00000078
2013,40,BEL,0.00000000
2013,40,PAN,0.00000000
2013,40,PRT,0.00000000
2013,40,DEU,0.00000000
2013,40,Other,0.00000000
2013,41,NLD,0.00000001
2013,42,NLD,0.00000001
2013,42,PAN,0.00000001
2013,42,CHE,0.00000000
2013,42,DEU,0.00000000
2013,42,PRT,0.00000000
2013,42,Other,0.00000000
2013,44,NLD,0.00000024
2013,44,PRT,0.00000007
2013,44,ITA,0.00000001
2013,44,PAN,0.00000000
2013,45,NLD,0.00000000
2013,48,NLD,0.00000036
2013,48,DEU,0.00000001
2013,48,BEL,0.00000000
2013,48,CHE,0.00000000
2013,49,NLD,0.00000089
2013,49,AUT,0.00000001
2013,49,DEU,0.00000001
2013,49,GBR,0.00000000
2013,49,CHE,0.00000000
2013,49,Other,0.00000000
2013,50,NLD,0.00000000
2013,52,ITA,0.00000000
2013,52,NLD,0.00000000
2013,53,NLD,0.00000001
2013,54,NLD,0.00000000
2013,56,NLD,0.00000003
2013,56,DEU,0.00000000
2013,56,PRT,0.00000000
2013,56,PAN,0.00000000
2013,57,NLD,0.00000000
2013,57,PAN,0.00000000
2013,58,NLD,0.00000002
2013,58,THA,0.00000000
2013,59,DEU,0.00000000
2013,59,PAN,0.00000000
2013,59,NLD,0.00000000
2013,60,NLD,0.00000000
2013,61,NLD,0.00000030
2013,61,ITA,0.00000004
2013,61,PAN,0.00000002
2013,61,THA,0.00000000
2013,61,DEU,0.00000000
2013,61,Other,0.00000000
2013,62,NLD,0.00000018
2013,62,PAN,0.00000004
2013,62,ITA,0.00000002
2013,62,DEU,0.00000000
2013,62,BEL,0.00000000
2013,62,Other,0.00000000
2013,63,NLD,0.00000015
2013,63,BRB,0.00000001
2013,63,PAN,0.00000001
2013,63,DEU,0.00000000
2013,63,CHN,0.00000000
2013,63,Other,0.00000000
2013,64,NLD,0.00000011
2013,64,PAN,0.00000010
2013,64,ITA,0.00000001
2013,64,AUT,0.00000000
2013,64,PRT,0.00000000
2013,64,Other,0.00000000
2013,65,PAN,0.00000000
2013,65,NLD,0.00000000
2013,65,CHE,0.00000000
2013,65,PRT,0.00000000
2013,65,THA,0.00000000
2013,66,NLD,0.00000002
2013,66,ITA,0.00000000
2013,67,NLD,0.00000000
2013,68,NLD,0.00000033
2013,68,PRT,0.00000004
2013,68,ITA,0.00000000
2013,68,CHE,0.00000000
2013,68,DEU,0.00000000
2013,69,NLD,0.00000016
2013,69,ESP,0.00000013
2013,69,PRT,0.00000009
2013,69,CHN,0.00000001
2013,69,ITA,0.00000001
2013,69,Other,0.00000000
2013,70,NLD,0.00000124
2013,70,PRT,0.00000001
2013,70,DEU,0.00000000
2013,70,PAN,0.00000000
2013,70,CHN,0.00000000
2013,70,Other,0.00000000
2013,71,NLD,0.00000015
2013,71,ITA,0.00000004
2013,71,DEU,0.00000003
2013,71,PAN,0.00000000
2013,71,THA,0.00000000
2013,72,NLD,0.00000009
2013,72,PRT,0.00000005
2013,72,PAN,0.00000000
2013,73,NLD,0.00000240
2013,73,PRT,0.00000070
2013,73,POL,0.00000007
2013,73,ITA,0.00000001
2013,73,DEU,0.00000000
2013,73,Other,0.00000000
2013,74,NLD,0.00000026
2013,74,DEU,0.00000000
2013,76,NLD,0.00000063
2013,76,PRT,0.00000034
2013,76,ITA,0.00000003
2013,76,PAN,0.00000002
2013,76,SWE,0.00000000
2013,76,Other,0.00000000
2013,78,NLD,0.00000001
2013,79,NLD,0.00000002
2013,80,NLD,0.00000003
2013,81,NLD,0.00000005
2013,81,DEU,0.00000000
2013,82,NLD,0.00000039
2013,82,ITA,0.00000004
2013,82,PRT,0.00000001
2013,82,DEU,0.00000000
2013,82,PAN,0.00000000
2013,82,Other,0.00000000
2013,83,NLD,0.00000022
2013,83,PRT,0.00000002
2013,83,ITA,0.00000000
2013,83,CHN,0.00000000
2013,83,PAN,0.00000000
2013,83,Other,0.00000000
2013,84,NLD,0.00000370
2013,84,CHN,0.00000069
2013,84,DNK,0.00000030
2013,84,DEU,0.00000017
2013,84,PRT,0.00000008
2013,84,Other,0.00000014
2013,85,NLD,0.00000277
2013,85,FRA,0.00000023
2013,85,DEU,0.00000010
2013,85,PRT,0.00000008
2013,85,SWE,0.00000004
2013,85,Other,0.00000011
2013,86,NLD,0.00000005
2013,86,ITA,0.00000000
2013,87,NLD,0.00000177
2013,87,DEU,0.00000004
2013,87,TTO,0.00000001
2013,87,PRT,0.00000001
2013,87,PAN,0.00000000
2013,87,Other,0.00000000
2013,88,NLD,0.00000022
2013,89,NLD,0.00000083
2013,89,GBR,0.00000003
2013,89,DEU,0.00000000
2013,90,NLD,0.00000280
2013,90,BEL,0.00000007
2013,90,DEU,0.00000006
2013,90,GBR,0.00000002
2013,90,ITA,0.00000001
2013,90,Other,0.00000000
2013,91,NLD,0.00000522
2013,91,CHE,0.00000059
2013,91,PAN,0.00000000
2013,92,NLD,0.00000003
2013,92,DEU,0.00000000
2013,93,NLD,0.00000002
2013,94,NLD,0.00000188
2013,94,ITA,0.00000030
2013,94,DEU,0.00000007
2013,94,PAN,0.00000004
2013,94,GBR,0.00000002
2013,94,Other,0.00000006
2013,95,NLD,0.00000045
2013,95,PAN,0.00000001
2013,95,ITA,0.00000001
2013,95,CHN,0.00000000
2013,95,DEU,0.00000000
2013,95,Other,0.00000000
2013,96,NLD,0.00000004
2013,96,PAN,0.00000000
2013,96,PRT,0.00000000
2013,96,DEU,0.00000000
2013,97,NLD,0.00000000
2014,10,NLD,0.00000001
2014,11,BEL,0.00000028
2014,11,NLD,0.00000001
2014,11,DEU,0.00000000
2014,12,NLD,0.00000001
2014,15,NLD,0.00000007
2014,15,BEL,0.00000003
2014,15,ITA,0.00000001
2014,15,DEU,0.00000000
2014,16,NLD,0.00000069
2014,17,NLD,0.00000015
2014,17,DEU,0.00000000
2014,18,NLD,0.00000006
2014,18,DEU,0.00000000
2014,18,ITA,0.00000000
2014,19,NLD,0.00000065
2014,19,ITA,0.00000003
2014,19,DEU,0.00000000
2014,20,NLD,0.00000056
2014,20,ITA,0.00000000
2014,20,DEU,0.00000000
2014,21,NLD,0.00000083
2014,21,ITA,0.00000000
2014,21,BRB,0.00000000
2014,21,DEU,0.00000000
2014,22,NLD,0.00000301
2014,22,PAN,0.00000283
2014,22,GBR,0.00000047
2014,22,ITA,0.00000021
2014,22,BEL,0.00000007
2014,22,Other,0.00000004
2014,23,NLD,0.00000062
2014,24,NLD,0.00000000
2014,25,NLD,0.00000010
2014,25,ESP,0.00000002
2014,25,CAN,0.00000001
2014,25,PRT,0.00000000
2014,25,GBR,0.00000000
2014,25,Other,0.00000000
2014,26,NLD,0.00000006
2014,27,TTO,0.00011462
2014,27,NLD,0.00000003
2014,27,AUT,0.00000000
2014,27,CHE,0.00000000
2014,28,NLD,0.00000001
2014,28,DEU,0.00000000
2014,29,CHN,0.00000007
2014,29,NLD,0.00000003
2014,29,DEU,0.00000000
2014,30,NLD,0.00000055
2014,30,GBR,0.00000009
2014,30,BRB,0.00000002
2014,30,BEL,0.00000002
2014,30,DEU,0.00000001
2014,30,Other,0.00000002
2014,32,NLD,0.00000056
2014,32,BEL,0.00000002
2014,32,DEU,0.00000001
2014,32,PRT,0.00000000
2014,33,NLD,0.00000069
2014,33,GBR,0.00000004
2014,33,ITA,0.00000001
2014,33,DEU,0.00000000
2014,34,NLD,0.00000022
2014,34,DEU,0.00000000
2014,34,PAN,0.00000000
2014,34,AUT,0.00000000
2014,34,PRT,0.00000000
2014,34,Other,0.00000000
2014,35,NLD,0.00000002
2014,35,BEL,0.00000000
2014,35,PRT,0.00000000
2014,36,NLD,0.00000000
2014,37,NLD,0.00000000
2014,38,NLD,0.00000011
2014,38,PRT,0.00000002
2014,38,DEU,0.00000001
2014,38,AUT,0.00000000
2014,39,NLD,0.00000256
2014,39,ITA,0.00000004
2014,39,PRT,0.00000003
2014,39,PAN,0.00000001
2014,39,BEL,0.00000001
2014,39,Other,0.00000001
2014,40,NLD,0.00000089
2014,40,DEU,0.00000000
2014,40,ITA,0.00000000
2014,40,PAN,0.00000000
2014,40,CZE,0.00000000
2014,40,Other,0.00000000
2014,41,NLD,0.00000005
2014,42,NLD,0.00000004
2014,42,PAN,0.00000001
2014,42,CHE,0.00000000
2014,42,PRT,0.00000000
2014,42,BEL,0.00000000
2014,43,NLD,0.00000000
2014,44,NLD,0.00000038
2014,44,PRT,0.00000005
2014,44,PAN,0.00000001
2014,44,ITA,0.00000000
2014,44,CHE,0.00000000
2014,45,PAN,0.00000000
2014,46,PAN,0.00000000
2014,46,NLD,0.00000000
2014,48,NLD,0.00000038
2014,48,DEU,0.00000000
2014,48,ITA,0.00000000
2014,48,ESP,0.00000000
2014,48,PRT,0.00000000
2014,48,Other,0.00000000
2014,49,NLD,0.00000075
2014,49,CAN,0.00000004
2014,49,AUT,0.00000001
2014,49,GBR,0.00000001
2014,49,ITA,0.00000000
2014,49,Other,0.00000000
2014,50,NLD,0.00000000
2014,51,NLD,0.00000000
2014,53,NLD,0.00000001
2014,54,BRB,0.00000000
2014,54,NLD,0.00000000
2014,56,PRT,0.00000001
2014,56,NLD,0.00000000
2014,56,DEU,0.00000000
2014,57,NLD,0.00000002
2014,57,PAN,0.00000001
2014,58,NLD,0.00000004
2014,58,PAN,0.00000000
2014,58,THA,0.00000000
2014,59,DNK,0.00000001
2014,59,NLD,0.00000000
2014,59,DEU,0.00000000
2014,59,PAN,0.00000000
2014,60,CAN,0.00000002
2014,60,NLD,0.00000001
2014,61,NLD,0.00000014
2014,61,ITA,0.00000004
2014,61,PAN,0.00000001
2014,61,AUT,0.00000001
2014,61,FRA,0.00000001
2014,61,Other,0.00000001
2014,62,NLD,0.00000030
2014,62,PAN,0.00000003
2014,62,ITA,0.00000002
2014,62,PRT,0.00000000
2014,62,DEU,0.00000000
2014,62,Other,0.00000000
2014,63,NLD,0.00000020
2014,63,PAN,0.00000003
2014,63,BRB,0.00000001
2014,63,PRT,0.00000000
2014,63,CHN,0.00000000
2014,63,Other,0.00000000
2014,64,NLD,0.00000009
2014,64,PAN,0.00000004
2014,64,ITA,0.00000001
2014,64,AUT,0.00000000
2014,64,PRT,0.00000000
2014,64,Other,0.00000000
2014,65,NLD,0.00000000
2014,65,PRT,0.00000000
2014,65,CHE,0.00000000
2014,65,THA,0.00000000
2014,65,PAN,0.00000000
2014,66,NLD,0.00000001
2014,67,NLD,0.00000000
2014,67,PAN,0.00000000
2014,68,NLD,0.00000033
2014,68,PRT,0.00000001
2014,68,PAN,0.00000000
2014,69,PRT,0.00000012
2014,69,NLD,0.00000011
2014,69,ESP,0.00000009
2014,69,ITA,0.00000001
2014,69,GBR,0.00000000
2014,69,Other,0.00000000
2014,70,NLD,0.00000125
2014,70,DEU,0.00000002
2014,70,ITA,0.00000001
2014,70,PRT,0.00000000
2014,70,ESP,0.00000000
2014,70,Other,0.00000000
2014,71,NLD,0.00000007
2014,71,ITA,0.00000005
2014,71,DEU,0.00000003
2014,71,THA,0.00000001
2014,71,BEL,0.00000000
2014,71,Other,0.00000000
2014,72,NLD,0.00000012
2014,72,PRT,0.00000008
2014,73,NLD,0.00000160
2014,73,PRT,0.00000044
2014,73,ITA,0.00000004
2014,73,DEU,0.00000001
2014,73,PAN,0.00000001
2014,73,Other,0.00000000
2014,74,NLD,0.00000026
2014,76,NLD,0.00000054
2014,76,PRT,0.00000021
2014,76,ITA,0.00000003
2014,76,DEU,0.00000001
2014,76,PAN,0.00000001
2014,78,NLD,0.00000001
2014,79,NLD,0.00000000
2014,79,DEU,0.00000000
2014,80,NLD,0.00000003
2014,81,NLD,0.00000011
2014,82,NLD,0.00000048
2014,82,DEU,0.00000000
2014,82,PRT,0.00000000
2014,82,PAN,0.00000000
2014,82,CHE,0.00000000
2014,82,Other,0.00000000
2014,83,NLD,0.00000017
2014,83,PRT,0.00000002
2014,83,DNK,0.00000001
2014,83,PAN,0.00000000
2014,83,DEU,0.00000000
2014,83,Other,0.00000000
2014,84,NLD,0.00000322
2014,84,CHN,0.00000026
2014,84,DNK,0.00000025
2014,84,DEU,0.00000009
2014,84,PRT,0.00000006
2014,84,Other,0.00000016
2014,85,NLD,0.00000226
2014,85,DEU,0.00000034
2014,85,POL,0.00000014
2014,85,SWE,0.00000006
2014,85,PAN,0.00000005
2014,85,Other,0.00000012
2014,86,NLD,0.00000012
2014,86,ITA,0.00000001
2014,87,NLD,0.00000187
2014,87,CAN,0.00000006
2014,87,DEU,0.00000005
2014,87,POL,0.00000003
2014,87,PRT,0.00000000
2014,87,Other,0.00000000
2014,88,NLD,0.00000000
2014,89,NLD,0.00000005
2014,89,DEU,0.00000001
2014,90,NLD,0.00000146
2014,90,DEU,0.00000036
2014,90,BEL,0.00000008
2014,90,CHE,0.00000001
2014,90,AUT,0.00000001
2014,90,Other,0.00000002
2014,91,NLD,0.00000504
2014,91,CHE,0.00000044
2014,91,FRA,0.00000017
2014,91,PAN,0.00000000
2014,91,DEU,0.00000000
2014,92,NLD,0.00000000
2014,92,PAN,0.00000000
2014,94,NLD,0.00000299
2014,94,PRT,0.00000018
2014,94,ITA,0.00000009
2014,94,DEU,0.00000006
2014,94,SVK,0.00000006
2014,94,Other,0.00000013
2014,95,NLD,0.00000052
2014,95,PAN,0.00000001
2014,95,DEU,0.00000001
2014,95,ITA,0.00000000
2014,95,AUT,0.00000000
2014,95,Other,0.00000000
2014,96,NLD,0.00000003
2014,96,PAN,0.00000000
2014,96,FRA,0.00000000
2014,96,PRT,0.00000000
2014,96,DEU,0.00000000
2014,96,Other,0.00000000
2014,97,NLD,0.00000004
2015,10,NLD,0.00000001
2015,10,PRT,0.00000000
2015,11,BEL,0.00000021
2015,11,NLD,0.00000000
2015,11,PRT,0.00000000
2015,11,DEU,0.00000000
2015,12,NLD,0.00000001
2015,12,THA,0.00000000
2015,13,NLD,0.00000000
2015,14,NLD,0.00000000
2015,14,CHE,0.00000000
2015,15,NLD,0.00000008
2015,15,ITA,0.00000001
2015,15,DEU,0.00000000
2015,16,NLD,0.00000059
2015,16,DEU,0.00000000
2015,17,NLD,0.00000011
2015,17,GBR,0.00000011
2015,17,BEL,0.00000000
2015,17,KNA,0.00000000
2015,17,PRT,0.00000000
2015,18,NLD,0.00000010
2015,18,GBR,0.00000004
2015,18,BEL,0.00000000
2015,19,NLD,0.00000055
2015,19,GBR,0.00000003
2015,19,ITA,0.00000002
2015,19,BEL,0.00000000
2015,20,NLD,0.00000051
2015,20,GBR,0.00000011
2015,20,PAN,0.00000003
2015,20,DEU,0.00000000
2015,21,NLD,0.00000086
2015,21,GBR,0.00000019
2015,21,ITA,0.00000000
2015,21,KNA,0.00000000
2015,21,BEL,0.00000000
2015,22,GBR,0.00000377
2015,22,NLD,0.00000313
2015,22,PAN,0.00000071
2015,22,ITA,0.00000023
2015,22,BEL,0.00000017
2015,22,Other,0.00000003
2015,23,NLD,0.00000078
2015,24,POL,0.00000000
2015,24,BEL,0.00000000
2015,24,NLD,0.00000000
2015,25,NLD,0.00000003
2015,25,BEL,0.00000000
2015,26,NLD,0.00000010
2015,27,DNK,0.00001147
2015,27,FRA,0.00000856
2015,27,BEL,0.00000524
2015,27,TTO,0.00000010
2015,27,NLD,0.00000004
2015,28,NLD,0.00000005
2015,28,DEU,0.00000000
2015,29,NLD,0.00000003
2015,30,NLD,0.00000416
2015,30,GBR,0.00000003
2015,30,DEU,0.00000002
2015,30,PAN,0.00000001
2015,30,KNA,0.00000000
2015,31,NLD,0.00000000
2015,32,NLD,0.00000062
2015,32,BEL,0.00000001
2015,32,PRT,0.00000001
2015,32,DEU,0.00000000
2015,32,TTO,0.00000000
2015,32,Other,0.00000000
2015,33,NLD,0.00000052
2015,33,GBR,0.00000029
2015,33,ITA,0.00000001
2015,33,DEU,0.00000001
2015,33,CHN,0.00000000
2015,34,NLD,0.00000020
2015,34,GBR,0.00000005
2015,34,DEU,0.00000001
2015,34,TTO,0.00000000
2015,34,CHE,0.00000000
2015,35,GBR,0.00000003
2015,35,BEL,0.00000000
2015,35,NLD,0.00000000
2015,35,PRT,0.00000000
2015,35,CHE,0.00000000
2015,36,NLD,0.00000001
2015,37,NLD,0.00000000
2015,38,NLD,0.00000021
2015,38,GBR,0.00000006
2015,38,PRT,0.00000002
2015,38,DEU,0.00000001
2015,39,NLD,0.00000285
2015,39,GBR,0.00000007
2015,39,DEU,0.00000006
2015,39,PRT,0.00000005
2015,39,CHN,0.00000004
2015,39,Other,0.00000004
2015,40,NLD,0.00000094
2015,40,POL,0.00000020
2015,40,GBR,0.00000007
2015,40,DEU,0.00000002
2015,40,CAN,0.00000001
2015,40,Other,0.00000001
2015,41,NLD,0.00000002
2015,42,NLD,0.00000001
2015,42,GBR,0.00000001
2015,42,CHN,0.00000000
2015,42,PAN,0.00000000
2015,42,PRT,0.00000000
2015,42,Other,0.00000000
2015,43,NLD,0.00000000
2015,44,NLD,0.00000070
2015,44,PRT,0.00000026
2015,44,GBR,0.00000001
2015,44,DEU,0.00000001
2015,44,PAN,0.00000000
2015,44,Other,0.00000000
2015,45,PRT,0.00000002
2015,45,TTO,0.00000000
2015,46,NLD,0.00000000
2015,47,NLD,0.00000000
2015,48,NLD,0.00000035
2015,48,CHN,0.00000001
2015,48,DEU,0.00000001
2015,48,GBR,0.00000000
2015,48,PRT,0.00000000
2015,48,Other,0.00000000
2015,49,NLD,0.00000106
2015,49,GBR,0.00000004
2015,49,CAN,0.00000003
2015,49,TTO,0.00000001
2015,49,CHE,0.00000000
2015,49,Other,0.00000000
2015,50,NLD,0.00000000
2015,51,NLD,0.00000000
2015,52,NLD,0.00000000
2015,53,NLD,0.00000000
2015,54,NLD,0.00000001
2015,55,NLD,0.00000000
2015,56,GBR,0.00000014
2015,56,NLD,0.00000002
2015,56,DEU,0.00000000
2015,56,AUT,0.00000000
2015,57,NLD,0.00000002
2015,57,CHN,0.00000000
2015,58,NLD,0.00000006
2015,58,GBR,0.00000001
2015,59,NLD,0.00000001
2015,59,DEU,0.00000000
2015,60,CAN,0.00000002
2015,60,NLD,0.00000001
2015,61,NLD,0.00000018
2015,61,GBR,0.00000003
2015,61,CHN,0.00000003
2015,61,ITA,0.00000003
2015,61,AUT,0.00000001
2015,61,Other,0.00000000
2015,62,NLD,0.00000024
2015,62,GBR,0.00000004
2015,62,DEU,0.00000003
2015,62,ITA,0.00000002
2015,62,PAN,0.00000002
2015,62,Other,0.00000001
2015,63,GBR,0.00000050
2015,63,NLD,0.00000032
2015,63,BRB,0.00000001
2015,63,CHN,0.00000001
2015,63,DEU,0.00000000
2015,63,Other,0.00000000
2015,64,NLD,0.00000012
2015,64,PAN,0.00000004
2015,64,ITA,0.00000001
2015,64,TTO,0.00000000
2015,64,PRT,0.00000000
2015,64,Other,0.00000000
2015,65,DEU,0.00000001
2015,65,PRT,0.00000000
2015,65,PAN,0.00000000
2015,65,AUT,0.00000000
2015,65,NLD,0.00000000
2015,66,NLD,0.00000002
2015,67,NLD,0.00000000
2015,68,NLD,0.00000072
2015,68,PRT,0.00000003
2015,68,CAN,0.00000003
2015,68,DEU,0.00000001
2015,68,GBR,0.00000000
2015,68,Other,0.00000000
2015,69,NLD,0.00000018
2015,69,PRT,0.00000015
2015,69,ESP,0.00000006
2015,69,ITA,0.00000004
2015,69,GBR,0.00000004
2015,69,Other,0.00000004
2015,70,NLD,0.00000183
2015,70,GBR,0.00000003
2015,70,PRT,0.00000002
2015,70,DEU,0.00000000
2015,70,CHN,0.00000000
2015,70,Other,0.00000000
2015,71,GBR,0.00000012
2015,71,NLD,0.00000009
2015,71,DEU,0.00000001
2015,71,THA,0.00000001
2015,71,AUT,0.00000000
2015,71,Other,0.00000000
2015,72,NLD,0.00000047
2015,72,PRT,0.00000002
2015,72,DEU,0.00000000
2015,72,SVN,0.00000000
2015,73,NLD,0.00000601
2015,73,DEU,0.00000054
2015,73,PRT,0.00000048
2015,73,CAN,0.00000027
2015,73,GBR,0.00000012
2015,73,Other,0.00000004
2015,74,NLD,0.00000018
2015,74,GBR,0.00000001
2015,74,CHE,0.00000000
2015,75,NLD,0.00000000
2015,76,NLD,0.00000104
2015,76,PRT,0.00000039
2015,76,DEU,0.00000002
2015,76,ITA,0.00000001
2015,76,GBR,0.00000000
2015,76,Other,0.00000000
2015,78,NLD,0.00000000
2015,79,NLD,0.00000000
2015,80,NLD,0.00000005
2015,80,CHN,0.00000000
2015,81,NLD,0.00000010
2015,82,NLD,0.00000038
2015,82,GBR,0.00000001
2015,82,PRT,0.00000000
2015,82,CHN,0.00000000
2015,82,CHE,0.00000000
2015,82,Other,0.00000000
2015,83,NLD,0.00000026
2015,83,PRT,0.00000003
2015,83,GBR,0.00000001
2015,83,CHN,0.00000001
2015,83,DEU,0.00000000
2015,84,NLD,0.00000289
2015,84,GBR,0.00000066
2015,84,CAN,0.00000037
2015,84,DEU,0.00000017
2015,84,PRT,0.00000017
2015,84,Other,0.00000034
2015,85,NLD,0.00000373
2015,85,CAN,0.00000053
2015,85,DEU,0.00000044
2015,85,GBR,0.00000029
2015,85,FRA,0.00000013
2015,85,Other,0.00000034
2015,86,NLD,0.00000008
2015,86,ITA,0.00000000
2015,87,NLD,0.00000209
2015,87,GBR,0.00000065
2015,87,POL,0.00000008
2015,87,DEU,0.00000002
2015,87,CHN,0.00000001
2015,87,Other,0.00000003
2015,88,GBR,0.00000001
2015,88,NLD,0.00000001
2015,89,GBR,0.00000075
2015,89,NLD,0.00000008
2015,89,AUT,0.00000001
2015,90,NLD,0.00000242
2015,90,CAN,0.00000013
2015,90,BEL,0.00000010
2015,90,DEU,0.00000006
2015,90,GBR,0.00000004
2015,90,Other,0.00000005
2015,91,NLD,0.00000471
2015,91,CHE,0.00000055
2015,91,GBR,0.00000011
2015,91,FRA,0.00000003
2015,91,CAN,0.00000002
2015,91,Other,0.00000002
2015,92,NLD,0.00000000
2015,93,NLD,0.00000004
2015,94,NLD,0.00000266
2015,94,CAN,0.00000018
2015,94,DEU,0.00000014
2015,94,PRT,0.00000011
2015,94,CHN,0.00000006
2015,94,Other,0.00000013
2015,95,NLD,0.00000051
2015,95,AUT,0.00000011
2015,95,DEU,0.00000003
2015,95,CHN,0.00000003
2015,95,THA,0.00000001
2015,95,Other,0.00000001
2015,96,NLD,0.00000006
2015,96,CHN,0.00000000
2015,96,DEU,0.00000000
2015,96,TTO,0.00000000
2015,97,NLD,0.00000001
2015,97,JAM,0.00000000
2016,10,BEL,0.00000003
2016,10,NLD,0.00000000
2016,11,BEL,0.00000020
2016,11,NLD,0.00000000
2016,12,NLD,0.00000001
2016,14,NLD,0.00000000
2016,15,NLD,0.00000006
2016,15,ITA,0.00000001
2016,15,JAM,0.00000000
2016,15,BEL,0.00000000
2016,15,CHE,0.00000000
2016,16,NLD,0.00000070
2016,16,JAM,0.00000001
2016,16,KNA,0.00000000
2016,16,GBR,0.00000000
2016,17,NLD,0.00000020
2016,17,GBR,0.00000000
2016,17,ITA,0.00000000
2016,17,BEL,0.00000000
2016,18,NLD,0.00000009
2016,18,GBR,0.00000005
2016,19,NLD,0.00000052
2016,19,GBR,0.00000008
2016,19,ITA,0.00000001
2016,19,BEL,0.00000000
2016,19,JAM,0.00000000
2016,20,NLD,0.00000052
2016,20,BRA,0.00000029
2016,20,GBR,0.00000013
2016,20,PAN,0.00000009
2016,20,JAM,0.00000007
2016,20,Other,0.00000001
2016,21,NLD,0.00000088
2016,21,GBR,0.00000024
2016,21,ITA,0.00000001
2016,21,JAM,0.00000001
2016,21,BEL,0.00000000
2016,21,Other,0.00000000
2016,22,GBR,0.00000414
2016,22,NLD,0.00000386
2016,22,ITA,0.00000032
2016,22,BEL,0.00000017
2016,22,TTO,0.00000005
2016,22,Other,0.00000002
2016,23,NLD,0.00000078
2016,25,NLD,0.00000007
2016,25,BEL,0.00000000
2016,25,PRT,0.00000000
2016,27,COL,0.00023181
2016,27,RUS,0.00004572
2016,27,EST,0.00002121
2016,27,TTO,0.00001496
2016,27,FRA,0.00000276
2016,27,Other,0.00000003
2016,28,NLD,0.00000002
2016,29,NLD,0.00000002
2016,29,GBR,0.00000000
2016,30,NLD,0.00000458
2016,30,GBR,0.00000009
2016,30,DEU,0.00000002
2016,31,NLD,0.00000000
2016,32,NLD,0.00000099
2016,32,BEL,0.00000001
2016,32,DEU,0.00000001
2016,32,PRT,0.00000000
2016,32,POL,0.00000000
2016,32,Other,0.00000000
2016,33,NLD,0.00000036
2016,33,GBR,0.00000007
2016,33,ITA,0.00000001
2016,33,DEU,0.00000000
2016,33,CHN,0.00000000
2016,33,Other,0.00000000
2016,34,NLD,0.00000039
2016,34,GBR,0.00000004
2016,34,DEU,0.00000000
2016,34,TTO,0.00000000
2016,34,CHE,0.00000000
2016,34,Other,0.00000000
2016,35,NLD,0.00000003
2016,35,GBR,0.00000003
2016,35,PRT,0.00000001
2016,35,ITA,0.00000000
2016,35,POL,0.00000000
2016,35,Other,0.00000000
2016,36,NLD,0.00000001
2016,37,NLD,0.00000000
2016,38,NLD,0.00000030
2016,38,ITA,0.00000008
2016,38,PRT,0.00000003
2016,38,DEU,0.00000002
2016,38,GBR,0.00000001
2016,38,Other,0.00000000
2016,39,NLD,0.00000271
2016,39,PRT,0.00000011
2016,39,GBR,0.00000006
2016,39,CHN,0.00000004
2016,39,KNA,0.00000004
2016,39,Other,0.00000003
2016,40,NLD,0.00000225
2016,40,GBR,0.00000003
2016,40,DEU,0.00000002
2016,40,POL,0.00000001
2016,40,PRT,0.00000000
2016,40,Other,0.00000000
2016,41,NLD,0.00000002
2016,42,NLD,0.00000003
2016,42,GBR,0.00000002
2016,42,CHN,0.00000001
2016,42,CHE,0.00000000
2016,42,AUT,0.00000000
2016,42,Other,0.00000000
2016,43,NLD,0.00000000
2016,44,NLD,0.00000101
2016,44,PRT,0.00000017
2016,44,BRA,0.00000012
2016,44,DEU,0.00000002
2016,44,BEL,0.00000001
2016,44,Other,0.00000001
2016,45,PRT,0.00000000
2016,46,NLD,0.00000002
2016,48,NLD,0.00000040
2016,48,GBR,0.00000001
2016,48,DEU,0.00000000
2016,48,CHN,0.00000000
2016,48,JAM,0.00000000
2016,48,Other,0.00000000
2016,49,NLD,0.00000115
2016,49,GBR,0.00000002
2016,49,CAN,0.00000002
2016,49,GRC,0.00000001
2016,49,TTO,0.00000001
2016,49,Other,0.00000000
2016,51,KNA,0.00000000
2016,52,GBR,0.00000000
2016,54,NLD,0.00000001
2016,54,CHN,0.00000001
2016,55,NLD,0.00000000
2016,56,GBR,0.00000018
2016,56,NLD,0.00000003
2016,56,DEU,0.00000000
2016,56,PRT,0.00000000
2016,57,NLD,0.00000001
2016,57,CHN,0.00000001
2016,57,PRT,0.00000000
2016,57,POL,0.00000000
2016,58,NLD,0.00000002
2016,59,NLD,0.00000001
2016,59,GBR,0.00000000
2016,59,DEU,0.00000000
2016,60,CAN,0.00000002
2016,60,NLD,0.00000001
2016,61,NLD,0.00000004
2016,61,GBR,0.00000004
2016,61,CAN,0.00000002
2016,61,CHN,0.00000001
2016,61,AUT,0.00000001
2016,61,Other,0.00000000
2016,62,NLD,0.00000030
2016,62,GBR,0.00000007
2016,62,CAN,0.00000002
2016,62,ITA,0.00000001
2016,62,TTO,0.00000000
2016,62,Other,0.00000001
2016,63,GBR,0.00000059
2016,63,NLD,0.00000029
2016,63,BRB,0.00000002
2016,63,CHN,0.00000001
2016,63,PRT,0.00000001
2016,63,Other,0.00000002
2016,64,NLD,0.00000011
2016,64,CHN,0.00000007
2016,64,ITA,0.00000001
2016,64,GBR,0.00000000
2016,64,TTO,0.00000000
2016,64,Other,0.00000000
2016,65,NLD,0.00000001
2016,65,CHN,0.00000000
2016,65,DEU,0.00000000
2016,65,TTO,0.00000000
2016,65,CHE,0.00000000
2016,66,NLD,0.00000002
2016,66,GBR,0.00000000
2016,66,CHE,0.00000000
2016,67,CHN,0.00000002
2016,67,NLD,0.00000000
2016,68,NLD,0.00000063
2016,68,PRT,0.00000005
2016,68,CAN,0.00000002
2016,68,DEU,0.00000000
2016,68,CHN,0.00000000
2016,68,Other,0.00000000
2016,69,NLD,0.00000033
2016,69,ESP,0.00000016
2016,69,PRT,0.00000013
2016,69,POL,0.00000005
2016,69,CHN,0.00000005
2016,69,Other,0.00000010
2016,70,NLD,0.00000062
2016,70,GBR,0.00000005
2016,70,PRT,0.00000002
2016,70,CHN,0.00000002
2016,70,POL,0.00000001
2016,70,Other,0.00000001
2016,71,NLD,0.00000010
2016,71,GBR,0.00000005
2016,71,DEU,0.00000002
2016,71,THA,0.00000001
2016,71,ITA,0.00000000
2016,71,Other,0.00000000
2016,72,NLD,0.00000010
2016,72,BEL,0.00000006
2016,72,PRT,0.00000005
2016,72,POL,0.00000000
2016,73,NLD,0.00000383
2016,73,PRT,0.00000044
2016,73,GBR,0.00000007
2016,73,CAN,0.00000002
2016,73,DEU,0.00000002
2016,73,Other,0.00000004
2016,74,NLD,0.00000028
2016,74,GBR,0.00000000
2016,74,PRT,0.00000000
2016,74,DEU,0.00000000
2016,76,NLD,0.00000098
2016,76,PRT,0.00000037
2016,76,DEU,0.00000022
2016,76,POL,0.00000001
2016,76,GBR,0.00000001
2016,76,Other,0.00000000
2016,80,NLD,0.00000004
2016,81,NLD,0.00000016
2016,82,NLD,0.00000031
2016,82,GBR,0.00000003
2016,82,CHN,0.00000001
2016,82,DEU,0.00000000
2016,82,PRT,0.00000000
2016,82,Other,0.00000000
2016,83,NLD,0.00000022
2016,83,PRT,0.00000003
2016,83,GBR,0.00000002
2016,83,CHN,0.00000000
2016,83,DEU,0.00000000
2016,83,Other,0.00000000
2016,84,NLD,0.00000487
2016,84,GBR,0.00000058
2016,84,ITA,0.00000018
2016,84,ESP,0.00000016
2016,84,DEU,0.00000015
2016,84,Other,0.00000043
2016,85,NLD,0.00000519
2016,85,GBR,0.00000047
2016,85,DEU,0.00000021
2016,85,ITA,0.00000014
2016,85,CHN,0.00000014
2016,85,Other,0.00000016
2016,86,NLD,0.00000003
2016,86,ITA,0.00000000
2016,86,BEL,0.00000000
2016,87,NLD,0.00000179
2016,87,GBR,0.00000052
2016,87,POL,0.00000019
2016,87,DEU,0.00000001
2016,87,CHN,0.00000000
2016,87,Other,0.00000001
2016,88,NLD,0.00000001
2016,88,BRA,0.00000000
2016,89,NLD,0.00000099
2016,89,GBR,0.00000007
2016,90,NLD,0.00000179
2016,90,GBR,0.00000066
2016,90,COL,0.00000008
2016,90,BEL,0.00000006
2016,90,SWE,0.00000006
2016,90,Other,0.00000009
2016,91,NLD,0.00000542
2016,91,CHE,0.00000039
2016,91,GBR,0.00000011
2016,91,CHN,0.00000000
2016,91,JAM,0.00000000
2016,91,Other,0.00000000
2016,92,NLD,0.00000001
2016,93,NLD,0.00000004
2016,94,NLD,0.00000586
2016,94,GBR,0.00000012
2016,94,DEU,0.00000012
2016,94,PRT,0.00000011
2016,94,CHN,0.00000007
2016,94,Other,0.00000012
2016,95,NLD,0.00000059
2016,95,AUT,0.00000006
2016,95,CHN,0.00000005
2016,95,DEU,0.00000001
2016,95,THA,0.00000001
2016,95,Other,0.00000001
2016,96,NLD,0.00000007
2016,96,GBR,0.00000001
2016,96,CHN,0.00000001
2016,96,CHE,0.00000000
2016,96,TTO,0.00000000
2016,97,NLD,0.00000000
2017,10,CUW,0.00000059
2017,10,BEL,0.00000002
2017,10,NLD,0.00000002
2017,11,BEL,0.00000019
2017,11,CUW,0.00000011
2017,11,NLD,0.00000001
2017,12,NLD,0.00000001
2017,12,CUW,0.00000000
2017,12,CHN,0.00000000
2017,13,CUW,0.00000000
2017,14,NLD,0.00000000
2017,14,CUW,0.00000000
2017,15,CUW,0.00000026
2017,15,EST,0.00000007
2017,15,NLD,0.00000005
2017,15,ITA,0.00000001
2017,16,NLD,0.00000094
2017,16,CUW,0.00000005
2017,16,PRT,0.00000000
2017,17,NLD,0.00000033
2017,17,CUW,0.00000027
2017,17,BEL,0.00000001
2017,17,GBR,0.00000000
2017,17,ITA,0.00000000
2017,17,Other,0.00000000
2017,18,NLD,0.00000008
2017,18,GBR,0.00000005
2017,18,CUW,0.00000002
2017,19,NLD,0.00000061
2017,19,CUW,0.00000031
2017,19,GBR,0.00000004
2017,19,ITA,0.00000001
2017,20,CUW,0.00000112
2017,20,NLD,0.00000068
2017,20,GBR,0.00000014
2017,20,BRA,0.00000011
2017,20,JAM,0.00000002
2017,20,Other,0.00000003
2017,21,CUW,0.00000299
2017,21,NLD,0.00000100
2017,21,GBR,0.00000020
2017,21,BEL,0.00000002
2017,21,JAM,0.00000000
2017,21,Other,0.00000000
2017,22,NLD,0.00000436
2017,22,GBR,0.00000332
2017,22,CUW,0.00000216
2017,22,PAN,0.00000065
2017,22,ITA,0.00000028
2017,22,Other,0.00000023
2017,23,NLD,0.00000085
2017,23,CUW,0.00000002
2017,24,CUW,0.00000002
2017,25,CUW,0.00000071
2017,25,TTO,0.00000007
2017,25,NLD,0.00000004
2017,25,BEL,0.00000000
2017,25,BRA,0.00000000
2017,25,Other,0.00000000
2017,27,TTO,0.00015488
2017,27,COL,0.00012841
2017,27,RUS,0.00002536
2017,27,FRA,0.00000013
2017,27,NLD,0.00000003
2017,27,Other,0.00000000
2017,28,CUW,0.00000023
2017,28,NLD,0.00000004
2017,28,DEU,0.00000000
2017,29,CUW,0.00000009
2017,29,NLD,0.00000004
2017,29,TTO,0.00000000
2017,29,CHN,0.00000000
2017,30,NLD,0.00000473
2017,30,CUW,0.00000098
2017,30,GBR,0.00000009
2017,30,DEU,0.00000001
2017,30,PAN,0.00000001
2017,30,Other,0.00000000
2017,31,NLD,0.00000000
2017,32,NLD,0.00000094
2017,32,CUW,0.00000089
2017,32,BEL,0.00000001
2017,32,PRT,0.00000001
2017,32,DEU,0.00000000
2017,32,Other,0.00000000
2017,33,CUW,0.00000069
2017,33,NLD,0.00000050
2017,33,GBR,0.00000002
2017,33,PAN,0.00000000
2017,34,CUW,0.00000071
2017,34,NLD,0.00000043
2017,34,TTO,0.00000009
2017,34,GBR,0.00000002
2017,34,DEU,0.00000001
2017,34,Other,0.00000000
2017,35,NLD,0.00000004
2017,35,CUW,0.00000004
2017,35,GBR,0.00000001
2017,35,BEL,0.00000000
2017,35,PRT,0.00000000
2017,35,Other,0.00000000
2017,36,CUW,0.00000000
2017,36,NLD,0.00000000
2017,37,CUW,0.00000000
2017,38,NLD,0.00000023
2017,38,CUW,0.00000023
2017,38,CAN,0.00000004
2017,38,CHN,0.00000001
2017,38,DEU,0.00000001
2017,38,Other,0.00000001
2017,39,NLD,0.00000283
2017,39,CUW,0.00000038
2017,39,CHN,0.00000007
2017,39,GBR,0.00000003
2017,39,PRT,0.00000002
2017,39,Other,0.00000006
2017,40,NLD,0.00000305
2017,40,CUW,0.00000058
2017,40,GBR,0.00000010
2017,40,DEU,0.00000003
2017,40,PAN,0.00000001
2017,40,Other,0.00000000
2017,41,NLD,0.00000001
2017,42,NLD,0.00000003
2017,42,PAN,0.00000001
2017,42,CHN,0.00000001
2017,42,GBR,0.00000001
2017,42,CUW,0.00000000
2017,42,Other,0.00000000
2017,43,NLD,0.00000001
2017,44,NLD,0.00000117
2017,44,CUW,0.00000113
2017,44,BRA,0.00000021
2017,44,CAN,0.00000006
2017,44,PRT,0.00000006
2017,44,Other,0.00000002
2017,45,BEL,0.00000000
2017,45,NLD,0.00000000
2017,46,NLD,0.00000002
2017,46,CUW,0.00000000
2017,47,CUW,0.00000000
2017,48,CUW,0.00000060
2017,48,NLD,0.00000038
2017,48,GBR,0.00000001
2017,48,CHN,0.00000001
2017,48,BEL,0.00000001
2017,48,Other,0.00000001
2017,49,NLD,0.00000044
2017,49,CUW,0.00000006
2017,49,GBR,0.00000002
2017,49,FRA,0.00000001
2017,49,CAN,0.00000001
2017,49,Other,0.00000001
2017,50,NLD,0.00000000
2017,51,CUW,0.00000000
2017,52,NLD,0.00000000
2017,52,CUW,0.00000000
2017,52,SWE,0.00000000
2017,54,CHN,0.00000000
2017,54,NLD,0.00000000
2017,55,NLD,0.00000005
2017,55,CUW,0.00000002
2017,56,GBR,0.00000005
2017,56,NLD,0.00000001
2017,56,CUW,0.00000001
2017,56,DEU,0.00000000
2017,56,PRT,0.00000000
2017,56,Other,0.00000000
2017,57,NLD,0.00000002
2017,57,BEL,0.00000001
2017,57,PAN,0.00000000
2017,57,CHN,0.00000000
2017,57,CUW,0.00000000
2017,58,NLD,0.00000005
2017,58,GBR,0.00000000
2017,58,SWE,0.00000000
2017,58,CUW,0.00000000
2017,59,NLD,0.00000000
2017,59,CUW,0.00000000
2017,59,PRT,0.00000000
2017,59,DEU,0.00000000
2017,59,CHN,0.00000000
2017,59,Other,0.00000000
2017,60,CAN,0.00000002
2017,60,NLD,0.00000002
2017,60,CUW,0.00000001
2017,61,NLD,0.00000003
2017,61,CUW,0.00000003
2017,61,CHN,0.00000002
2017,61,PAN,0.00000001
2017,61,GBR,0.00000001
2017,61,Other,0.00000002
2017,62,NLD,0.00000032
2017,62,PAN,0.00000010
2017,62,CUW,0.00000003
2017,62,GBR,0.00000001
2017,62,ITA,0.00000001
2017,62,Other,0.00000000
2017,63,NLD,0.00000050
2017,63,GBR,0.00000019
2017,63,CUW,0.00000005
2017,63,BRB,0.00000002
2017,63,CHN,0.00000002
2017,63,Other,0.00000002
2017,64,PAN,0.00000013
2017,64,NLD,0.00000012
2017,64,GBR,0.00000002
2017,64,CHN,0.00000002
2017,64,CUW,0.00000001
2017,64,Other,0.00000001
2017,65,NLD,0.00000000
2017,65,CHN,0.00000000
2017,65,AUT,0.00000000
2017,65,PAN,0.00000000
2017,65,CUW,0.00000000
2017,65,Other,0.00000000
2017,66,NLD,0.00000001
2017,66,CUW,0.00000000
2017,66,DEU,0.00000000
2017,67,NLD,0.00000001
2017,67,CHN,0.00000000
2017,68,NLD,0.00000075
2017,68,CUW,0.00000029
2017,68,GBR,0.00000004
2017,68,PRT,0.00000002
2017,68,BEL,0.00000002
2017,68,Other,0.00000001
2017,69,NLD,0.00000084
2017,69,CUW,0.00000029
2017,69,PRT,0.00000013
2017,69,ESP,0.00000012
2017,69,POL,0.00000003
2017,69,Other,0.00000009
2017,70,NLD,0.00000068
2017,70,CUW,0.00000011
2017,70,PRT,0.00000004
2017,70,CHN,0.00000002
2017,70,GBR,0.00000001
2017,70,Other,0.00000001
2017,71,NLD,0.00000015
2017,71,GBR,0.00000003
2017,71,CUW,0.00000002
2017,71,DEU,0.00000001
2017,71,THA,0.00000001
2017,71,Other,0.00000002
2017,72,CUW,0.00000034
2017,72,BEL,0.00000007
2017,72,NLD,0.00000004
2017,72,ITA,0.00000001
2017,72,TTO,0.00000001
2017,72,Other,0.00000000
2017,73,NLD,0.00000416
2017,73,PRT,0.00000057
2017,73,CUW,0.00000047
2017,73,GBR,0.00000009
2017,73,CHN,0.00000008
2017,73,Other,0.00000019
2017,74,NLD,0.00000024
2017,74,CUW,0.00000003
2017,74,PRT,0.00000000
2017,74,TTO,0.00000000
2017,74,CHN,0.00000000
2017,76,NLD,0.00000141
2017,76,CUW,0.00000095
2017,76,PRT,0.00000029
2017,76,ITA,0.00000003
2017,76,GBR,0.00000002
2017,76,Other,0.00000003
2017,78,CUW,0.00000001
2017,78,NLD,0.00000000
2017,79,NLD,0.00000000
2017,79,DEU,0.00000000
2017,79,GBR,0.00000000
2017,80,CUW,0.00000033
2017,80,NLD,0.00000007
2017,81,NLD,0.00000021
2017,81,CUW,0.00000004
2017,82,NLD,0.00000035
2017,82,CUW,0.00000006
2017,82,DEU,0.00000001
2017,82,GBR,0.00000000
2017,82,CHN,0.00000000
2017,82,Other,0.00000001
2017,83,NLD,0.00000023
2017,83,CUW,0.00000003
2017,83,PRT,0.00000001
2017,83,CHN,0.00000001
2017,83,SWE,0.00000000
2017,83,Other,0.00000000
2017,84,NLD,0.00000449
2017,84,CUW,0.00000145
2017,84,GBR,0.00000095
2017,84,DEU,0.00000024
2017,84,ATG,0.00000016
2017,84,Other,0.00000053
2017,85,NLD,0.00000626
2017,85,CUW,0.00000093
2017,85,PAN,0.00000070
2017,85,GBR,0.00000046
2017,85,CHN,0.00000045
2017,85,Other,0.00000039
2017,86,NLD,0.00000003
2017,86,CUW,0.00000001
2017,86,ITA,0.00000001
2017,86,PRT,0.00000000
2017,86,BEL,0.00000000
2017,87,CUW,0.00000600
2017,87,NLD,0.00000254
2017,87,AUT,0.00000076
2017,87,GBR,0.00000043
2017,87,POL,0.00000029
2017,87,Other,0.00000023
2017,88,CUW,0.00000001
2017,88,NLD,0.00000001
2017,88,GBR,0.00000000
2017,89,NLD,0.00000221
2017,89,GBR,0.00000039
2017,89,HRV,0.00000027
2017,89,CUW,0.00000010
2017,89,POL,0.00000001
2017,89,Other,0.00000000
2017,90,NLD,0.00000221
2017,90,GBR,0.00000096
2017,90,CUW,0.00000020
2017,90,SWE,0.00000014
2017,90,DEU,0.00000008
2017,90,Other,0.00000010
2017,91,NLD,0.00000636
2017,91,CHE,0.00000072
2017,91,GBR,0.00000020
2017,91,CUW,0.00000004
2017,91,PAN,0.00000001
2017,91,Other,0.00000000
2017,92,CUW,0.00000014
2017,92,TTO,0.00000000
2017,92,NLD,0.00000000
2017,93,NLD,0.00000002
2017,94,NLD,0.00000671
2017,94,CUW,0.00000036
2017,94,PRT,0.00000021
2017,94,CHN,0.00000011
2017,94,DEU,0.00000010
2017,94,Other,0.00000015
2017,95,NLD,0.00000089
2017,95,CUW,0.00000038
2017,95,AUT,0.00000009
2017,95,CHN,0.00000003
2017,95,THA,0.00000002
2017,95,Other,0.00000006
2017,96,NLD,0.00000009
2017,96,CUW,0.00000005
2017,96,PAN,0.00000001
2017,96,CHN,0.00000000
2017,96,DEU,0.00000000
2017,96,Other,0.00000000
2017,97,NLD,0.00000003
2017,97,GBR,0.00000002
2017,97,CUW,0.00000000
2018,10,CUW,0.00000066
2018,10,BEL,0.00000002
2018,10,NLD,0.00000001
2018,11,BEL,0.00000021
2018,11,CUW,0.00000010
2018,11,NLD,0.00000001
2018,12,NLD,0.00000003
2018,12,CUW,0.00000000
2018,13,CUW,0.00000000
2018,14,CHN,0.00000000
2018,14,CUW,0.00000000
2018,15,CUW,0.00000023
2018,15,EST,0.00000011
2018,15,NLD,0.00000010
2018,15,ITA,0.00000001
2018,16,NLD,0.00000112
2018,16,CUW,0.00000006
2018,16,BRA,0.00000001
2018,16,JAM,0.00000000
2018,17,NLD,0.00000040
2018,17,CUW,0.00000018
2018,18,NLD,0.00000012
2018,18,GBR,0.00000008
2018,18,CUW,0.00000001
2018,19,NLD,0.00000073
2018,19,CUW,0.00000031
2018,19,GBR,0.00000002
2018,19,ITA,0.00000001
2018,19,BEL,0.00000000
2018,20,CUW,0.00000102
2018,20,BRA,0.00000092
2018,20,NLD,0.00000075
2018,20,GBR,0.00000025
2018,20,JAM,0.00000002
2018,20,Other,0.00000002
2018,21,CUW,0.00000426
2018,21,NLD,0.00000170
2018,21,GBR,0.00000023
2018,21,BEL,0.00000002
2018,21,JAM,0.00000000
2018,22,NLD,0.00000545
2018,22,GBR,0.00000353
2018,22,CUW,0.00000231
2018,22,ITA,0.00000032
2018,22,PAN,0.00000014
2018,22,Other,0.00000016
2018,23,NLD,0.00000095
2018,23,CUW,0.00000003
2018,24,CUW,0.00000002
2018,25,CUW,0.00000263
2018,25,TTO,0.00000018
2018,25,NLD,0.00000014
2018,25,BEL,0.00000001
2018,25,ITA,0.00000000
2018,25,Other,0.00000000
2018,26,CUW,0.00000000
2018,27,TTO,0.00035354
2018,27,COL,0.00011874
2018,27,CAN,0.00007900
2018,27,FRA,0.00000014
2018,27,NLD,0.00000001
2018,27,Other,0.00000000
2018,28,CUW,0.00000029
2018,28,NLD,0.00000024
2018,28,DEU,0.00000000
2018,29,CUW,0.00000009
2018,29,GBR,0.00000000
2018,29,PAN,0.00000000
2018,29,NLD,0.00000000
2018,30,NLD,0.00000566
2018,30,CUW,0.00000050
2018,30,GBR,0.00000005
2018,30,CAN,0.00000003
2018,30,DEU,0.00000001
2018,30,Other,0.00000000
2018,31,NLD,0.00000000
2018,32,NLD,0.00000117
2018,32,CUW,0.00000082
2018,32,BEL,0.00000003
2018,32,SWE,0.00000003
2018,32,BRA,0.00000002
2018,32,Other,0.00000002
2018,33,NLD,0.00000080
2018,33,CUW,0.00000050
2018,33,GBR,0.00000005
2018,33,PAN,0.00000001
2018,33,DEU,0.00000000
2018,33,Other,0.00000000
2018,34,CUW,0.00000077
2018,34,NLD,0.00000049
2018,34,GBR,0.00000003
2018,34,DEU,0.00000001
2018,34,CHN,0.00000000
2018,34,Other,0.00000000
2018,35,NLD,0.00000005
2018,35,CUW,0.00000004
2018,35,GBR,0.00000002
2018,35,PRT,0.00000001
2018,35,ITA,0.00000000
2018,35,Other,0.00000000
2018,36,CUW,0.00000002
2018,36,NLD,0.00000000
2018,37,CUW,0.00000000
2018,38,NLD,0.00000049
2018,38,CUW,0.00000033
2018,38,DEU,0.00000004
2018,38,BRA,0.00000001
2018,38,GBR,0.00000001
2018,38,Other,0.00000001
2018,39,NLD,0.00000302
2018,39,DNK,0.00000065
2018,39,CUW,0.00000045
2018,39,BEL,0.00000010
2018,39,GBR,0.00000007
2018,39,Other,0.00000012
2018,40,NLD,0.00000437
2018,40,CUW,0.00000053
2018,40,GBR,0.00000008
2018,40,CHN,0.00000006
2018,40,PAN,0.00000004
2018,40,Other,0.00000004
2018,41,NLD,0.00000002
2018,41,CUW,0.00000000
2018,42,NLD,0.00000012
2018,42,PAN,0.00000004
2018,42,CUW,0.00000001
2018,42,GBR,0.00000001
2018,42,ITA,0.00000000
2018,42,Other,0.00000000
2018,43,NLD,0.00000000
2018,44,NLD,0.00000121
2018,44,CUW,0.00000112
2018,44,PRT,0.00000009
2018,44,BRA,0.00000007
2018,44,BEL,0.00000002
2018,44,Other,0.00000001
2018,45,CUW,0.00000001
2018,45,NLD,0.00000000
2018,46,NLD,0.00000000
2018,46,CHN,0.00000000
2018,46,CUW,0.00000000
2018,47,CUW,0.00000000
2018,48,NLD,0.00000059
2018,48,CUW,0.00000049
2018,48,CHN,0.00000004
2018,48,GBR,0.00000004
2018,48,BEL,0.00000001
2018,48,Other,0.00000001
2018,49,NLD,0.00000045
2018,49,CUW,0.00000013
2018,49,GBR,0.00000005
2018,49,FRA,0.00000001
2018,49,TTO,0.00000000
2018,49,Other,0.00000001
2018,50,BRA,0.00000000
2018,51,BRA,0.00000002
2018,52,CUW,0.00000000
2018,52,NLD,0.00000000
2018,54,GBR,0.00000004
2018,54,NLD,0.00000000
2018,54,CHN,0.00000000
2018,55,CUW,0.00000002
2018,55,NLD,0.00000000
2018,56,NLD,0.00000005
2018,56,GBR,0.00000004
2018,56,CUW,0.00000001
2018,56,PAN,0.00000000
2018,56,AUT,0.00000000
2018,57,PAN,0.00000002
2018,57,NLD,0.00000002
2018,57,CUW,0.00000001
2018,57,DEU,0.00000000
2018,58,NLD,0.00000006
2018,59,NLD,0.00000001
2018,59,CUW,0.00000000
2018,59,BEL,0.00000000
2018,59,DEU,0.00000000
2018,59,PRT,0.00000000
2018,59,Other,0.00000000
2018,60,NLD,0.00000003
2018,60,CAN,0.00000002
2018,60,CUW,0.00000000
2018,60,AUT,0.00000000
2018,61,NLD,0.00000007
2018,61,PAN,0.00000007
2018,61,GBR,0.00000006
2018,61,ITA,0.00000003
2018,61,BRA,0.00000002
2018,61,Other,0.00000003
2018,62,NLD,0.00000028
2018,62,PAN,0.00000019
2018,62,CUW,0.00000003
2018,62,GBR,0.00000001
2018,62,BRA,0.00000000
2018,62,Other,0.00000001
2018,63,NLD,0.00000056
2018,63,GBR,0.00000012
2018,63,CUW,0.00000008
2018,63,PAN,0.00000003
2018,63,BRB,0.00000001
2018,63,Other,0.00000001
2018,64,NLD,0.00000014
2018,64,PAN,0.00000011
2018,64,CUW,0.00000001
2018,64,ITA,0.00000001
2018,64,AUT,0.00000001
2018,64,Other,0.00000000
2018,65,NLD,0.00000001
2018,65,PAN,0.00000000
2018,65,BEL,0.00000000
2018,65,CUW,0.00000000
2018,65,CHE,0.00000000
2018,65,Other,0.00000000
2018,66,NLD,0.00000002
2018,66,CHE,0.00000000
2018,66,CUW,0.00000000
2018,67,CUW,0.00000000
2018,67,PAN,0.00000000
2018,68,NLD,0.00000153
2018,68,CUW,0.00000050
2018,68,BEL,0.00000008
2018,68,PRT,0.00000004
2018,68,DEU,0.00000001
2018,68,Other,0.00000002
2018,69,NLD,0.00000136
2018,69,CUW,0.00000024
2018,69,CHN,0.00000015
2018,69,ESP,0.00000012
2018,69,ITA,0.00000011
2018,69,Other,0.00000019
2018,70,NLD,0.00000052
2018,70,CUW,0.00000014
2018,70,PRT,0.00000006
2018,70,DEU,0.00000002
2018,70,CHN,0.00000000
2018,70,Other,0.00000001
2018,71,NLD,0.00000021
2018,71,CUW,0.00000018
2018,71,GBR,0.00000001
2018,71,DEU,0.00000001
2018,71,THA,0.00000001
2018,71,Other,0.00000001
2018,72,NLD,0.00000027
2018,72,CUW,0.00000023
2018,72,BEL,0.00000015
2018,72,PRT,0.00000004
2018,72,CHN,0.00000000
2018,72,Other,0.00000001
2018,73,NLD,0.00000300
2018,73,PRT,0.00000033
2018,73,CUW,0.00000030
2018,73,ITA,0.00000018
2018,73,BEL,0.00000015
2018,73,Other,0.00000021
2018,74,NLD,0.00000022
2018,74,ITA,0.00000005
2018,74,CUW,0.00000004
2018,74,GBR,0.00000000
2018,74,PAN,0.00000000
2018,74,Other,0.00000000
2018,76,NLD,0.00000175
2018,76,CUW,0.00000170
2018,76,PRT,0.00000054
2018,76,DEU,0.00000007
2018,76,ITA,0.00000006
2018,76,Other,0.00000010
2018,78,NLD,0.00000003
2018,78,CUW,0.00000000
2018,79,CUW,0.00000000
2018,79,NLD,0.00000000
2018,80,CUW,0.00000039
2018,80,NLD,0.00000009
2018,81,NLD,0.00000014
2018,81,CUW,0.00000002
2018,82,NLD,0.00000042
2018,82,CUW,0.00000007
2018,82,CHN,0.00000001
2018,82,CHE,0.00000001
2018,82,PAN,0.00000001
2018,82,Other,0.00000001
2018,83,NLD,0.00000036
2018,83,CUW,0.00000002
2018,83,PRT,0.00000001
2018,83,BEL,0.00000001
2018,83,PAN,0.00000001
2018,83,Other,0.00000001
2018,84,NLD,0.00000816
2018,84,CUW,0.00000229
2018,84,ITA,0.00000099
2018,84,GBR,0.00000062
2018,84,DEU,0.00000026
2018,84,Other,0.00000066
2018,85,NLD,0.00000538
2018,85,GBR,0.00000159
2018,85,ITA,0.00000103
2018,85,CUW,0.00000090
2018,85,PAN,0.00000017
2018,85,Other,0.00000043
2018,86,NLD,0.00000012
2018,86,CUW,0.00000001
2018,86,BEL,0.00000001
2018,86,TTO,0.00000001
2018,86,PRT,0.00000001
2018,86,Other,0.00000000
2018,87,CUW,0.00000286
2018,87,NLD,0.00000243
2018,87,HRV,0.00000072
2018,87,GBR,0.00000072
2018,87,POL,0.00000020
2018,87,Other,0.00000025
2018,88,CUW,0.00000002
2018,88,NLD,0.00000001
2018,89,NLD,0.00000042
2018,89,CUW,0.00000018
2018,89,GBR,0.00000012
2018,89,BEL,0.00000003
2018,90,NLD,0.00000407
2018,90,CUW,0.00000012
2018,90,SWE,0.00000009
2018,90,BEL,0.00000009
2018,90,GBR,0.00000008
2018,90,Other,0.00000009
2018,91,NLD,0.00000626
2018,91,CHE,0.00000062
2018,91,GBR,0.00000037
2018,91,CUW,0.00000006
2018,91,CHN,0.00000000
2018,91,Other,0.00000000
2018,92,CUW,0.00000021
2018,92,NLD,0.00000002
2018,92,GBR,0.00000000
2018,93,NLD,0.00000019
2018,93,CUW,0.00000001
2018,94,NLD,0.00000637
2018,94,CUW,0.00000041
2018,94,CHN,0.00000012
2018,94,ITA,0.00000012
2018,94,DEU,0.00000009
2018,94,Other,0.00000022
2018,95,NLD,0.00000121
2018,95,GBR,0.00000041
2018,95,CUW,0.00000015
2018,95,AUT,0.00000006
2018,95,PAN,0.00000001
2018,95,Other,0.00000002
2018,96,NLD,0.00000010
2018,96,CUW,0.00000007
2018,96,PAN,0.00000001
2018,96,CHN,0.00000000
2018,96,CHE,0.00000000
2018,96,Other,0.00000000
2018,97,NLD,0.00000001
2018,97,CUW,0.00000000
2019,10,CUW,0.00000064
2019,10,BEL,0.00000002
2019,10,NLD,0.00000001
2019,11,CAN,0.00000027
2019,11,BEL,0.00000023
2019,11,CUW,0.00000007
2019,11,NLD,0.00000001
2019,12,NLD,0.00000009
2019,13,NLD,0.00000000
2019,14,DEU,0.00000001
2019,15,EST,0.00000024
2019,15,CUW,0.00000023
2019,15,NLD,0.00000004
2019,15,DEU,0.00000000
2019,15,PAN,0.00000000
2019,16,NLD,0.00000088
2019,16,CUW,0.00000009
2019,16,BRA,0.00000002
2019,16,GBR,0.00000001
2019,16,JAM,0.00000000
2019,17,NLD,0.00000029
2019,17,CUW,0.00000018
2019,17,ITA,0.00000000
2019,17,GBR,0.00000000
2019,17,BEL,0.00000000
2019,18,NLD,0.00000015
2019,18,GBR,0.00000003
2019,18,CUW,0.00000001
2019,18,CHE,0.00000000
2019,18,PAN,0.00000000
2019,19,NLD,0.00000069
2019,19,CUW,0.00000029
2019,19,ITA,0.00000001
2019,19,GBR,0.00000000
2019,19,PAN,0.00000000
2019,20,CUW,0.00000127
2019,20,NLD,0.00000106
2019,20,BRA,0.00000105
2019,20,GBR,0.00000015
2019,20,CAN,0.00000002
2019,20,Other,0.00000001
2019,21,CUW,0.00000376
2019,21,NLD,0.00000200
2019,21,GBR,0.00000032
2019,21,BEL,0.00000003
2019,21,ITA,0.00000001
2019,21,Other,0.00000000
2019,22,NLD,0.00000620
2019,22,GBR,0.00000392
2019,22,CUW,0.00000236
2019,22,ITA,0.00000036
2019,22,BEL,0.00000009
2019,22,Other,0.00000005
2019,23,NLD,0.00000117
2019,23,CUW,0.00000004
2019,24,NLD,0.00000005
2019,24,CUW,0.00000001
2019,25,CUW,0.00000356
2019,25,NLD,0.00000018
2019,25,FRA,0.00000006
2019,25,PRT,0.00000001
2019,25,BEL,0.00000000
2019,27,COL,0.00011564
2019,27,RUS,0.00006408
2019,27,PER,0.00004288
2019,27,NLD,0.00003709
2019,27,BRA,0.00001878
2019,27,Other,0.00003411
2019,28,CUW,0.00000024
2019,28,NLD,0.00000011
2019,28,GBR,0.00000000
2019,28,TTO,0.00000000
2019,29,CUW,0.00000007
2019,29,GBR,0.00000003
2019,29,NLD,0.00000000
2019,29,BRA,0.00000000
2019,30,NLD,0.00000808
2019,30,CUW,0.00000039
2019,30,GBR,0.00000005
2019,30,PRT,0.00000002
2019,30,BRA,0.00000000
2019,30,Other,0.00000000
2019,31,NLD,0.00000000
2019,31,CUW,0.00000000
2019,32,NLD,0.00000091
2019,32,CUW,0.00000074
2019,32,BRA,0.00000005
2019,32,BEL,0.00000003
2019,32,DEU,0.00000001
2019,32,Other,0.00000001
2019,33,NLD,0.00000067
2019,33,CUW,0.00000063
2019,33,GBR,0.00000002
2019,33,PAN,0.00000001
2019,33,BEL,0.00000000
2019,33,Other,0.00000000
2019,34,CUW,0.00000063
2019,34,NLD,0.00000059
2019,34,GBR,0.00000003
2019,34,BEL,0.00000001
2019,34,PAN,0.00000001
2019,34,Other,0.00000000
2019,35,NLD,0.00000008
2019,35,CUW,0.00000005
2019,35,ITA,0.00000002
2019,35,GBR,0.00000002
2019,35,PRT,0.00000001
2019,35,Other,0.00000000
2019,36,NLD,0.00000001
2019,36,CUW,0.00000000
2019,37,CUW,0.00000000
2019,38,NLD,0.00000042
2019,38,CUW,0.00000021
2019,38,BRA,0.00000004
2019,38,BEL,0.00000002
2019,38,DEU,0.00000002
2019,38,Other,0.00000001
2019,39,NLD,0.00000392
2019,39,CUW,0.00000036
2019,39,GBR,0.00000007
2019,39,PAN,0.00000007
2019,39,PRT,0.00000006
2019,39,Other,0.00000008
2019,40,NLD,0.00000234
2019,40,CUW,0.00000067
2019,40,GBR,0.00000033
2019,40,PAN,0.00000013
2019,40,DEU,0.00000001
2019,40,Other,0.00000001
2019,41,NLD,0.00000003
2019,42,NLD,0.00000012
2019,42,PAN,0.00000005
2019,42,GBR,0.00000001
2019,42,CUW,0.00000000
2019,42,ITA,0.00000000
2019,42,Other,0.00000000
2019,43,NLD,0.00000002
2019,44,CUW,0.00000126
2019,44,NLD,0.00000091
2019,44,BRA,0.00000039
2019,44,PRT,0.00000021
2019,44,DEU,0.00000004
2019,44,Other,0.00000004
2019,45,PRT,0.00000001
2019,46,PAN,0.00000001
2019,46,NLD,0.00000000
2019,48,NLD,0.00000062
2019,48,CUW,0.00000036
2019,48,GBR,0.00000002
2019,48,BEL,0.00000001
2019,48,DEU,0.00000001
2019,48,Other,0.00000000
2019,49,NLD,0.00000034
2019,49,CUW,0.00000008
2019,49,GBR,0.00000008
2019,49,FRA,0.00000001
2019,49,CAN,0.00000001
2019,49,Other,0.00000001
2019,50,BRA,0.00000000
2019,51,NLD,0.00000000
2019,54,NLD,0.00000003
2019,55,CUW,0.00000002
2019,55,NLD,0.00000000
2019,55,BEL,0.00000000
2019,56,GBR,0.00000007
2019,56,CUW,0.00000001
2019,56,NLD,0.00000001
2019,56,DEU,0.00000000
2019,56,PAN,0.00000000
2019,56,Other,0.00000000
2019,57,PAN,0.00000003
2019,57,NLD,0.00000001
2019,57,DEU,0.00000001
2019,57,GBR,0.00000000
2019,57,CUW,0.00000000
2019,58,NLD,0.00000004
2019,58,PAN,0.00000000
2019,58,GBR,0.00000000
2019,58,CAN,0.00000000
2019,58,CHE,0.00000000
2019,59,NLD,0.00000002
2019,59,BEL,0.00000000
2019,59,CUW,0.00000000
2019,59,DEU,0.00000000
2019,60,NLD,0.00000011
2019,60,CAN,0.00000003
2019,60,CUW,0.00000000
2019,61,PAN,0.00000013
2019,61,NLD,0.00000012
2019,61,BRA,0.00000002
2019,61,AUT,0.00000002
2019,61,GBR,0.00000001
2019,61,Other,0.00000002
2019,62,NLD,0.00000038
2019,62,PAN,0.00000024
2019,62,GBR,0.00000002
2019,62,ITA,0.00000001
2019,62,BRA,0.00000001
2019,62,Other,0.00000001
2019,63,NLD,0.00000047
2019,63,PAN,0.00000021
2019,63,GBR,0.00000008
2019,63,CUW,0.00000003
2019,63,BRB,0.00000001
2019,63,Other,0.00000001
2019,64,NLD,0.00000015
2019,64,PAN,0.00000012
2019,64,ITA,0.00000001
2019,64,GBR,0.00000001
2019,64,CUW,0.00000001
2019,64,Other,0.00000001
2019,65,NLD,0.00000006
2019,65,PAN,0.00000001
2019,65,BEL,0.00000000
2019,65,AUT,0.00000000
2019,65,ECU,0.00000000
2019,65,Other,0.00000000
2019,66,NLD,0.00000002
2019,66,PAN,0.00000000
2019,66,CUW,0.00000000
2019,67,NLD,0.00000001
2019,67,ESP,0.00000000
2019,67,PAN,0.00000000
2019,67,POL,0.00000000
2019,68,NLD,0.00000255
2019,68,CUW,0.00000047
2019,68,ESP,0.00000014
2019,68,BEL,0.00000007
2019,68,BRA,0.00000004
2019,68,Other,0.00000009
2019,69,NLD,0.00000051
2019,69,ESP,0.00000024
2019,69,BRA,0.00000022
2019,69,CUW,0.00000016
2019,69,PRT,0.00000010
2019,69,Other,0.00000011
2019,70,NLD,0.00000077
2019,70,CUW,0.00000010
2019,70,SWE,0.00000002
2019,70,PRT,0.00000002
2019,70,BEL,0.00000001
2019,70,Other,0.00000003
2019,71,NLD,0.00000033
2019,71,CUW,0.00000005
2019,71,GBR,0.00000003
2019,71,DEU,0.00000003
2019,71,ITA,0.00000002
2019,71,Other,0.00000002
2019,72,NLD,0.00000034
2019,72,BEL,0.00000024
2019,72,CUW,0.00000023
2019,72,PRT,0.00000002
2019,72,GBR,0.00000001
2019,72,Other,0.00000000
2019,73,NLD,0.00000300
2019,73,PRT,0.00000081
2019,73,ITA,0.00000050
2019,73,GBR,0.00000044
2019,73,CUW,0.00000021
2019,73,Other,0.00000032
2019,74,NLD,0.00000026
2019,74,CUW,0.00000001
2019,74,GBR,0.00000001
2019,74,BEL,0.00000000
2019,75,NLD,0.00000000
2019,76,CUW,0.00000195
2019,76,NLD,0.00000164
2019,76,PRT,0.00000048
2019,76,BRA,0.00000009
2019,76,MOZ,0.00000009
2019,76,Other,0.00000011
2019,78,NLD,0.00000000
2019,78,CUW,0.00000000
2019,79,NLD,0.00000001
2019,80,CUW,0.00000043
2019,80,NLD,0.00000006
2019,80,PAN,0.00000000
2019,81,NLD,0.00000021
2019,81,CUW,0.00000003
2019,81,GBR,0.00000000
2019,82,NLD,0.00000045
2019,82,ITA,0.00000005
2019,82,CUW,0.00000005
2019,82,PAN,0.00000001
2019,82,GBR,0.00000000
2019,82,Other,0.00000001
2019,83,NLD,0.00000035
2019,83,ESP,0.00000004
2019,83,PRT,0.00000003
2019,83,GBR,0.00000003
2019,83,BEL,0.00000001
2019,83,Other,0.00000001
2019,84,NLD,0.00000604
2019,84,CUW,0.00000265
2019,84,PAN,0.00000107
2019,84,GBR,0.00000056
2019,84,DEU,0.00000027
2019,84,Other,0.00000054
2019,85,NLD,0.00000804
2019,85,DEU,0.00000067
2019,85,PAN,0.00000066
2019,85,CUW,0.00000047
2019,85,GBR,0.00000024
2019,85,Other,0.00000044
2019,86,NLD,0.00000008
2019,86,BEL,0.00000002
2019,86,CUW,0.00000002
2019,86,PRT,0.00000001
2019,86,ITA,0.00000000
2019,87,NLD,0.00000350
2019,87,CUW,0.00000327
2019,87,GBR,0.00000082
2019,87,BEL,0.00000027
2019,87,POL,0.00000015
2019,87,Other,0.00000015
2019,88,CUW,0.00000000
2019,88,GBR,0.00000000
2019,88,NLD,0.00000000
2019,89,GBR,0.00000067
2019,89,TTO,0.00000027
2019,89,CUW,0.00000026
2019,89,NLD,0.00000016
2019,89,BEL,0.00000001
2019,89,Other,0.00000000
2019,90,NLD,0.00000314
2019,90,FRA,0.00000026
2019,90,CUW,0.00000018
2019,90,GBR,0.00000015
2019,90,BEL,0.00000011
2019,90,Other,0.00000011
2019,91,NLD,0.00000648
2019,91,CHE,0.00000057
2019,91,GBR,0.00000025
2019,91,CUW,0.00000006
2019,91,PAN,0.00000001
2019,91,Other,0.00000000
2019,92,CUW,0.00000012
2019,92,NLD,0.00000001
2019,92,DEU,0.00000000
2019,93,NLD,0.00000003
2019,93,CUW,0.00000001
2019,94,NLD,0.00000754
2019,94,CUW,0.00000033
2019,94,DEU,0.00000016
2019,94,BRA,0.00000011
2019,94,GBR,0.00000006
2019,94,Other,0.00000017
2019,95,NLD,0.00000094
2019,95,GBR,0.00000034
2019,95,ESP,0.00000013
2019,95,AUT,0.00000006
2019,95,CUW,0.00000006
2019,95,Other,0.00000011
2019,96,NLD,0.00000011
2019,96,CUW,0.00000005
2019,96,GBR,0.00000000
2019,96,PAN,0.00000000
2019,96,DEU,0.00000000
2019,96,Other,0.00000000
2019,97,GBR,0.00000051
2019,97,NLD,0.00000001
2019,97,CUW,0.00000000
2020,10,CUW,0.00000068
2020,10,NLD,0.00000002
2020,10,BEL,0.00000001
2020,11,BEL,0.00000021
2020,11,CUW,0.00000012
2020,11,NLD,0.00000004
2020,12,NLD,0.00000006
2020,12,CUW,0.00000001
2020,13,CUW,0.00000000
2020,13,NLD,0.00000000
2020,14,NLD,0.00000000
2020,15,CUW,0.00000017
2020,15,EST,0.00000015
2020,15,NLD,0.00000007
2020,15,BRA,0.00000000
2020,16,NLD,0.00000072
2020,16,CUW,0.00000004
2020,16,BRA,0.00000002
2020,16,JAM,0.00000001
2020,16,GBR,0.00000001
2020,16,Other,0.00000000
2020,17,NLD,0.00000023
2020,17,CUW,0.00000018
2020,17,JAM,0.00000000
2020,17,GBR,0.00000000
2020,17,BEL,0.00000000
2020,18,NLD,0.00000011
2020,18,GBR,0.00000003
2020,18,CUW,0.00000001
2020,18,JAM,0.00000000
2020,18,CHE,0.00000000
2020,19,NLD,0.00000061
2020,19,CUW,0.00000037
2020,19,GBR,0.00000005
2020,19,ITA,0.00000000
2020,19,BRA,0.00000000
2020,20,CUW,0.00000196
2020,20,NLD,0.00000155
2020,20,BRA,0.00000124
2020,20,GBR,0.00000016
2020,20,JAM,0.00000006
2020,20,Other,0.00000000
2020,21,CUW,0.00000403
2020,21,NLD,0.00000201
2020,21,GBR,0.00000015
2020,21,JAM,0.00000004
2020,21,BEL,0.00000002
2020,21,Other,0.00000000
2020,22,NLD,0.00000482
2020,22,GBR,0.00000358
2020,22,CUW,0.00000248
2020,22,ITA,0.00000018
2020,22,BEL,0.00000015
2020,22,Other,0.00000017
2020,23,NLD,0.00000133
2020,23,CUW,0.00000004
2020,23,BRA,0.00000003
2020,24,NLD,0.00000001
2020,24,CUW,0.00000000
2020,25,CUW,0.00000328
2020,25,NLD,0.00000017
2020,25,BEL,0.00000001
2020,25,PRT,0.00000000
2020,25,BRA,0.00000000
2020,26,CUW,0.00000000
2020,27,COL,0.00007675
2020,27,CAN,0.00005868
2020,27,SWE,0.00001014
2020,27,FRA,0.00000726
2020,27,NLD,0.00000007
2020,27,Other,0.00000000
2020,28,CUW,0.00000026
2020,28,NLD,0.00000009
2020,28,BRA,0.00000000
2020,28,ESP,0.00000000
2020,28,PRT,0.00000000
2020,29,CUW,0.00000012
2020,29,GBR,0.00000002
2020,29,BEL,0.00000000
2020,29,NLD,0.00000000
2020,30,NLD,0.00000885
2020,30,CUW,0.00000031
2020,30,GBR,0.00000020
2020,30,PAN,0.00000005
2020,30,ROU,0.00000000
2020,30,Other,0.00000000
2020,31,NLD,0.00000001
2020,31,CUW,0.00000000
2020,31,BRA,0.00000000
2020,32,NLD,0.00000130
2020,32,CUW,0.00000097
2020,32,BEL,0.00000004
2020,32,DEU,0.00000003
2020,32,BRA,0.00000002
2020,32,Other,0.00000001
2020,33,NLD,0.00000131
2020,33,CUW,0.00000059
2020,33,GBR,0.00000009
2020,33,BEL,0.00000001
2020,33,PAN,0.00000000
2020,33,Other,0.00000000
2020,34,CUW,0.00000068
2020,34,NLD,0.00000062
2020,34,GBR,0.00000009
2020,34,PAN,0.00000001
2020,34,CAN,0.00000001
2020,34,Other,0.00000000
2020,35,NLD,0.00000005
2020,35,CUW,0.00000001
2020,35,BEL,0.00000000
2020,35,GBR,0.00000000
2020,35,PRT,0.00000000
2020,35,Other,0.00000000
2020,36,CUW,0.00000000
2020,36,NLD,0.00000000
2020,37,CUW,0.00000000
2020,37,NLD,0.00000000
2020,37,BRA,0.00000000
2020,38,NLD,0.00000030
2020,38,CUW,0.00000014
2020,38,BEL,0.00000005
2020,38,BRA,0.00000003
2020,38,GBR,0.00000002
2020,38,Other,0.00000003
2020,39,NLD,0.00000433
2020,39,CUW,0.00000048
2020,39,ITA,0.00000011
2020,39,PAN,0.00000011
2020,39,GBR,0.00000010
2020,39,Other,0.00000020
2020,40,NLD,0.00000132
2020,40,CUW,0.00000053
2020,40,PAN,0.00000013
2020,40,DNK,0.00000006
2020,40,DEU,0.00000004
2020,40,Other,0.00000004
2020,41,NLD,0.00000005
2020,42,NLD,0.00000007
2020,42,PAN,0.00000004
2020,42,CHE,0.00000002
2020,42,GBR,0.00000000
2020,42,DEU,0.00000000
2020,42,Other,0.00000000
2020,43,NLD,0.00000001
2020,44,NLD,0.00000103
2020,44,BRA,0.00000070
2020,44,CUW,0.00000065
2020,44,PRT,0.00000016
2020,44,BEL,0.00000002
2020,44,Other,0.00000001
2020,45,NLD,0.00000000
2020,46,PAN,0.00000000
2020,46,NLD,0.00000000
2020,47,NLD,0.00000000
2020,47,CUW,0.00000000
2020,48,NLD,0.00000137
2020,48,CUW,0.00000038
2020,48,GBR,0.00000002
2020,48,PAN,0.00000002
2020,48,BEL,0.00000001
2020,48,Other,0.00000001
2020,49,NLD,0.00000031
2020,49,CUW,0.00000005
2020,49,GBR,0.00000004
2020,49,FRA,0.00000001
2020,49,CAN,0.00000001
2020,49,Other,0.00000001
2020,50,BRA,0.00000002
2020,50,NLD,0.00000000
2020,51,PAN,0.00000000
2020,51,CUW,0.00000000
2020,52,NLD,0.00000000
2020,53,NLD,0.00000000
2020,53,BEL,0.00000000
2020,54,NLD,0.00000004
2020,54,CUW,0.00000000
2020,55,CUW,0.00000002
2020,55,NLD,0.00000000
2020,56,NLD,0.00000002
2020,56,GBR,0.00000002
2020,56,CUW,0.00000001
2020,56,DEU,0.00000000
2020,56,PAN,0.00000000
2020,56,Other,0.00000000
2020,57,PAN,0.00000006
2020,57,NLD,0.00000001
2020,57,DEU,0.00000000
2020,57,CUW,0.00000000
2020,57,BEL,0.00000000
2020,58,NLD,0.00000001
2020,58,PAN,0.00000000
2020,58,CUW,0.00000000
2020,59,NLD,0.00000001
2020,59,FRA,0.00000000
2020,59,DEU,0.00000000
2020,59,CUW,0.00000000
2020,59,BEL,0.00000000
2020,60,NLD,0.00000018
2020,60,CAN,0.00000002
2020,60,CUW,0.00000001
2020,61,NLD,0.00000011
2020,61,PAN,0.00000009
2020,61,ECU,0.00000002
2020,61,BRA,0.00000001
2020,61,CUW,0.00000001
2020,61,Other,0.00000001
2020,62,NLD,0.00000083
2020,62,PAN,0.00000014
2020,62,GBR,0.00000004
2020,62,CUW,0.00000000
2020,62,BGR,0.00000000
2020,62,Other,0.00000000
2020,63,NLD,0.00000044
2020,63,GBR,0.00000034
2020,63,PAN,0.00000025
2020,63,CUW,0.00000002
2020,63,BEL,0.00000002
2020,63,Other,0.00000002
2020,64,NLD,0.00000014
2020,64,PAN,0.00000013
2020,64,BRA,0.00000002
2020,64,CUW,0.00000001
2020,64,GBR,0.00000000
2020,64,Other,0.00000000
2020,65,NLD,0.00000002
2020,65,GBR,0.00000001
2020,65,CUW,0.00000000
2020,65,PAN,0.00000000
2020,65,CHE,0.00000000
2020,65,Other,0.00000000
2020,66,NLD,0.00000002
2020,66,CUW,0.00000000
2020,66,PAN,0.00000000
2020,66,CHE,0.00000000
2020,67,PAN,0.00000003
2020,67,NLD,0.00000002
2020,68,NLD,0.00000223
2020,68,CUW,0.00000024
2020,68,BEL,0.00000021
2020,68,BRA,0.00000013
2020,68,PRT,0.00000010
2020,68,Other,0.00000003
2020,69,NLD,0.00000037
2020,69,ESP,0.00000020
2020,69,BRA,0.00000012
2020,69,GBR,0.00000012
2020,69,PRT,0.00000008
2020,69,Other,0.00000020
2020,70,NLD,0.00000103
2020,70,CUW,0.00000031
2020,70,BRA,0.00000002
2020,70,PAN,0.00000002
2020,70,BEL,0.00000002
2020,70,Other,0.00000002
2020,71,NLD,0.00000036
2020,71,CUW,0.00000019
2020,71,THA,0.00000002
2020,71,ESP,0.00000000
2020,71,GBR,0.00000000
2020,71,Other,0.00000000
2020,72,NLD,0.00000052
2020,72,BEL,0.00000044
2020,72,CUW,0.00000014
2020,72,PRT,0.00000001
2020,72,BRA,0.00000001
2020,72,Other,0.00000000
2020,73,NLD,0.00000388
2020,73,PRT,0.00000047
2020,73,BEL,0.00000031
2020,73,CUW,0.00000019
2020,73,PAN,0.00000007
2020,73,Other,0.00000008
2020,74,NLD,0.00000041
2020,74,DEU,0.00000003
2020,74,GBR,0.00000002
2020,74,CUW,0.00000001
2020,74,BRA,0.00000000
2020,74,Other,0.00000000
2020,75,NLD,0.00000005
2020,75,CUW,0.00000004
2020,75,PAN,0.00000000
2020,76,CUW,0.00000192
2020,76,NLD,0.00000126
2020,76,PRT,0.00000043
2020,76,DEU,0.00000025
2020,76,BRA,0.00000015
2020,76,Other,0.00000009
2020,78,NLD,0.00000000
2020,78,CUW,0.00000000
2020,79,NLD,0.00000001
2020,80,CUW,0.00000040
2020,80,NLD,0.00000005
2020,80,GBR,0.00000000
2020,81,NLD,0.00000011
2020,81,CUW,0.00000006
2020,82,NLD,0.00000071
2020,82,CUW,0.00000003
2020,82,GBR,0.00000001
2020,82,PAN,0.00000001
2020,82,PRT,0.00000000
2020,82,Other,0.00000001
2020,83,NLD,0.00000049
2020,83,GBR,0.00000010
2020,83,PAN,0.00000002
2020,83,PRT,0.00000002
2020,83,CUW,0.00000001
2020,83,Other,0.00000002
2020,84,NLD,0.00000934
2020,84,GBR,0.00000190
2020,84,PAN,0.00000144
2020,84,CUW,0.00000144
2020,84,DEU,0.00000088
2020,84,Other,0.00000087
2020,85,NLD,0.00000761
2020,85,PAN,0.00000071
2020,85,CUW,0.00000054
2020,85,GBR,0.00000033
2020,85,DEU,0.00000032
2020,85,Other,0.00000022
2020,86,CUW,0.00000011
2020,86,NLD,0.00000003
2020,86,PRT,0.00000002
2020,86,BEL,0.00000001
2020,86,ITA,0.00000000
2020,87,NLD,0.00000289
2020,87,CUW,0.00000209
2020,87,GBR,0.00000053
2020,87,POL,0.00000018
2020,87,BEL,0.00000009
2020,87,Other,0.00000007
2020,88,NLD,0.00000001
2020,88,BRA,0.00000001
2020,88,CUW,0.00000000
2020,89,NLD,0.00000070
2020,89,BEL,0.00000005
2020,89,GBR,0.00000005
2020,89,CUW,0.00000004
2020,89,TTO,0.00000000
2020,90,NLD,0.00000560
2020,90,DEU,0.00000024
2020,90,CUW,0.00000018
2020,90,GBR,0.00000018
2020,90,BEL,0.00000007
2020,90,Other,0.00000006
2020,91,NLD,0.00000570
2020,91,CHE,0.00000088
2020,91,GBR,0.00000009
2020,91,CUW,0.00000005
2020,91,PAN,0.00000001
2020,91,Other,0.00000000
2020,92,NLD,0.00000004
2020,92,CUW,0.00000001
2020,93,NLD,0.00000004
2020,93,CUW,0.00000001
2020,94,NLD,0.00000912
2020,94,CUW,0.00000044
2020,94,BRA,0.00000020
2020,94,PAN,0.00000013
2020,94,DEU,0.00000009
2020,94,Other,0.00000022
2020,95,NLD,0.00000103
2020,95,GBR,0.00000034
2020,95,BGR,0.00000004
2020,95,CUW,0.00000004
2020,95,PAN,0.00000003
2020,95,Other,0.00000006
2020,96,NLD,0.00000008
2020,96,CUW,0.00000006
2020,96,PAN,0.00000002
2020,96,GBR,0.00000000
2020,96,CHE,0.00000000
2020,96,Other,0.00000000
2020,97,NLD,0.00000002
2020,97,CUW,0.00000000
2021,10,NLD,0.00000004
2021,10,BEL,0.00000002
2021,10,PAN,0.00000002
2021,11,BEL,0.00000027
2021,11,NLD,0.00000010
2021,11,PER,0.00000000
2021,12,NLD,0.00000012
2021,12,PER,0.00000000
2021,13,NLD,0.00000000
2021,14,NLD,0.00000000
2021,15,NLD,0.00000019
2021,15,EST,0.00000014
2021,15,BEL,0.00000008
2021,15,ITA,0.00000000
2021,15,GBR,0.00000000
2021,16,NLD,0.00000071
2021,16,BRA,0.00000001
2021,16,JAM,0.00000000
2021,17,NLD,0.00000042
2021,17,GBR,0.00000001
2021,17,BEL,0.00000001
2021,18,NLD,0.00000019
2021,18,GBR,0.00000001
2021,18,BEL,0.00000000
2021,19,NLD,0.00000129
2021,19,GBR,0.00000005
2021,19,POL,0.00000004
2021,19,ITA,0.00000001
2021,19,BEL,0.00000000
2021,19,Other,0.00000000
2021,20,NLD,0.00000177
2021,20,BRA,0.00000149
2021,20,GBR,0.00000016
2021,20,JAM,0.00000005
2021,20,BEL,0.00000002
2021,21,NLD,0.00000332
2021,21,GBR,0.00000023
2021,21,BEL,0.00000003
2021,21,ITA,0.00000002
2021,21,JAM,0.00000001
2021,21,Other,0.00000000
2021,22,NLD,0.00000669
2021,22,GBR,0.00000613
2021,22,ITA,0.00000030
2021,22,TTO,0.00000014
2021,22,BEL,0.00000014
2021,22,Other,0.00000004
2021,23,NLD,0.00000166
2021,24,NLD,0.00000004
2021,25,NLD,0.00000016
2021,25,BEL,0.00000001
2021,25,PRT,0.00000000
2021,27,CAN,0.00013377
2021,27,COL,0.00012475
2021,27,ESP,0.00008256
2021,27,BRA,0.00006926
2021,27,FRA,0.00001342
2021,27,Other,0.00000247
2021,28,NLD,0.00000022
2021,28,BEL,0.00000001
2021,28,PER,0.00000000
2021,29,GBR,0.00000004
2021,29,NLD,0.00000000
2021,30,NLD,0.00001034
2021,30,GBR,0.00000010
2021,30,DEU,0.00000000
2021,30,IRL,0.00000000
2021,31,NLD,0.00000001
2021,32,NLD,0.00000116
2021,32,GBR,0.00000022
2021,32,BEL,0.00000011
2021,32,DEU,0.00000003
2021,32,PRT,0.00000001
2021,32,Other,0.00000000
2021,33,NLD,0.00000126
2021,33,GBR,0.00000015
2021,33,BEL,0.00000001
2021,33,FRA,0.00000000
2021,33,ESP,0.00000000
2021,34,NLD,0.00000080
2021,34,GBR,0.00000011
2021,34,BEL,0.00000000
2021,34,PRT,0.00000000
2021,34,CHE,0.00000000
2021,34,Other,0.00000000
2021,35,NLD,0.00000006
2021,35,GBR,0.00000001
2021,35,BEL,0.00000000
2021,35,PRT,0.00000000
2021,35,ITA,0.00000000
2021,35,Other,0.00000000
2021,36,NLD,0.00000001
2021,37,NLD,0.00000000
2021,38,NLD,0.00000056
2021,38,GBR,0.00000040
2021,38,BEL,0.00000003
2021,38,DEU,0.00000003
2021,38,ESP,0.00000002
2021,38,Other,0.00000001
2021,39,NLD,0.00000506
2021,39,PRT,0.00000007
2021,39,BEL,0.00000005
2021,39,GBR,0.00000004
2021,39,ITA,0.00000002
2021,39,Other,0.00000003
2021,40,NLD,0.00000177
2021,40,BEL,0.00000016
2021,40,GBR,0.00000012
2021,40,DEU,0.00000004
2021,40,DNK,0.00000001
2021,40,Other,0.00000001
2021,41,NLD,0.00000005
2021,41,BEL,0.00000000
2021,42,NLD,0.00000011
2021,42,CHE,0.00000002
2021,42,GBR,0.00000000
2021,42,PER,0.00000000
2021,42,ESP,0.00000000
2021,42,Other,0.00000000
2021,43,NLD,0.00000001
2021,44,NLD,0.00000122
2021,44,BRA,0.00000053
2021,44,PRT,0.00000023
2021,44,BEL,0.00000003
2021,44,GBR,0.00000000
2021,44,Other,0.00000000
2021,45,NLD,0.00000000
2021,46,NLD,0.00000000
2021,46,GBR,0.00000000
2021,46,BEL,0.00000000
2021,47,NLD,0.00000000
2021,48,NLD,0.00000100
2021,48,GBR,0.00000006
2021,48,ITA,0.00000001
2021,48,DEU,0.00000001
2021,48,BEL,0.00000000
2021,48,Other,0.00000000
2021,49,NLD,0.00000098
2021,49,GBR,0.00000001
2021,49,DEU,0.00000001
2021,49,CAN,0.00000001
2021,49,CHE,0.00000000
2021,49,Other,0.00000000
2021,50,BRA,0.00000000
2021,50,NLD,0.00000000
2021,52,NLD,0.00000000
2021,53,NLD,0.00000000
2021,54,NLD,0.00000000
2021,54,GBR,0.00000000
2021,54,PRT,0.00000000
2021,55,NLD,0.00000000
2021,55,AUT,0.00000000
2021,56,NLD,0.00000007
2021,56,GBR,0.00000007
2021,56,DEU,0.00000000
2021,56,PRT,0.00000000
2021,57,NLD,0.00000008
2021,57,GBR,0.00000001
2021,57,BEL,0.00000000
2021,58,NLD,0.00000001
2021,58,GBR,0.00000001
2021,59,NLD,0.00000002
2021,59,GBR,0.00000000
2021,59,PRT,0.00000000
2021,59,CHE,0.00000000
2021,59,BEL,0.00000000
2021,60,NLD,0.00000014
2021,60,CAN,0.00000007
2021,60,GBR,0.00000001
2021,61,NLD,0.00000014
2021,61,BRA,0.00000003
2021,61,PER,0.00000001
2021,61,DEU,0.00000000
2021,61,GBR,0.00000000
2021,61,Other,0.00000000
2021,62,NLD,0.00000118
2021,62,GBR,0.00000004
2021,62,BRA,0.00000001
2021,62,PER,0.00000001
2021,62,AUT,0.00000000
2021,62,Other,0.00000001
2021,63,NLD,0.00000069
2021,63,GBR,0.00000048
2021,63,BRB,0.00000003
2021,63,ESP,0.00000000
2021,63,TTO,0.00000000
2021,63,Other,0.00000000
2021,64,NLD,0.00000022
2021,64,ESP,0.00000002
2021,64,DEU,0.00000000
2021,64,PER,0.00000000
2021,64,PRT,0.00000000
2021,64,Other,0.00000000
2021,65,NLD,0.00000003
2021,65,GBR,0.00000000
2021,65,AUT,0.00000000
2021,65,ECU,0.00000000
2021,65,BRA,0.00000000
2021,65,Other,0.00000000
2021,66,NLD,0.00000004
2021,66,BEL,0.00000000
2021,67,NLD,0.00000002
2021,67,ESP,0.00000000
2021,67,BEL,0.00000000
2021,68,NLD,0.00000336
2021,68,BEL,0.00000010
2021,68,BRA,0.00000009
2021,68,PRT,0.00000003
2021,68,DEU,0.00000001
2021,68,Other,0.00000000
2021,69,NLD,0.00000059
2021,69,BRA,0.00000011
2021,69,ESP,0.00000009
2021,69,ITA,0.00000005
2021,69,GBR,0.00000004
2021,69,Other,0.00000005
2021,70,NLD,0.00000060
2021,70,PRT,0.00000003
2021,70,DEU,0.00000002
2021,70,GBR,0.00000001
2021,70,BEL,0.00000000
2021,70,Other,0.00000001
2021,71,NLD,0.00000056
2021,71,GBR,0.00000003
2021,71,DEU,0.00000001
2021,71,ESP,0.00000000
2021,71,BRA,0.00000000
2021,71,Other,0.00000001
2021,72,BEL,0.00000029
2021,72,NLD,0.00000012
2021,72,PRT,0.00000002
2021,72,DEU,0.00000000
2021,73,NLD,0.00000415
2021,73,BEL,0.00000046
2021,73,PRT,0.00000032
2021,73,GBR,0.00000003
2021,73,BRA,0.00000002
2021,73,Other,0.00000006
2021,74,NLD,0.00000027
2021,74,GBR,0.00000001
2021,74,PRT,0.00000000
2021,74,DNK,0.00000000
2021,74,DEU,0.00000000
2021,76,NLD,0.00000125
2021,76,PRT,0.00000042
2021,76,GBR,0.00000008
2021,76,BRA,0.00000006
2021,76,BEL,0.00000002
2021,76,Other,0.00000000
2021,78,NLD,0.00000000
2021,79,NLD,0.00000001
2021,80,NLD,0.00000015
2021,80,GBR,0.00000000
2021,81,NLD,0.00000024
2021,82,NLD,0.00000072
2021,82,PRT,0.00000001
2021,82,BRA,0.00000001
2021,82,GBR,0.00000001
2021,82,CHE,0.00000001
2021,82,Other,0.00000000
2021,83,NLD,0.00000064
2021,83,ESP,0.00000003
2021,83,PRT,0.00000002
2021,83,GBR,0.00000001
2021,83,BEL,0.00000000
2021,83,Other,0.00000000
2021,84,NLD,0.00000915
2021,84,IRL,0.00000338
2021,84,GBR,0.00000048
2021,84,DNK,0.00000042
2021,84,DEU,0.00000032
2021,84,Other,0.00000062
2021,85,NLD,0.00000906
2021,85,GBR,0.00000045
2021,85,BGR,0.00000005
2021,85,DEU,0.00000004
2021,85,CAN,0.00000003
2021,85,Other,0.00000011
2021,86,NLD,0.00000007
2021,86,PRT,0.00000001
2021,86,ITA,0.00000000
2021,87,NLD,0.00000455
2021,87,GBR,0.00000019
2021,87,BRA,0.00000019
2021,87,CAN,0.00000006
2021,87,DEU,0.00000005
2021,87,Other,0.00000006
2021,88,NLD,0.00000010
2021,89,NLD,0.00000139
2021,89,GBR,0.00000054
2021,89,BEL,0.00000004
2021,89,DEU,0.00000001
2021,89,TTO,0.00000000
2021,90,NLD,0.00000619
2021,90,GBR,0.00000043
2021,90,BEL,0.00000007
2021,90,DEU,0.00000006
2021,90,CAN,0.00000004
2021,90,Other,0.00000005
2021,91,NLD,0.00000457
2021,91,CHE,0.00000100
2021,91,GBR,0.00000005
2021,91,DEU,0.00000000
2021,91,BEL,0.00000000
2021,91,Other,0.00000000
2021,92,NLD,0.00000004
2021,92,GBR,0.00000000
2021,93,NLD,0.00000004
2021,93,GBR,0.00000002
2021,94,NLD,0.00001153
2021,94,DEU,0.00000019
2021,94,CHE,0.00000018
2021,94,BRA,0.00000009
2021,94,PRT,0.00000008
2021,94,Other,0.00000017
2021,95,NLD,0.00000107
2021,95,ESP,0.00000009
2021,95,AUT,0.00000006
2021,95,DEU,0.00000006
2021,95,GBR,0.00000004
2021,95,Other,0.00000006
2021,96,NLD,0.00000017
2021,96,PRT,0.00000000
2021,96,CHE,0.00000000
2021,96,BEL,0.00000000
2021,97,NLD,0.00000005
2021,97,GBR,0.00000000
2021,97,DEU,0.00000000
2022,10,NLD,0.00000004
2022,10,BEL,0.00000000
2022,11,NLD,0.00000037
2022,11,BEL,0.00000007
2022,12,NLD,0.00000014
2022,13,NLD,0.00000000
2022,14,NLD,0.00000003
2022,15,EST,0.00000035
2022,15,NLD,0.00000017
2022,15,ITA,0.00000000
2022,15,GBR,0.00000000
2022,15,BRA,0.00000000
2022,15,Other,0.00000000
2022,16,NLD,0.00000103
2022,16,GBR,0.00000004
2022,16,BRA,0.00000003
2022,16,JAM,0.00000000
2022,17,NLD,0.00000042
2022,17,BEL,0.00000001
2022,17,GBR,0.00000001
2022,18,NLD,0.00000014
2022,18,GBR,0.00000001
2022,18,BEL,0.00000001
2022,19,NLD,0.00000157
2022,19,POL,0.00000009
2022,19,GBR,0.00000007
2022,19,ITA,0.00000001
2022,19,BEL,0.00000000
2022,20,NLD,0.00000180
2022,20,BRA,0.00000144
2022,20,GBR,0.00000038
2022,20,JAM,0.00000006
2022,20,BEL,0.00000003
2022,20,Other,0.00000001
2022,21,NLD,0.00000515
2022,21,GBR,0.00000022
2022,21,ITA,0.00000006
2022,21,JAM,0.00000001
2022,21,BEL,0.00000001
2022,21,Other,0.00000000
2022,22,NLD,0.00000791
2022,22,GBR,0.00000494
2022,22,ITA,0.00000016
2022,22,TTO,0.00000010
2022,22,BEL,0.00000007
2022,22,Other,0.00000010
2022,23,NLD,0.00000232
2022,23,DEU,0.00000004
2022,24,ESP,0.00000000
2022,25,PAN,0.00000064
2022,25,NLD,0.00000025
2022,25,GBR,0.00000002
2022,25,PRT,0.00000001
2022,25,POL,0.00000000
2022,25,Other,0.00000000
2022,26,CAN,0.00000024
2022,27,COL,0.00039363
2022,27,CAN,0.00015421
2022,27,BRA,0.00007353
2022,27,NLD,0.00005243
2022,27,FRA,0.00000520
2022,27,Other,0.00000001
2022,28,NLD,0.00000030
2022,28,GBR,0.00000000
2022,28,PRT,0.00000000
2022,28,CZE,0.00000000
2022,29,GBR,0.00000003
2022,29,NLD,0.00000000
2022,29,DEU,0.00000000
2022,30,NLD,0.00000996
2022,30,GBR,0.00000020
2022,30,CAN,0.00000003
2022,31,NLD,0.00000001
2022,32,NLD,0.00000136
2022,32,GBR,0.00000030
2022,32,BEL,0.00000003
2022,32,DEU,0.00000001
2022,32,PRT,0.00000001
2022,32,Other,0.00000000
2022,33,NLD,0.00000130
2022,33,GBR,0.00000015
2022,33,BEL,0.00000001
2022,33,CHE,0.00000000
2022,34,NLD,0.00000083
2022,34,GBR,0.00000007
2022,34,CAN,0.00000000
2022,34,PRT,0.00000000
2022,34,BEL,0.00000000
2022,35,NLD,0.00000019
2022,35,GBR,0.00000001
2022,35,BEL,0.00000000
2022,35,PRT,0.00000000
2022,35,BRA,0.00000000
2022,35,Other,0.00000000
2022,36,NLD,0.00000000
2022,38,NLD,0.00000050
2022,38,GBR,0.00000001
2022,38,BRA,0.00000001
2022,38,ESP,0.00000001
2022,38,DEU,0.00000000
2022,38,Other,0.00000000
2022,39,NLD,0.00000561
2022,39,GBR,0.00000009
2022,39,DEU,0.00000004
2022,39,BEL,0.00000003
2022,39,BRA,0.00000002
2022,39,Other,0.00000007
2022,40,NLD,0.00000215
2022,40,GBR,0.00000008
2022,40,DEU,0.00000003
2022,40,DNK,0.00000003
2022,40,BEL,0.00000002
2022,40,Other,0.00000000
2022,41,NLD,0.00000003
2022,42,NLD,0.00000008
2022,42,CHE,0.00000001
2022,42,GBR,0.00000000
2022,42,PER,0.00000000
2022,42,PRT,0.00000000
2022,42,Other,0.00000000
2022,44,NLD,0.00000178
2022,44,BRA,0.00000106
2022,44,PRT,0.00000042
2022,44,GBR,0.00000001
2022,44,POL,0.00000000
2022,44,Other,0.00000000
2022,45,NLD,0.00000002
2022,45,PRT,0.00000000
2022,46,NLD,0.00000002
2022,47,NLD,0.00000000
2022,48,NLD,0.00000139
2022,48,GBR,0.00000005
2022,48,DEU,0.00000001
2022,48,BEL,0.00000001
2022,48,CHE,0.00000000
2022,48,Other,0.00000000
2022,49,NLD,0.00000074
2022,49,GBR,0.00000005
2022,49,PER,0.00000002
2022,49,CAN,0.00000001
2022,49,POL,0.00000000
2022,49,Other,0.00000000
2022,50,BRA,0.00000000
2022,50,NLD,0.00000000
2022,51,NLD,0.00000000
2022,52,NLD,0.00000000
2022,53,NLD,0.00000000
2022,53,PRT,0.00000000
2022,54,NLD,0.00000004
2022,55,AUT,0.00000000
2022,56,GBR,0.00000012
2022,56,NLD,0.00000005
2022,56,SWE,0.00000000
2022,56,DEU,0.00000000
2022,56,PRT,0.00000000
2022,57,NLD,0.00000004
2022,57,DEU,0.00000000
2022,57,BEL,0.00000000
2022,58,NLD,0.00000001
2022,58,CHE,0.00000000
2022,59,NLD,0.00000003
2022,59,GBR,0.00000002
2022,59,BEL,0.00000000
2022,59,DEU,0.00000000
2022,60,GBR,0.00000016
2022,60,NLD,0.00000009
2022,60,CAN,0.00000001
2022,61,NLD,0.00000019
2022,61,GBR,0.00000004
2022,61,BRA,0.00000002
2022,61,AUT,0.00000001
2022,61,FRA,0.00000001
2022,61,Other,0.00000002
2022,62,NLD,0.00000146
2022,62,FRA,0.00000004
2022,62,PER,0.00000001
2022,62,GBR,0.00000001
2022,62,SWE,0.00000000
2022,62,Other,0.00000001
2022,63,NLD,0.00000074
2022,63,GBR,0.00000004
2022,63,BRB,0.00000002
2022,63,AUT,0.00000000
2022,63,CAN,0.00000000
2022,63,Other,0.00000000
2022,64,NLD,0.00000014
2022,64,ESP,0.00000001
2022,64,DEU,0.00000000
2022,64,PER,0.00000000
2022,64,AUT,0.00000000
2022,64,Other,0.00000000
2022,65,NLD,0.00000002
2022,65,AUT,0.00000000
2022,65,GBR,0.00000000
2022,65,FRA,0.00000000
2022,65,DEU,0.00000000
2022,65,Other,0.00000000
2022,66,NLD,0.00000005
2022,66,CHE,0.00000000
2022,67,NLD,0.00000004
2022,67,ESP,0.00000000
2022,68,NLD,0.00000496
2022,68,BRA,0.00000024
2022,68,PRT,0.00000003
2022,68,DEU,0.00000001
2022,68,GBR,0.00000000
2022,68,Other,0.00000000
2022,69,NLD,0.00000095
2022,69,ESP,0.00000025
2022,69,BRA,0.00000015
2022,69,PRT,0.00000012
2022,69,POL,0.00000004
2022,69,Other,0.00000004
2022,70,NLD,0.00000085
2022,70,PRT,0.00000003
2022,70,BRA,0.00000003
2022,70,FRA,0.00000002
2022,70,GBR,0.00000001
2022,70,Other,0.00000001
2022,71,NLD,0.00000072
2022,71,GBR,0.00000008
2022,71,BRA,0.00000003
2022,71,IRL,0.00000001
2022,71,THA,0.00000001
2022,71,Other,0.00000000
2022,72,NLD,0.00000016
2022,72,PRT,0.00000002
2022,72,GBR,0.00000001
2022,72,BRA,0.00000000
2022,72,BEL,0.00000000
2022,73,NLD,0.00000635
2022,73,PRT,0.00000045
2022,73,GBR,0.00000009
2022,73,BRA,0.00000009
2022,73,DNK,0.00000007
2022,73,Other,0.00000007
2022,74,NLD,0.00000058
2022,74,GBR,0.00000001
2022,74,DEU,0.00000000
2022,74,POL,0.00000000
2022,75,NLD,0.00000000
2022,76,NLD,0.00000161
2022,76,PRT,0.00000046
2022,76,BRA,0.00000017
2022,76,POL,0.00000001
2022,76,BEL,0.00000000
2022,76,Other,0.00000000
2022,78,NLD,0.00000000
2022,79,NLD,0.00000002
2022,80,NLD,0.00000010
2022,81,NLD,0.00000034
2022,82,NLD,0.00000042
2022,82,GBR,0.00000004
2022,82,CHE,0.00000001
2022,82,PRT,0.00000000
2022,82,DNK,0.00000000
2022,82,Other,0.00000000
2022,83,NLD,0.00000074
2022,83,PRT,0.00000005
2022,83,ESP,0.00000003
2022,83,BRA,0.00000001
2022,83,BEL,0.00000001
2022,83,Other,0.00000001
2022,84,NLD,0.00001099
2022,84,ITA,0.00000134
2022,84,DEU,0.00000134
2022,84,GBR,0.00000081
2022,84,DNK,0.00000076
2022,84,Other,0.00000058
2022,85,NLD,0.00001049
2022,85,ITA,0.00000089
2022,85,GBR,0.00000048
2022,85,DEU,0.00000032
2022,85,DNK,0.00000006
2022,85,Other,0.00000020
2022,86,NLD,0.00000014
2022,86,PRT,0.00000003
2022,87,NLD,0.00000505
2022,87,POL,0.00000087
2022,87,DEU,0.00000015
2022,87,BEL,0.00000009
2022,87,THA,0.00000006
2022,87,Other,0.00000008
2022,88,NLD,0.00000011
2022,88,GBR,0.00000001
2022,88,CAN,0.00000001
2022,89,NLD,0.00000116
2022,89,GBR,0.00000002
2022,89,DEU,0.00000001
2022,89,FRA,0.00000000
2022,90,NLD,0.00000556
2022,90,GBR,0.00000031
2022,90,BEL,0.00000025
2022,90,DEU,0.00000005
2022,90,DNK,0.00000004
2022,90,Other,0.00000009
2022,91,NLD,0.00000431
2022,91,CHE,0.00000044
2022,91,GBR,0.00000008
2022,91,DEU,0.00000000
2022,91,JAM,0.00000000
2022,91,Other,0.00000000
2022,92,NLD,0.00000004
2022,93,NLD,0.00000003
2022,93,GBR,0.00000000
2022,94,NLD,0.00001033
2022,94,BRA,0.00000029
2022,94,DEU,0.00000015
2022,94,GBR,0.00000007
2022,94,PRT,0.00000006
2022,94,Other,0.00000014
2022,95,NLD,0.00000124
2022,95,AUT,0.00000018
2022,95,DEU,0.00000007
2022,95,ESP,0.00000006
2022,95,THA,0.00000005
2022,95,Other,0.00000004
2022,96,NLD,0.00000014
2022,96,GBR,0.00000001
2022,96,ECU,0.00000000
2022,96,DEU,0.00000000
2022,96,POL,0.00000000
2022,96,Other,0.00000000
2022,97,GBR,0.00000002
2022,97,NLD,0.00000001
2023,10,NLD,0.00000005
2023,10,BEL,0.00000002
2023,11,NLD,0.00000047
2023,11,LTU,0.00000002
2023,12,NLD,0.00000018
2023,12,BRA,0.00000000
2023,13,NLD,0.00000000
2023,14,NLD,0.00000003
2023,15,NLD,0.00000035
2023,15,EST,0.00000012
2023,15,BEL,0.00000002
2023,15,ESP,0.00000002
2023,15,PRT,0.00000000
2023,16,NLD,0.00000095
2023,16,GBR,0.00000006
2023,16,BRA,0.00000001
2023,16,JAM,0.00000001
2023,16,PRT,0.00000000
2023,17,NLD,0.00000053
2023,17,BEL,0.00000001
2023,17,GBR,0.00000000
2023,18,NLD,0.00000018
2023,18,BEL,0.00000001
2023,18,CAN,0.00000000
2023,18,GBR,0.00000000
2023,18,MYS,0.00000000
2023,19,NLD,0.00000161
2023,19,POL,0.00000005
2023,19,GBR,0.00000003
2023,19,BEL,0.00000001
2023,19,BRA,0.00000000
2023,20,NLD,0.00000590
2023,20,BRA,0.00000199
2023,20,GBR,0.00000023
2023,20,BEL,0.00000003
2023,20,JAM,0.00000002
2023,21,NLD,0.00000658
2023,21,GBR,0.00000011
2023,21,BEL,0.00000002
2023,21,JAM,0.00000001
2023,21,DEU,0.00000000
2023,21,Other,0.00000000
2023,22,NLD,0.00000734
2023,22,GBR,0.00000405
2023,22,BEL,0.00000006
2023,22,FRA,0.00000003
2023,22,PRT,0.00000002
2023,22,Other,0.00000001
2023,23,NLD,0.00000236
2023,23,BRA,0.00000007
2023,24,BEL,0.00000003
2023,24,MYS,0.00000000
2023,25,PAN,0.00000102
2023,25,NLD,0.00000014
2023,25,GBR,0.00000001
2023,25,ESP,0.00000001
2023,25,PRT,0.00000000
2023,25,Other,0.00000000
2023,26,NLD,0.00000001
2023,27,CAN,0.00034142
2023,27,COL,0.00020208
2023,27,FRA,0.00002062
2023,27,NLD,0.00000010
2023,27,PAN,0.00000007
2023,27,Other,0.00000013
2023,28,NLD,0.00000020
2023,28,GBR,0.00000000
2023,28,BEL,0.00000000
2023,29,GBR,0.00000009
2023,29,NLD,0.00000002
2023,29,BEL,0.00000000
2023,30,NLD,0.00001846
2023,30,GBR,0.00000007
2023,30,CAN,0.00000004
2023,30,SWE,0.00000000
2023,30,IRL,0.00000000
2023,31,NLD,0.00000000
2023,31,BRA,0.00000000
2023,32,NLD,0.00000181
2023,32,FRA,0.00000051
2023,32,BEL,0.00000006
2023,32,DEU,0.00000005
2023,32,PRT,0.00000001
2023,32,Other,0.00000001
2023,33,NLD,0.00000154
2023,33,GBR,0.00000013
2023,33,FRA,0.00000006
2023,33,BEL,0.00000001
2023,33,BRA,0.00000000
2023,33,Other,0.00000000
2023,34,NLD,0.00000084
2023,34,GBR,0.00000010
2023,34,BEL,0.00000000
2023,34,DEU,0.00000000
2023,34,CAN,0.00000000
2023,34,Other,0.00000000
2023,35,NLD,0.00000015
2023,35,BRA,0.00000014
2023,35,BEL,0.00000001
2023,35,GBR,0.00000000
2023,35,DNK,0.00000000
2023,35,Other,0.00000000
2023,36,NLD,0.00000000
2023,38,NLD,0.00000059
2023,38,BEL,0.00000007
2023,38,ESP,0.00000002
2023,38,PRT,0.00000002
2023,38,FRA,0.00000001
2023,38,Other,0.00000002
2023,39,NLD,0.00000733
2023,39,GBR,0.00000012
2023,39,AUT,0.00000003
2023,39,BEL,0.00000003
2023,39,DEU,0.00000002
2023,39,Other,0.00000004
2023,40,NLD,0.00000199
2023,40,GBR,0.00000020
2023,40,DNK,0.00000005
2023,40,BEL,0.00000002
2023,40,NOR,0.00000000
2023,40,Other,0.00000000
2023,41,NLD,0.00000002
2023,42,NLD,0.00000014
2023,42,GBR,0.00000004
2023,42,PER,0.00000000
2023,42,AUT,0.00000000
2023,42,THA,0.00000000
2023,42,Other,0.00000000
2023,43,GBR,0.00000000
2023,44,NLD,0.00000259
2023,44,BRA,0.00000063
2023,44,PRT,0.00000026
2023,44,BEL,0.00000009
2023,44,ESP,0.00000002
2023,44,Other,0.00000001
2023,45,NLD,0.00000001
2023,45,NOR,0.00000000
2023,45,BEL,0.00000000
2023,46,NLD,0.00000004
2023,46,BEL,0.00000001
2023,46,GBR,0.00000000
2023,46,ESP,0.00000000
2023,47,NLD,0.00000000
2023,48,NLD,0.00000140
2023,48,GBR,0.00000005
2023,48,BEL,0.00000002
2023,48,PAN,0.00000001
2023,48,DEU,0.00000001
2023,48,Other,0.00000000
2023,49,NLD,0.00000066
2023,49,PER,0.00000002
2023,49,GBR,0.00000002
2023,49,BEL,0.00000001
2023,49,BRA,0.00000000
2023,49,Other,0.00000000
2023,50,NLD,0.00000002
2023,50,BRA,0.00000000
2023,51,NLD,0.00000000
2023,52,NLD,0.00000001
2023,53,GBR,0.00000000
2023,54,NLD,0.00000001
2023,54,GBR,0.00000000
2023,55,BEL,0.00000002
2023,55,AUT,0.00000000
2023,55,NLD,0.00000000
2023,56,NLD,0.00000004
2023,56,GBR,0.00000004
2023,56,AUT,0.00000000
2023,56,BRA,0.00000000
2023,56,BEL,0.00000000
2023,56,Other,0.00000000
2023,57,NLD,0.00000007
2023,57,BEL,0.00000000
2023,57,SWE,0.00000000
2023,58,NLD,0.00000006
2023,58,THA,0.00000000
2023,59,NLD,0.00000004
2023,59,GBR,0.00000000
2023,59,CAN,0.00000000
2023,59,BEL,0.00000000
2023,59,DEU,0.00000000
2023,60,NLD,0.00000021
2023,60,CAN,0.00000002
2023,60,FRA,0.00000000
2023,60,GBR,0.00000000
2023,61,NLD,0.00000086
2023,61,PER,0.00000003
2023,61,ECU,0.00000002
2023,61,AUT,0.00000001
2023,61,BRA,0.00000001
2023,61,Other,0.00000001
2023,62,NLD,0.00000168
2023,62,LVA,0.00000002
2023,62,FRA,0.00000001
2023,62,BRA,0.00000001
2023,62,PER,0.00000001
2023,62,Other,0.00000000
2023,63,NLD,0.00000130
2023,63,GBR,0.00000006
2023,63,BEL,0.00000002
2023,63,BRB,0.00000001
2023,63,PRT,0.00000000
2023,63,Other,0.00000000
2023,64,NLD,0.00000014
2023,64,ESP,0.00000001
2023,64,DEU,0.00000000
2023,64,PER,0.00000000
2023,64,AUT,0.00000000
2023,64,Other,0.00000000
2023,65,NLD,0.00000002
2023,65,AUT,0.00000000
2023,65,PER,0.00000000
2023,66,NLD,0.00000007
2023,67,NLD,0.00000003
2023,67,BEL,0.00000000
2023,68,NLD,0.00000478
2023,68,BRA,0.00000010
2023,68,PRT,0.00000003
2023,68,PER,0.00000002
2023,68,DEU,0.00000001
2023,68,Other,0.00000001
2023,69,NLD,0.00000084
2023,69,ESP,0.00000041
2023,69,GBR,0.00000012
2023,69,BRA,0.00000010
2023,69,ARE,0.00000005
2023,69,Other,0.00000009
2023,70,NLD,0.00000107
2023,70,DEU,0.00000002
2023,70,CZE,0.00000002
2023,70,GBR,0.00000002
2023,70,PRT,0.00000002
2023,70,Other,0.00000003
2023,71,NLD,0.00000096
2023,71,GBR,0.00000004
2023,71,THA,0.00000002
2023,71,BRA,0.00000001
2023,72,NLD,0.00000156
2023,72,GBR,0.00000006
2023,72,BRA,0.00000003
2023,72,PRT,0.00000001
2023,72,BEL,0.00000000
2023,73,NLD,0.00000821
2023,73,PRT,0.00000070
2023,73,FRA,0.00000009
2023,73,PAN,0.00000006
2023,73,DNK,0.00000004
2023,73,Other,0.00000007
2023,74,NLD,0.00000044
2023,74,GBR,0.00000001
2023,74,BEL,0.00000000
2023,74,DEU,0.00000000
2023,74,DNK,0.00000000
2023,75,NLD,0.00000001
2023,76,NLD,0.00000240
2023,76,PRT,0.00000020
2023,76,BRA,0.00000010
2023,76,DEU,0.00000009
2023,76,GBR,0.00000002
2023,76,Other,0.00000003
2023,78,NLD,0.00000000
2023,79,NLD,0.00000002
2023,80,NLD,0.00000012
2023,81,NLD,0.00000037
2023,81,GBR,0.00000001
2023,82,NLD,0.00000052
2023,82,GBR,0.00000001
2023,82,DNK,0.00000001
2023,82,DEU,0.00000001
2023,82,PRT,0.00000000
2023,82,Other,0.00000000
2023,83,NLD,0.00000065
2023,83,PRT,0.00000003
2023,83,ESP,0.00000003
2023,83,GBR,0.00000001
2023,83,BRA,0.00000000
2023,83,Other,0.00000001
2023,84,NLD,0.00000761
2023,84,DNK,0.00000080
2023,84,GRC,0.00000054
2023,84,GBR,0.00000051
2023,84,ESP,0.00000027
2023,84,Other,0.00000046
2023,85,NLD,0.00001172
2023,85,ITA,0.00000166
2023,85,DEU,0.00000099
2023,85,GBR,0.00000044
2023,85,BEL,0.00000011
2023,85,Other,0.00000035
2023,86,NLD,0.00000077
2023,86,GRC,0.00000001
2023,86,PRT,0.00000000
2023,87,NLD,0.00000454
2023,87,GBR,0.00000120
2023,87,THA,0.00000031
2023,87,DEU,0.00000024
2023,87,POL,0.00000011
2023,87,Other,0.00000019
2023,88,NLD,0.00000023
2023,88,AUT,0.00000000
2023,89,NLD,0.00000074
2023,89,DNK,0.00000046
2023,89,ESP,0.00000028
2023,89,GBR,0.00000001
2023,90,NLD,0.00000567
2023,90,GBR,0.00000062
2023,90,BEL,0.00000009
2023,90,DEU,0.00000008
2023,90,DNK,0.00000004
2023,90,Other,0.00000002
2023,91,NLD,0.00000392
2023,91,GBR,0.00000022
2023,91,CHE,0.00000005
2023,91,ARE,0.00000000
2023,91,JAM,0.00000000
2023,92,NLD,0.00000002
2023,92,DEU,0.00000000
2023,92,ECU,0.00000000
2023,93,NLD,0.00000002
2023,94,NLD,0.00001127
2023,94,BEL,0.00000028
2023,94,DEU,0.00000019
2023,94,BRA,0.00000017
2023,94,CAN,0.00000005
2023,94,Other,0.00000008
2023,95,NLD,0.00000173
2023,95,BGR,0.00000026
2023,95,AUT,0.00000022
2023,95,THA,0.00000009
2023,95,DEU,0.00000004
2023,95,Other,0.00000004
2023,96,NLD,0.00000017
2023,96,GBR,0.00000001
2023,96,DEU,0.00000001
2023,96,POL,0.00000000
2023,96,ECU,0.00000000
2023,96,Other,0.00000000
2023,97,NLD,0.00000002
2023,97,GBR,0.00000001
