imports_trln_USD,exports_trln_USD
0.00001742,0.00001080
0.00000559,0.00000293
0.00000713,0.00000790
0.00000425,0.00000008
0.00000006,0.00000020
0.00000602,0.00000036
0.00003867,0.00000027
0.00002894,0.00000429
0.00001209,0.00000788
0.00001166,0.00000399
0.00005374,0.00003425
0.00002404,0.00000403
0.00000552,0.00003659
0.00001136,0.00000021
0.00002214,0.00005947
0.00001839,0.00000900
0.00000252,0.00001974
0.00020373,0.00000471
0.00001699,0.00000903
0.00006057,0.00000405
0.00003964,0.00002577
0.00000743,0.00000025
0.00002205,0.00000166
0.00001445,0.00000310
0.00001345,0.00000213
0.00000311,0.00000118
0.00000247,0.00000128
0.00000465,0.00000025
0.00002494,0.00000190
0.00007662,0.00001639
0.00004188,0.00002045
0.00002258,0.00003473
0.00000290,0.00000079
0.00000134,0.00000928
0.00001939,0.00003941
0.00000075,
0.00000011,0.00000011
0.00000475,0.00000001
0.00005295,0.00000333
0.00000314,0.00000078
0.00000129,0.00000106
0.00001834,0.00000448
0.00023803,0.00002418
0.00000429,0.00000038
0.00001598,0.00000448
0.00004059,0.00003975
0.00000910,0.00000253
0.00000434,0.00000194
0.00000760,0.00000610
0.00000960,0.00000247
0.00000689,0.00000771
0.00000864,0.00002221
0.00007234,0.00020403
0.00000479,0.00001996
0.00002587,0.00006511
0.00000014,0.00000046
0.00000016,0.00000001
0.00000011,0.00000020
0.00001098,0.00000558
0.00000691,0.00001328
0.00002166,0.00003801
0.00002200,0.00004301
0.00007474,0.00012643
0.00004526,0.00003165
0.00000827,0.00015952
0.00000057,0.00000075
0.00001961,0.00002562
0.00000035,0.00001395
0.00001243,0.00003591
0.00001327,0.00001558
0.00000543,0.00008192
0.00000558,0.00001327
0.00000562,0.00000343
0.00017647,0.00005924
0.00008130,0.00008460
0.00000104,0.00000502
0.00017067,0.00002685
0.00000110,0.00000000
0.00000018,0.00000182
0.00003791,0.00000518
0.00000108,0.00000056
0.00000019,
0.00000579,0.00000040
0.00001736,0.00005287
0.00000406,0.00000051
0.00000550,0.00000409
0.00000022,0.00000004
0.00002717,0.00001747
0.00000495,0.00000271
0.00000800,0.00000522
0.00000137,0.00000006
0.00000009,0.00000018
0.00002460,0.00000064
0.00002870,0.00000019
0.00002238,0.00000442
0.00000815,0.00000393
0.00001179,0.00000367
0.00005531,0.00001903
0.00002195,0.00000309
0.00000807,0.00004398
0.00000963,0.00000006
0.00003187,0.00011544
0.00001485,0.00001397
0.00000415,0.00002267
0.00018125,0.00000993
0.00001269,0.00001214
0.00003248,0.00000420
0.00004381,0.00002176
0.00001006,0.00001004
0.00001464,0.00000281
0.00001371,0.00000224
0.00001572,0.00000655
0.00000338,0.00000099
0.00000179,0.00000048
0.00000286,0.00000026
0.00002402,0.00000512
0.00004416,0.00002049
0.00003847,0.00000850
0.00002316,0.00001502
0.00000180,0.00000081
0.00000297,0.00001005
0.00003078,0.00001538
0.00000055,0.00000000
0.00000018,0.00000003
0.00000066,0.00000006
0.00005023,0.00001091
0.00000473,0.00000043
0.00000093,0.00000049
0.00001764,0.00000546
0.00016897,0.00002491
0.00000388,0.00000010
0.00001693,0.00000799
0.00003433,0.00003444
0.00000858,0.00000408
0.00000599,0.00000067
0.00000738,0.00000733
0.00000483,0.00000087
0.00000603,0.00000850
0.00001379,0.00002785
0.00007470,0.00026039
0.00000478,0.00002034
0.00002415,0.00007339
0.00000020,0.00000009
0.00000038,0.00000004
0.00000044,0.00000006
0.00000784,0.00000991
0.00000951,0.00001149
0.00001417,0.00002878
0.00000470,0.00001767
0.00007340,0.00019443
0.00002511,0.00003405
0.00002065,0.00002098
0.00000057,0.00000005
0.00002352,0.00003111
0.00000094,0.00001720
0.00001544,0.00005872
0.00001770,0.00001239
0.00000192,0.00001160
0.00000649,0.00001128
0.00000680,0.00000223
0.00016586,0.00003125
0.00011662,0.00005857
0.00000123,0.00000452
0.00015032,0.00002408
0.00000662,0.00000020
0.00000009,0.00000056
0.00004240,0.00000474
0.00000082,0.00000042
0.00000025,
0.00000074,0.00000004
0.00001804,0.00000985
0.00000440,0.00000019
0.00000526,0.00000259
0.00000011,0.00000005
0.00005257,0.00000344
0.00000603,0.00000040
0.00001188,0.00000622
0.00000031,0.00000007
0.00000010,0.00000017
0.00001749,0.00000059
0.00003157,0.00000067
0.00006680,0.00000574
0.00000935,0.00000392
0.00001325,0.00000394
0.00005453,0.00001540
0.00001444,0.00000336
0.00000634,0.00006727
0.00001120,0.00000011
0.00002785,0.00011182
0.00001332,0.00002311
0.00000909,0.00002065
0.00024864,0.00001857
0.00001522,0.00001387
0.00004269,0.00000293
0.00005290,0.00002580
0.00000895,0.00000614
0.00001313,0.00000325
0.00002125,0.00000205
0.00001353,0.00000898
0.00000358,0.00000077
0.00000207,0.00000135
0.00000313,0.00000044
0.00002162,0.00000531
0.00006605,0.00002381
0.00003833,0.00000556
0.00001848,0.00001651
0.00000158,0.00000058
0.00000038,0.00000822
0.00002758,0.00001813
0.00000027,0.00000002
0.00000014,0.00000000
0.00000025,0.00000023
0.00005157,0.00000807
0.00000253,0.00000040
0.00000068,0.00000111
0.00001544,0.00000616
0.00010422,0.00002370
0.00001305,0.00000016
0.00001568,0.00000598
0.00003015,0.00003145
0.00000545,0.00000280
0.00000651,0.00000133
0.00000705,0.00000544
0.00000361,0.00000079
0.00003667,0.00000829
0.00002110,0.00004226
0.00009825,0.00024628
0.00000716,0.00001880
0.00003447,0.00007505
0.00000013,0.00000007
0.00000081,0.00000003
0.00000013,0.00000001
0.00000663,0.00001257
0.00001115,0.00001098
0.00001376,0.00002639
0.00000244,0.00001451
0.00012766,0.00026608
0.00002730,0.00003502
0.00001704,0.00001736
0.00000009,
0.00002663,0.00002233
0.00000240,0.00001737
0.00001541,0.00008405
0.00000937,0.00001428
0.00000266,0.00000524
0.00000610,0.00000671
0.00000726,0.00000176
0.00016374,0.00003003
0.00008196,0.00005540
0.00000336,0.00000515
0.00010378,0.00002390
0.00001497,0.00000752
0.00000023,0.00000171
0.00003666,0.00000608
0.00000085,0.00000017
0.00000024,
0.00000065,0.00000015
0.00001573,0.00000798
0.00000280,0.00000021
0.00000441,0.00000267
0.00000042,0.00000052
0.00003719,0.00000438
0.00000390,0.00000066
0.00000866,0.00000701
0.00000047,0.00000009
0.00000010,0.00000012
0.00002655,0.00000059
0.00003075,0.00000010
0.00002358,0.00000377
0.00001201,0.00000337
0.00001592,0.00000314
0.00006733,0.00001219
0.00001518,0.00000274
0.00000909,0.00007049
0.00001319,0.00000034
0.00003857,0.00008503
0.00001379,0.00001480
0.00000463,0.00001773
0.00026876,0.00001609
0.00001419,0.00000598
0.00003617,0.00000275
0.00005389,0.00002566
0.00001176,0.00000572
0.00001284,0.00000235
0.00002182,0.00000235
0.00001368,0.00000814
0.00000349,0.00000061
0.00000209,0.00000104
0.00000282,0.00000032
0.00002590,0.00000438
0.00005246,0.00002112
0.00003878,0.00000382
0.00001594,0.00000827
0.00000142,0.00000041
0.00000024,0.00000745
0.00003540,0.00001542
0.00000050,0.00000003
0.00000017,0.00000006
0.00000158,0.00000033
0.00005227,0.00000894
0.00000306,0.00000030
0.00000112,0.00000063
0.00002113,0.00000668
0.00005663,0.00001893
0.00001260,0.00000067
0.00001659,0.00000236
0.00003207,0.00001973
0.00000684,0.00000278
0.00000518,0.00000062
0.00000554,0.00000606
0.00000414,0.00000076
0.00000877,0.00000815
0.00001017,0.00004996
0.00001879,0.00032319
0.00000409,0.00002061
0.00001479,0.00007975
0.00000013,0.00000021
0.00000022,0.00000008
0.00000009,
0.00000698,0.00001060
0.00001282,0.00001173
0.00001615,0.00002328
0.00000267,0.00002066
0.00007939,0.00030073
0.00003120,0.00004542
0.00001927,0.00000645
0.00000016,0.00000001
0.00003090,0.00002203
0.00000134,0.00000927
0.00000062,0.00006244
0.00000824,0.00000893
0.00000104,0.00000550
0.00000665,0.00000406
0.00000637,0.00000215
0.00017767,0.00002384
0.00009152,0.00005356
0.00000478,0.00000399
0.00012297,0.00002447
0.00005484,0.00002979
0.00000150,0.00001204
0.00004575,0.00000531
0.00000125,0.00000081
0.00000038,0.00000005
0.00000051,0.00000059
0.00001858,0.00000763
0.00000257,0.00000067
0.00000560,0.00000288
0.00000068,0.00000076
0.00001823,0.00000335
0.00001032,0.00000063
0.00000804,0.00000313
0.00000046,0.00000000
0.00000009,0.00000009
0.00002665,0.00000069
0.00003097,0.00000057
0.00001917,0.00000480
0.00001196,0.00000413
0.00001964,0.00000431
0.00006381,0.00001060
0.00001594,0.00000473
0.00001382,0.00004909
0.00001340,0.00000048
0.00003064,0.00010144
0.00001320,0.00002111
0.00000202,0.00001481
0.00016857,0.00001536
0.00001120,0.00000384
0.00002652,0.00000295
0.00004961,0.00002194
0.00001006,0.00000480
0.00001095,0.00000240
0.00002289,0.00000216
0.00001706,0.00000752
0.00000388,0.00000045
0.00000242,0.00000063
0.00000360,0.00000022
0.00002214,0.00000308
0.00006026,0.00001513
0.00004038,0.00000472
0.00000704,0.00000536
0.00000144,0.00000059
0.00000191,0.00000569
0.00005210,0.00001625
0.00000086,0.00000002
0.00000012,0.00000007
0.00000078,0.00000013
0.00005456,0.00000608
0.00000259,0.00000038
0.00000126,0.00000054
0.00001244,0.00000287
0.00004226,0.00001398
0.00000707,0.00000016
0.00001468,0.00000147
0.00002631,0.00001323
0.00000680,0.00000161
0.00000684,0.00000079
0.00000419,0.00000323
0.00000358,0.00000023
0.00001327,0.00000786
0.00001198,0.00005861
0.00001783,0.00027881
0.00000901,0.00001904
0.00001386,0.00005773
0.00000031,0.00000009
0.00000066,0.00000000
0.00000007,0.00000001
0.00000682,0.00001017
0.00001309,0.00001087
0.00001459,0.00001424
0.00000570,0.00001187
0.00007872,0.00017632
0.00003661,0.00003359
0.00001674,0.00000641
0.00000013,0.00000000
0.00002561,0.00001577
0.00000126,0.00000992
0.00000164,0.00006657
0.00001100,0.00000810
0.00000136,0.00000760
0.00000755,0.00000118
0.00000612,0.00000144
0.00019301,0.00003301
0.00011037,0.00004949
0.00000401,0.00000262
0.00015787,0.00002432
0.00007033,0.00005594
0.00000055,0.00000933
0.00003927,0.00000597
0.00000132,0.00000022
0.00000034,0.00000001
0.00000241,0.00000019
0.00003821,0.00001009
0.00000366,0.00000036
0.00000628,0.00000107
0.00000010,0.00000021
0.00002813,0.00000447
0.00000770,0.00000079
0.00000776,0.00000348
0.00000050,0.00000003
0.00000012,0.00000005
0.00001781,0.00000234
0.00002007,0.00000062
0.00001603,0.00000395
0.00001280,0.00000424
0.00001634,0.00000316
0.00006457,0.00001719
0.00001637,0.00000383
0.00000947,0.00004599
0.00001590,0.00000170
0.00001737,0.00008790
0.00001227,0.00002256
0.00000441,0.00001659
0.00032332,0.00005440
0.00001005,0.00000406
0.00002595,0.00000154
0.00005052,0.00002724
0.00001202,0.00000328
0.00001121,0.00000310
0.00002463,0.00000233
0.00001363,0.00000595
0.00000355,0.00000041
0.00000185,0.00000121
0.00000293,0.00000018
0.00002139,0.00000346
0.00006119,0.00001853
0.00003583,0.00000575
0.00001030,0.00001247
0.00000150,0.00000061
0.00000141,0.00000516
0.00004367,0.00001782
0.00000091,0.00000002
0.00000011,0.00000006
0.00000274,0.00000041
0.00005050,0.00000799
0.00000363,0.00000075
0.00000155,0.00000054
0.00000818,0.00000374
0.00003233,0.00001070
0.00000641,0.00000012
0.00001639,0.00000116
0.00002315,0.00000917
0.00000516,0.00000218
0.00000589,0.00000070
0.00000382,0.00000273
0.00000394,0.00000041
0.00000989,0.00000706
0.00000834,0.00006180
0.00001831,0.00026895
0.00000671,0.00001503
0.00001049,0.00005938
0.00000024,0.00000006
0.00000019,0.00000000
0.00000017,0.00000000
0.00000749,0.00000908
0.00001543,0.00001116
0.00001518,0.00001298
0.00000600,0.00000901
0.00012765,0.00028637
0.00004291,0.00004476
0.00001928,0.00000848
0.00000018,
0.00001942,0.00001100
0.00000101,0.00000940
0.00000807,0.00012668
0.00000656,0.00000627
0.00000303,0.00000367
0.00000546,0.00000135
0.00000668,0.00000237
0.00018376,0.00002618
0.00012340,0.00005607
0.00000334,0.00000382
0.00016772,0.00002442
0.00009666,0.00006608
0.00000049,0.00000265
0.00004781,0.00000416
0.00000115,0.00000027
0.00000034,0.00000001
0.00000140,0.00000148
0.00002932,0.00001131
0.00000306,0.00000035
0.00000391,0.00000035
0.00000007,0.00000094
0.00001783,0.00000228
0.00000517,0.00000069
0.00000816,0.00000245
0.00000055,0.00000000
0.00000006,0.00000004
0.00001803,0.00000208
0.00001760,0.00000069
0.00001763,0.00000405
0.00001504,0.00000430
0.00001573,0.00000306
0.00006274,0.00002131
0.00001740,0.00000401
0.00000866,0.00004793
0.00001662,0.00000046
0.00001477,0.00007238
0.00000999,0.00002232
0.00000507,0.00001516
0.00029314,0.00003717
0.00000928,0.00000462
0.00001983,0.00000183
0.00005011,0.00003005
0.00000900,0.00000643
0.00000937,0.00000298
0.00002264,0.00000228
0.00001390,0.00000417
0.00000328,0.00000011
0.00000132,0.00000081
0.00000253,0.00000026
0.00001643,0.00000343
0.00005458,0.00001551
0.00003052,0.00000296
0.00000975,0.00001002
0.00000158,0.00000083
0.00000157,0.00000490
0.00002592,0.00000924
0.00000053,0.00000000
0.00000005,0.00000009
0.00000151,0.00000009
0.00004620,0.00000601
0.00000490,0.00000041
0.00000111,0.00000072
0.00000787,0.00000422
0.00003696,0.00000790
0.00000397,0.00000001
0.00001472,0.00000100
0.00002694,0.00000496
0.00000249,0.00000146
0.00000401,0.00000057
0.00000309,0.00000357
0.00000527,0.00000030
0.00000664,0.00000735
0.00000904,0.00006098
0.00001466,0.00026773
0.00000988,0.00001834
0.00000866,0.00005144
0.00000105,0.00000006
0.00000072,0.00000002
0.00000016,0.00000001
0.00000554,0.00000976
0.00001161,0.00000926
0.00001441,0.00001940
0.00000410,0.00001173
0.00006144,0.00019218
0.00003339,0.00003808
0.00001823,0.00000354
0.00000011,0.00000012
0.00001495,0.00001086
0.00000030,0.00000927
0.00000786,0.00005119
0.00000975,0.00000809
0.00000216,0.00000209
0.00000490,0.00000157
0.00000694,0.00000139
0.00017144,0.00001315
0.00009596,0.00005759
0.00000254,0.00000471
0.00009658,0.00002169
0.00004429,0.00000002
0.00000009,0.00000038
0.00004127,0.00000384
0.00000133,0.00000011
0.00000028,0.00000000
0.00001113,0.00000104
0.00002524,0.00000879
0.00000285,0.00000033
0.00000450,0.00000047
0.00000010,0.00000082
0.00002996,0.00000103
0.00000595,0.00000038
0.00000924,0.00000354
0.00000051,0.00000001
0.00000013,0.00000005
0.00002162,0.00000277
0.00002183,0.00000052
0.00002653,0.00000786
0.00001654,0.00000398
0.00001827,0.00000380
0.00007716,0.00002253
0.00002070,0.00000611
0.00000977,0.00005019
0.00001535,0.00000018
0.00001349,0.00007891
0.00001354,0.00002790
0.00000468,0.00000920
0.00026350,0.00002012
0.00001194,0.00000629
0.00002250,0.00000115
0.00005911,0.00003374
0.00001050,0.00000673
0.00001221,0.00000390
0.00002612,0.00000284
0.00001826,0.00000418
0.00000425,0.00000015
0.00000095,0.00000048
0.00000282,0.00000021
0.00001707,0.00000364
0.00006807,0.00001811
0.00003453,0.00000247
0.00000624,0.00000901
0.00000350,0.00000072
0.00000026,0.00000551
0.00003631,0.00000486
0.00000076,0.00000001
0.00000005,0.00000003
0.00000062,0.00000006
0.00005427,0.00000657
0.00000534,0.00000048
0.00000135,0.00000059
0.00000632,0.00000226
0.00004013,0.00000779
0.00000276,0.00000001
0.00001496,0.00000108
0.00002535,0.00000454
0.00000457,0.00000135
0.00000458,0.00000064
0.00000298,0.00000339
0.00000362,0.00000038
0.00001090,0.00000776
0.00000703,0.00004333
0.00001900,0.00026499
0.00000339,0.00001428
0.00001049,0.00005177
0.00000070,0.00000007
0.00000037,0.00000001
0.00000017,0.00000001
0.00001008,0.00001221
0.00001606,0.00000792
0.00001868,0.00001875
0.00000566,0.00001322
0.00008083,0.00016783
0.00003038,0.00003589
0.00001478,0.00000336
0.00000012,0.00000044
0.00001840,0.00001331
0.00000024,0.00000995
0.00000131,0.00004422
0.00001357,0.00000788
0.00000111,0.00000363
0.00000542,0.00000126
0.00000919,0.00000135
0.00017841,0.00001372
0.00011583,0.00005131
0.00000637,0.00000330
0.00014672,0.00001977
0.00000088,0.00000002
0.00000019,0.00000004
0.00005652,0.00000427
0.00000255,0.00000029
0.00000084,0.00000003
0.00000128,0.00000113
0.00002429,0.00000948
0.00000316,0.00000038
0.00000430,0.00000023
0.00000004,0.00000018
0.00002618,0.00000207
0.00000800,0.00000032
0.00000869,0.00000550
0.00000085,0.00000001
0.00000005,0.00000002
0.00002693,0.00000092
0.00002146,0.00000143
0.00002809,0.00000722
0.00001832,0.00000495
0.00002304,0.00000689
0.00007795,0.00002474
0.00002525,0.00000868
0.00001439,0.00005670
0.00001373,0.00000019
0.00001432,0.00008444
0.00001551,0.00003709
0.00000204,0.00000297
0.00034534,0.00007734
0.00001084,0.00000484
0.00002170,0.00000151
0.00007299,0.00003787
0.00001033,0.00000333
0.00001523,0.00000571
0.00003368,0.00000307
0.00002411,0.00000422
0.00000533,0.00000025
0.00000103,0.00000032
0.00000328,0.00000014
0.00002348,0.00000408
0.00008074,0.00002032
0.00003908,0.00000494
0.00000397,0.00000772
0.00000255,0.00000051
0.00000043,0.00000703
0.00003904,0.00000823
0.00000084,0.00000000
0.00000012,0.00000002
0.00000052,0.00000006
0.00006191,0.00000641
0.00000646,0.00000041
0.00000218,0.00000033
0.00000534,0.00000408
0.00003686,0.00001243
0.00000398,0.00000001
0.00001897,0.00000051
0.00003358,0.00000447
0.00000361,0.00000117
0.00000886,0.00000071
0.00000336,0.00000334
0.00000362,0.00000025
0.00000805,0.00000913
0.00000693,0.00004431
0.00002399,0.00033181
0.00000322,0.00001657
0.00001171,0.00006190
0.00000103,0.00000007
0.00000039,0.00000000
0.00000011,
0.00001071,0.00001914
0.00002232,0.00000566
0.00002174,0.00002246
0.00000431,0.00000869
0.00013940,0.00028751
0.00003890,0.00004827
0.00001031,0.00000217
0.00000015,0.00000021
0.00002073,0.00002733
0.00000026,0.00000600
0.00000103,0.00003886
0.00001889,0.00000889
0.00000101,0.00000586
0.00000677,0.00000074
0.00001267,0.00000133
0.00019683,0.00001590
0.00017293,0.00006001
0.00000090,0.00000519
0.00011419,0.00002117
0.00000209,0.00000001
0.00000045,0.00000099
0.00004210,0.00000420
0.00000146,0.00000113
0.00000036,0.00000001
0.00000452,0.00000054
0.00002309,0.00001051
0.00000495,0.00000074
0.00000445,0.00000033
0.00000004,0.00000017
0.00004224,0.00000061
0.00000844,0.00000036
0.00001181,0.00000508
0.00000149,0.00000001
0.00000012,0.00000003
0.00003315,0.00000097
0.00002063,0.00000584
0.00002459,0.00000716
0.00002121,0.00000538
0.00002757,0.00001065
0.00009344,0.00003157
0.00003150,0.00001006
0.00001538,0.00005393
0.00001577,0.00000013
0.00001606,0.00008830
0.00001476,0.00004134
0.00000209,0.00000164
0.00044090,0.00008278
0.00001127,0.00000490
0.00002321,0.00000359
0.00008301,0.00004290
0.00001481,0.00000038
0.00002190,0.00000673
0.00003449,0.00000396
0.00002716,0.00000379
0.00000682,0.00000021
0.00000050,0.00000001
0.00000440,0.00000020
0.00002833,0.00000458
0.00010833,0.00002460
0.00005575,0.00000576
0.00001172,0.00000747
0.00000253,0.00000066
0.00000136,0.00001043
0.00004634,0.00000866
0.00000081,0.00000000
0.00000017,0.00000008
0.00000034,0.00000137
0.00007657,0.00000778
0.00000868,0.00000061
0.00000246,0.00000048
0.00000887,0.00000422
0.00004889,0.00001457
0.00000464,0.00000005
0.00002133,0.00000077
0.00003374,0.00000396
0.00000449,0.00000161
0.00001037,0.00000089
0.00000522,0.00000350
0.00000452,0.00000040
0.00001121,0.00000967
0.00001267,0.00005594
0.00002531,0.00038900
0.00001071,0.00002465
0.00001654,0.00006759
0.00000034,0.00000035
0.00000055,0.00000008
0.00000013,0.00000000
0.00001365,0.00002084
0.00002424,0.00000670
0.00002463,0.00003446
0.00000528,0.00001079
0.00038691,0.00048800
0.00004799,0.00008669
0.00001673,0.00000399
0.00000016,0.00000003
0.00002398,0.00000968
0.00000124,0.00000133
0.00000595,0.00002644
0.00002109,0.00001480
0.00000128,0.00000397
0.00000849,0.00000120
0.00001403,0.00000196
0.00023516,0.00002152
0.00016267,0.00005691
0.00000183,0.00001218
0.00020392,0.00002746
0.00000218,0.00000007
0.00000037,0.00000002
0.00005985,0.00000466
0.00000253,0.00000077
0.00000072,0.00000001
0.00000230,0.00000136
0.00002629,0.00001315
0.00000654,0.00000076
0.00000721,0.00000070
0.00000013,0.00000173
0.00002584,0.00000371
0.00000740,0.00000040
0.00001147,0.00000363
0.00000144,0.00000006
0.00000008,0.00000008
0.00003398,0.00000403
0.00002359,0.00000766
0.00002641,0.00001806
0.00002663,0.00000700
0.00002642,0.00001655
0.00009262,0.00003576
0.00003501,0.00001661
0.00001750,0.00006325
0.00001503,0.00000031
0.00001580,0.00011509
0.00001442,0.00005234
0.00002345,0.00001684
0.00062037,0.00016805
0.00001143,0.00000847
0.00002291,0.00000116
0.00008470,0.00004566
0.00001826,0.00000024
0.00002507,0.00001196
0.00003684,0.00000424
0.00003034,0.00000376
0.00000704,0.00000033
0.00000048,0.00000068
0.00000514,0.00000012
0.00003283,0.00000491
0.00012825,0.00002942
0.00005928,0.00000903
0.00002941,0.00000645
0.00000302,0.00000052
0.00000845,0.00001277
0.00004576,0.00000752
0.00000074,0.00000003
0.00000012,0.00000000
0.00000043,0.00000103
0.00008100,0.00000974
0.00000932,0.00000182
0.00000383,0.00000017
0.00002106,0.00000313
0.00013077,0.00001372
0.00000702,0.00000011
0.00005109,0.00000066
0.00006896,0.00000435
0.00000947,0.00000161
0.00001197,0.00000049
0.00001563,0.00000286
0.00000762,0.00000048
0.00002582,0.00001106
0.00003112,0.00005272
0.00004419,0.00040342
0.00001208,0.00003154
0.00002045,0.00007659
0.00000062,0.00000012
0.00000051,0.00000008
0.00000027,0.00000000
0.00001271,0.00002388
0.00002560,0.00001194
0.00002734,0.00004403
0.00000543,0.00001515
0.00035003,0.00067380
0.00005175,0.00010756
0.00002081,0.00000474
0.00000015,0.00000004
0.00002726,0.00001138
0.00000134,0.00000058
0.00000579,0.00001654
0.00001908,0.00002417
0.00000150,0.00000352
0.00000812,0.00000168
0.00001699,0.00000192
0.00025094,0.00002465
0.00017590,0.00005740
0.00000273,0.00001491
0.00018667,0.00003015
0.00001284,0.00000243
0.00000167,0.00000003
0.00006487,0.00000713
0.00000142,0.00000056
0.00000088,0.00000001
0.00000066,0.00000033
0.00003217,0.00001579
0.00001132,0.00000116
0.00001750,0.00000055
0.00000008,0.00000267
0.00001656,0.00000208
0.00000705,0.00000045
0.00001287,0.00000478
0.00000116,0.00000011
0.00000007,0.00000009
0.00003828,0.00000255
0.00002958,0.00000851
0.00003680,0.00000570
0.00002584,0.00000879
0.00003140,0.00002247
0.00009769,0.00004269
0.00003856,0.00001579
0.00002037,0.00008680
0.00001852,0.00000027
0.00001577,0.00012991
0.00001427,0.00006111
0.00004805,0.00007472
0.00076340,0.00022544
0.00000999,0.00001078
0.00002588,0.00000126
0.00009235,0.00004676
0.00001735,0.00000002
0.00002950,0.00001410
0.00004068,0.00000418
0.00003455,0.00000240
0.00000731,0.00000025
0.00000161,0.00000068
0.00000540,0.00000025
0.00003492,0.00000635
0.00014573,0.00003080
0.00006382,0.00000714
0.00004234,0.00000686
0.00000345,0.00000107
0.00001000,0.00001286
0.00004834,0.00000987
0.00000102,0.00000002
0.00000015,0.00000001
0.00000104,0.00000062
0.00008879,0.00000972
0.00000843,0.00000214
0.00000400,0.00000028
0.00001930,0.00000359
0.00014275,0.00001527
0.00000956,0.00000027
0.00005416,0.00000090
0.00007314,0.00000474
0.00001003,0.00000178
0.00001146,0.00000098
0.00001723,0.00000525
0.00001124,0.00000034
0.00003153,0.00001130
0.00004570,0.00005395
0.00004521,0.00045502
0.00000573,0.00002585
0.00002523,0.00008033
0.00000069,0.00000081
0.00000057,0.00000006
0.00000025,0.00000000
0.00001553,0.00002681
0.00003246,0.00002073
0.00002873,0.00004566
0.00000585,0.00001517
0.00043641,0.00075503
0.00006415,0.00014053
0.00002985,0.00001795
0.00000032,0.00000001
0.00004171,0.00001888
0.00000137,0.00000130
0.00001831,0.00002682
0.00001846,0.00003375
0.00000128,0.00000668
0.00000981,0.00000122
0.00002079,0.00000239
0.00030990,0.00002975
0.00019203,0.00006839
0.00000500,0.00001263
0.00024501,0.00002938
0.00002990,0.00000041
0.00000048,0.00000009
0.00006819,0.00000632
0.00000163,0.00000017
0.00000076,0.00000001
0.00000224,0.00000007
0.00003604,0.00002322
0.00000988,0.00000105
0.00002077,0.00000075
0.00000035,0.00000153
0.00003453,0.00000253
0.00003476,0.00000043
0.00001670,0.00000570
0.00000170,0.00000006
0.00000008,0.00000004
0.00005662,0.00000291
0.00003504,0.00001195
0.00004248,0.00000843
0.00003040,0.00001148
0.00003878,0.00003240
0.00013712,0.00004886
0.00005236,0.00001921
0.00002950,0.00012350
0.00001996,0.00000021
0.00001289,0.00012404
0.00002932,0.00006175
0.00016521,0.00019975
0.00098447,0.00016952
0.00001334,0.00001100
0.00004079,0.00000147
0.00011115,0.00005739
0.00002524,0.00000004
0.00003761,0.00001742
0.00005021,0.00000576
0.00004046,0.00000339
0.00000833,0.00000027
0.00000243,0.00000008
0.00000542,0.00000025
0.00004570,0.00001008
0.00019388,0.00004851
0.00007525,0.00000708
0.00004409,0.00000770
0.00000538,0.00000065
0.00000533,0.00000855
0.00006331,0.00001591
0.00000115,
0.00000017,0.00000003
0.00000295,0.00000097
0.00010991,0.00001795
0.00001399,0.00000526
0.00000549,0.00000025
0.00002063,0.00000318
0.00018608,0.00001763
0.00001315,0.00000031
0.00006907,0.00000102
0.00008401,0.00000476
0.00001273,0.00000260
0.00000954,0.00000100
0.00002132,0.00000273
0.00001574,0.00000115
0.00004031,0.00001366
0.00003413,0.00011848
0.00005454,0.00057928
0.00000644,0.00002732
0.00003702,0.00011067
0.00000089,0.00000087
0.00000059,0.00000011
0.00000048,0.00000000
0.00001781,0.00003644
0.00003736,0.00003005
0.00003627,0.00005519
0.00000968,0.00002220
0.00068120,0.00137848
0.00008360,0.00020271
0.00002377,0.00001465
0.00000041,0.00000722
0.00005827,0.00002502
0.00000129,0.00000376
0.00002678,0.00000323
0.00002757,0.00004544
0.00000138,0.00000555
0.00001318,0.00000088
0.00002908,0.00000269
0.00045583,0.00004613
0.00031684,0.00008133
0.00000269,0.00001225
0.00035712,0.00003543
0.00000872,0.00000008
0.00000092,0.00000072
0.00010037,0.00000754
0.00000298,0.00000050
0.00000111,0.00000003
0.00000230,0.00000050
0.00004601,0.00003360
0.00001570,0.00000201
0.00002629,0.00000107
0.00000050,0.00000119
0.00004253,0.00000720
0.00004127,0.00000040
0.00002296,0.00000677
0.00000259,0.00000011
0.00000012,0.00000001
0.00007466,0.00001296
0.00004233,0.00001651
0.00004710,0.00000977
0.00003973,0.00001268
0.00004716,0.00004023
0.00015320,0.00006132
0.00007046,0.00002260
0.00003598,0.00010055
0.00002960,0.00000024
0.00001882,0.00016092
0.00003885,0.00007743
0.00016470,0.00019708
0.00142602,0.00031145
0.00001787,0.00001321
0.00005101,0.00000139
0.00014525,0.00008071
0.00003412,0.00000013
0.00004362,0.00002096
0.00006504,0.00000705
0.00004927,0.00000374
0.00001101,0.00000043
0.00000339,0.00000070
0.00000643,0.00000035
0.00005953,0.00001323
0.00024145,0.00006789
0.00008678,0.00000968
0.00004107,0.00000564
0.00000806,0.00000214
0.00000478,0.00000823
0.00007712,0.00001324
0.00000143,0.00000011
0.00000028,0.00000003
0.00000090,0.00000084
0.00013549,0.00001606
0.00001404,0.00000788
0.00000781,0.00000063
0.00002552,0.00000263
0.00018301,0.00001677
0.00001059,0.00000022
0.00007099,0.00000216
0.00009553,0.00000549
0.00001490,0.00000444
0.00000782,0.00000070
0.00002143,0.00000222
0.00002005,0.00000091
0.00005037,0.00001375
0.00004343,0.00014917
0.00005887,0.00063854
0.00000996,0.00002742
0.00004459,0.00012919
0.00000129,0.00000125
0.00000126,0.00000003
0.00000061,0.00000000
0.00002135,0.00004647
0.00004764,0.00003270
0.00004450,0.00007783
0.00001284,0.00003200
0.00095732,0.00132021
0.00010886,0.00027354
0.00003550,0.00001385
0.00000045,0.00000558
0.00006248,0.00002480
0.00000025,0.00000323
0.00001205,0.00000113
0.00003078,0.00004199
0.00000208,0.00000703
0.00001653,0.00000110
0.00003127,0.00000365
0.00062587,0.00005279
0.00047831,0.00010268
0.00000565,0.00001372
0.00049621,0.00003756
0.00001047,0.00000012
0.00000176,0.00004721
0.00012861,0.00001953
0.00000308,0.00000022
0.00000206,0.00000007
0.00000327,0.00000159
0.00006369,0.00004632
0.00002021,0.00000332
0.00003157,0.00000084
0.00000019,0.00000083
0.00002221,0.00001000
0.00002563,0.00000039
0.00001984,0.00000447
0.00000166,0.00000005
0.00000031,0.00000005
0.00005203,0.00001045
0.00003647,0.00001891
0.00004366,0.00000889
0.00003746,0.00001030
0.00004527,0.00004206
0.00014890,0.00006026
0.00006774,0.00002153
0.00003739,0.00008441
0.00002415,0.00000077
0.00001902,0.00015427
0.00003978,0.00006231
0.00006759,0.00013391
0.00082385,0.00016073
0.00002341,0.00001291
0.00004193,0.00000154
0.00016185,0.00007490
0.00002787,0.00000005
0.00003879,0.00001705
0.00006200,0.00000672
0.00004679,0.00000278
0.00000955,0.00000039
0.00000312,0.00000080
0.00000604,0.00000026
0.00005119,0.00001580
0.00020091,0.00005848
0.00008153,0.00000790
0.00003433,0.00000384
0.00000711,0.00000110
0.00000311,0.00000726
0.00006849,0.00001105
0.00000089,0.00000000
0.00000020,0.00000000
0.00000114,0.00000073
0.00011683,0.00001188
0.00001406,0.00000570
0.00000927,0.00000055
0.00001750,0.00000255
0.00014259,0.00001738
0.00000696,0.00000009
0.00006574,0.00000171
0.00007623,0.00000438
0.00001134,0.00000329
0.00000651,0.00000043
0.00001672,0.00000183
0.00002147,0.00000046
0.00005676,0.00001073
0.00003369,0.00013173
0.00004525,0.00051371
0.00000895,0.00001884
0.00004171,0.00011029
0.00000100,0.00000126
0.00000076,0.00000004
0.00000044,0.00000000
0.00001725,0.00003814
0.00003905,0.00002134
0.00004130,0.00006003
0.00000984,0.00001751
0.00031751,0.00056579
0.00009522,0.00013561
0.00001693,0.00000877
0.00000016,
0.00004216,0.00001347
0.00000031,0.00000338
0.00000870,0.00000059
0.00003390,0.00002864
0.00000229,0.00000443
0.00001326,0.00000112
0.00002705,0.00000185
0.00048255,0.00005813
0.00042203,0.00009040
0.00000194,0.00000665
0.00033972,0.00002454
0.00006837,0.00000004
0.00000093,0.00000006
0.00012373,0.00002206
0.00000269,0.00000057
0.00000115,0.00000002
0.00000182,0.00000000
0.00005163,0.00003658
0.00002460,0.00000310
0.00002620,0.00000056
0.00000036,0.00000085
0.00002769,0.00000809
0.00002191,0.00000028
0.00002035,0.00000776
0.00000184,0.00000004
0.00000008,0.00000000
0.00006021,0.00001212
0.00003254,0.00002307
0.00006180,0.00000999
0.00004163,0.00001119
0.00004401,0.00004724
0.00013906,0.00006168
0.00006291,0.00002326
0.00003754,0.00007643
0.00002445,0.00000058
0.00002688,0.00011935
0.00003585,0.00005133
0.00012775,0.00020239
0.00101673,0.00037918
0.00013403,0.00001265
0.00003503,0.00000119
0.00015097,0.00007871
0.00002798,0.00000006
0.00004118,0.00001290
0.00006089,0.00000674
0.00004775,0.00000221
0.00000823,0.00000033
0.00000371,0.00000056
0.00000614,0.00000042
0.00005268,0.00023680
0.00020246,0.00005251
0.00008022,0.00000716
0.00003950,0.00000702
0.00000732,0.00000195
0.00000382,0.00000829
0.00006230,0.00000949
0.00000089,
0.00000028,0.00000001
0.00000094,0.00000123
0.00011894,0.00001309
0.00001547,0.00000406
0.00000947,0.00000108
0.00002164,0.00000432
0.00015228,0.00001506
0.00000699,0.00000008
0.00005894,0.00000286
0.00008670,0.00000603
0.00001446,0.00000540
0.00000686,0.00000019
0.00001873,0.00000121
0.00001889,0.00000076
0.00006014,0.00001133
0.00002957,0.00012817
0.00003740,0.00050129
0.00000867,0.00002619
0.00003981,0.00010312
0.00000092,0.00000176
0.00000103,0.00000001
0.00000050,0.00000000
0.00001721,0.00002637
0.00005960,0.00001878
0.00003491,0.00007628
0.00012255,0.00002074
0.00041280,0.00077584
0.00007457,0.00015714
0.00001614,0.00002046
0.00000025,0.00000006
0.00004226,0.00001948
0.00000117,0.00000373
0.00001248,0.00000119
0.00003626,0.00004586
0.00000239,0.00001036
0.00001296,0.00000138
0.00002628,0.00000211
0.00040766,0.00007520
0.00036163,0.00010953
0.00000299,0.00000802
0.00042684,0.00003350
0.00002630,0.00000007
0.00000061,0.00000056
0.00012653,0.00002720
0.00000454,0.00000029
0.00000084,0.00000002
0.00000083,0.00000000
0.00005075,0.00003674
0.00002520,0.00000423
0.00002680,0.00000055
0.00001081,0.00000149
0.00004583,0.00001443
0.00002582,0.00000093
0.00002109,0.00000707
0.00000213,0.00000010
0.00000014,0.00000003
0.00009348,0.00001970
0.00003807,0.00002578
0.00006537,0.00001098
0.00004370,0.00001117
0.00004807,0.00005272
0.00016172,0.00006862
0.00007136,0.00002666
0.00004481,0.00008323
0.00002615,0.00000204
0.00003260,0.00015130
0.00003347,0.00006685
0.00015830,0.00022351
0.00148706,0.00050313
0.00011570,0.00002561
0.00003613,0.00000161
0.00017697,0.00008703
0.00003514,0.00000066
0.00009672,0.00001418
0.00006255,0.00000853
0.00005398,0.00000304
0.00000964,0.00000043
0.00000403,0.00000115
0.00000667,0.00000039
0.00009008,0.00063602
0.00026033,0.00007773
0.00010674,0.00000970
0.00004253,0.00001213
0.00000885,0.00000293
0.00000615,0.00001015
0.00007480,0.00000910
0.00000101,0.00000002
0.00000022,0.00000004
0.00000139,0.00000453
0.00013867,0.00001407
0.00001462,0.00000422
0.00000833,0.00000134
0.00002437,0.00000403
0.00019168,0.00001563
0.00000740,0.00000016
0.00006238,0.00000388
0.00009362,0.00000670
0.00001910,0.00000626
0.00000554,0.00000033
0.00002015,0.00000053
0.00001899,0.00000164
0.00006623,0.00001192
0.00003053,0.00013967
0.00003476,0.00059375
0.00000916,0.00003002
0.00004402,0.00011075
0.00000118,0.00000293
0.00000111,0.00000002
0.00000043,0.00000000
0.00002827,0.00002242
0.00008346,0.00002197
0.00004313,0.00008107
0.00041099,0.00003638
0.00048960,0.00103357
0.00009881,0.00020049
0.00003933,0.00002180
0.00000035,0.00000019
0.00005527,0.00002039
0.00000220,0.00000385
0.00001241,0.00000080
0.00004255,0.00006060
0.00000375,0.00001216
0.00001517,0.00000160
0.00002824,0.00000199
0.00046638,0.00016382
0.00037985,0.00018202
0.00000850,0.00001045
0.00040761,0.00004746
0.00000118,0.00000046
0.00000065,0.00000119
0.00017058,0.00002886
0.00000339,0.00000016
0.00000112,0.00000002
0.00000139,0.00000000
0.00005450,0.00004488
0.00001924,0.00000527
0.00002961,0.00000059
0.00001219,0.00000110
0.00005258,0.00001121
0.00002737,0.00000055
0.00001889,0.00000688
0.00000199,0.00000006
0.00000004,0.00000003
0.00008976,0.00001628
0.00003880,0.00002404
0.00006619,0.00000984
0.00004322,0.00001061
0.00004280,0.00005502
0.00016650,0.00006302
0.00007372,0.00002708
0.00004231,0.00009169
0.00002663,0.00000118
0.00003542,0.00014331
0.00003145,0.00004911
0.00015647,0.00020520
0.00137533,0.00029200
0.00007623,0.00001790
0.00003586,0.00000142
0.00016814,0.00008745
0.00003154,0.00000083
0.00008395,0.00001285
0.00006403,0.00000875
0.00005259,0.00000286
0.00000913,0.00000044
0.00000338,0.00000048
0.00000636,0.00000030
0.00007778,0.00066026
0.00024652,0.00007999
0.00010548,0.00000984
0.00003732,0.00001159
0.00000740,0.00000290
0.00000555,0.00000779
0.00006566,0.00000940
0.00000072,0.00000000
0.00000024,0.00000006
0.00000033,0.00000534
0.00012758,0.00000996
0.00001309,0.00000349
0.00000849,0.00000037
0.00002035,0.00000254
0.00016827,0.00001644
0.00000550,0.00000012
0.00006521,0.00000375
0.00009492,0.00000600
0.00001615,0.00000698
0.00000551,0.00000023
0.00002059,0.00000042
0.00002255,0.00000186
0.00006673,0.00001142
0.00002802,0.00014152
0.00003580,0.00056811
0.00000870,0.00002882
0.00004066,0.00009658
0.00000108,0.00000197
0.00000087,0.00000005
0.00000043,0.00000000
0.00001968,0.00002382
0.00008968,0.00001696
0.00004229,0.00005582
0.00043845,0.00002284
0.00036270,0.00079351
0.00010132,0.00016451
0.00002630,0.00002576
0.00000022,0.00000000
0.00004694,0.00001490
0.00000072,0.00000558
0.00001031,0.00000042
0.00003374,0.00005716
0.00000383,0.00001073
0.00001442,0.00000130
0.00002828,0.00000142
0.00042812,0.00022434
0.00042341,0.00014587
0.00000448,0.00000991
0.00033030,0.00007471
0.00000142,0.00000013
0.00000041,0.00000138
0.00010994,0.00002435
0.00000339,0.00000025
0.00000104,0.00000004
0.00000122,0.00000000
0.00006001,0.00005846
0.00001726,0.00000530
0.00002764,0.00000037
0.00000911,0.00000829
0.00003658,0.00000852
0.00002701,0.00000084
0.00002144,0.00000662
0.00000221,0.00000013
0.00000008,0.00000007
0.00007880,0.00001053
0.00003956,0.00002375
0.00005639,0.00001059
0.00004358,0.00001138
0.00004761,0.00006484
0.00017647,0.00006621
0.00007415,0.00002636
0.00004521,0.00009237
0.00003260,0.00000165
0.00003839,0.00019123
0.00003039,0.00005159
0.00010543,0.00021659
0.00107607,0.00013400
0.00008165,0.00001429
0.00003388,0.00000139
0.00017792,0.00007783
0.00003697,0.00000045
0.00013409,0.00001281
0.00006810,0.00001073
0.00005415,0.00000267
0.00001029,0.00000046
0.00000510,0.00000120
0.00000638,0.00000020
0.00008984,0.00083442
0.00028545,0.00009774
0.00011219,0.00001118
0.00004163,0.00001213
0.00000824,0.00000286
0.00000499,0.00000769
0.00007014,0.00000721
0.00000062,0.00000000
0.00000023,0.00000055
0.00000045,0.00000621
0.00013685,0.00000963
0.00001174,0.00000526
0.00000882,0.00000201
0.00001808,0.00000323
0.00017941,0.00001785
0.00000425,0.00000003
0.00006300,0.00000459
0.00010037,0.00001540
0.00001617,0.00000727
0.00000704,0.00000012
0.00002085,0.00000081
0.00003422,0.00000111
0.00007492,0.00001321
0.00003413,0.00015546
0.00004002,0.00058428
0.00001046,0.00004039
0.00004641,0.00011049
0.00000136,0.00000215
0.00000107,0.00000003
0.00000038,0.00000000
0.00002406,0.00002216
0.00011043,0.00001894
0.00004511,0.00006136
0.00054287,0.00002152
0.00033612,0.00072012
0.00010770,0.00016388
0.00002294,0.00002844
0.00000028,0.00000000
0.00004867,0.00001387
0.00000795,0.00000931
0.00000925,0.00000032
0.00003772,0.00006454
0.00000298,0.00001185
0.00001679,0.00000110
0.00003108,0.00000147
0.00049853,0.00031702
0.00046062,0.00022164
0.00000464,0.00001279
0.00028873,0.00005382
0.00000266,0.00000034
0.00000119,0.00000111
0.00012453,0.00002911
0.00000412,0.00000113
0.00000102,0.00000002
0.00000268,0.00000047
0.00006269,0.00006804
0.00002142,0.00000480
0.00002987,0.00000063
0.00000224,0.00000150
0.00004179,0.00000659
0.00002566,0.00000088
0.00002517,0.00000683
0.00000202,0.00000013
0.00000006,0.00000013
0.00006777,0.00001304
0.00004173,0.00002237
0.00004984,0.00001061
0.00004713,0.00001234
0.00005215,0.00007085
0.00016389,0.00007002
0.00007998,0.00002611
0.00004110,0.00008235
0.00003831,0.00000154
0.00003368,0.00016163
0.00003606,0.00004092
0.00011136,0.00020487
0.00104149,0.00014723
0.00007988,0.00001288
0.00003466,0.00000171
0.00019077,0.00008081
0.00003733,0.00000011
0.00006425,0.00001302
0.00007090,0.00001000
0.00005774,0.00000371
0.00001119,0.00000041
0.00000623,0.00000033
0.00000502,0.00000021
0.00010994,0.00110091
0.00030063,0.00009080
0.00011817,0.00001515
0.00004441,0.00000835
0.00001076,0.00000364
0.00000418,0.00000678
0.00007835,0.00000862
0.00000065,0.00000000
0.00000028,0.00000001
0.00000041,0.00000764
0.00013835,0.00000994
0.00001250,0.00000431
0.00000759,0.00000044
0.00001882,0.00000380
0.00016981,0.00002089
0.00000512,0.00000004
0.00007253,0.00000461
0.00010439,0.00001216
0.00001846,0.00000556
0.00000695,0.00000025
0.00002157,0.00000095
0.00005455,0.00000084
0.00008497,0.00001410
0.00003640,0.00016617
0.00004540,0.00060395
0.00001212,0.00003726
0.00004997,0.00011270
0.00000134,0.00000287
0.00000104,0.00000004
0.00000045,0.00000001
0.00002244,0.00002274
0.00016753,0.00001604
0.00004757,0.00007882
0.00099462,0.00002451
0.00036794,0.00068182
0.00011613,0.00015062
0.00002153,0.00002765
0.00000030,
0.00005243,0.00001870
0.00001089,0.00000107
0.00001164,0.00000056
0.00004627,0.00006235
0.00000334,0.00001222
0.00001693,0.00000115
0.00003164,0.00000277
0.00051957,0.00047699
0.00061290,0.00044585
0.00001049,0.00001972
0.00034215,0.00022152
0.00000983,0.00000042
0.00000049,
0.00012943,0.00003848
0.00000518,0.00000145
0.00000108,0.00000001
0.00000117,0.00000187
0.00006823,0.00011261
0.00003169,0.00000625
0.00003309,0.00000069
0.00000041,0.00000362
0.00003840,0.00000775
0.00002335,0.00000089
0.00002194,0.00000477
0.00000182,0.00000013
0.00000108,0.00000016
0.00006654,0.00002144
0.00003701,0.00001232
0.00004126,0.00000866
0.00004465,0.00001135
0.00004878,0.00008115
0.00014144,0.00006332
0.00006838,0.00002395
0.00003687,0.00005769
0.00003740,0.00000137
0.00003242,0.00013827
0.00003118,0.00004654
0.00009412,0.00015003
0.00069608,0.00013264
0.00007952,0.00001047
0.00002929,0.00000154
0.00015495,0.00007123
0.00003073,0.00000012
0.00004597,0.00001154
0.00006696,0.00000820
0.00005429,0.00000296
0.00000909,0.00000047
0.00000463,0.00000133
0.00000362,0.00000009
0.00014531,0.00104233
0.00028332,0.00007739
0.00010794,0.00001729
0.00002884,0.00000576
0.00001161,0.00000268
0.00000267,0.00000398
0.00007596,0.00000770
0.00000068,0.00000000
0.00000023,0.00000003
0.00000075,0.00000639
0.00011936,0.00001096
0.00001140,0.00000306
0.00000611,0.00000089
0.00001410,0.00000480
0.00013056,0.00001622
0.00000306,0.00000007
0.00006130,0.00000429
0.00010574,0.00000711
0.00001765,0.00000639
0.00000657,0.00000093
0.00001824,0.00000148
0.00007144,0.00000250
0.00007075,0.00001478
0.00003338,0.00013325
0.00004224,0.00049572
0.00001753,0.00003050
0.00004901,0.00008026
0.00000113,0.00000118
0.00000086,0.00000001
0.00000046,0.00000000
0.00001980,0.00002300
0.00020917,0.00001408
0.00004671,0.00009652
0.00083467,0.00002035
0.00030326,0.00056793
0.00011586,0.00013102
0.00002447,0.00002710
0.00000043,0.00000000
0.00004944,0.00001608
0.00001909,0.00000023
0.00001261,0.00000035
0.00004159,0.00010401
0.00000325,0.00002767
0.00001552,0.00000118
0.00002860,0.00000728
0.00050039,0.00052712
0.00058240,0.00047898
0.00003137,0.00002100
0.00032012,0.00027296
0.00000174,0.00000200
0.00000116,0.00000001
0.00011223,0.00003228
0.00000515,0.00000145
0.00000079,0.00000004
0.00000153,0.00000044
0.00006293,0.00015113
0.00003086,0.00000796
0.00002632,0.00000068
0.00000010,0.00000056
0.00003210,0.00000657
0.00002255,0.00000072
0.00002408,0.00000397
0.00000223,0.00000017
0.00000010,0.00000001
0.00006656,0.00002121
0.00003613,0.00001150
0.00005211,0.00000864
0.00004705,0.00001178
0.00005118,0.00007983
0.00013760,0.00006386
0.00007387,0.00002676
0.00004280,0.00006562
0.00002609,0.00000097
0.00004527,0.00014805
0.00002749,0.00005050
0.00003387,0.00016070
0.00060539,0.00012263
0.00004347,0.00001055
0.00003244,0.00000150
0.00018124,0.00008018
0.00003356,0.00000034
0.00005181,0.00001193
0.00006837,0.00000873
0.00005704,0.00000307
0.00000955,0.00000045
0.00000514,0.00000139
0.00000400,0.00000012
0.00017495,0.00108409
0.00030079,0.00008251
0.00011311,0.00001592
0.00002530,0.00000546
0.00002759,0.00000176
0.00000240,0.00000607
0.00008428,0.00000810
0.00000068,0.00000001
0.00000028,0.00000002
0.00000084,0.00000804
0.00012543,0.00001375
0.00001341,0.00000375
0.00000497,0.00000040
0.00001739,0.00000409
0.00012255,0.00001768
0.00000287,0.00000002
0.00005824,0.00000445
0.00010909,0.00000521
0.00001778,0.00000887
0.00000690,0.00000127
0.00001779,0.00000230
0.00007580,0.00000420
0.00006936,0.00002313
0.00003973,0.00013374
0.00004866,0.00049720
0.00001504,0.00003139
0.00005398,0.00007735
0.00000122,0.00000131
0.00000094,0.00000002
0.00000045,0.00000002
0.00002098,0.00001771
0.00028437,0.00001337
0.00005320,0.00006849
0.00084965,0.00002210
0.00036362,0.00039519
0.00013380,0.00016709
0.00002053,0.00001985
0.00000082,0.00000001
0.00005536,0.00001605
0.00002343,0.00000082
0.00001366,0.00000022
0.00004615,0.00006285
0.00000373,0.00002203
0.00001740,0.00000173
0.00003169,0.00000822
0.00052080,0.00060712
0.00067090,0.00058112
0.00003632,0.00002129
0.00037753,0.00053470
0.00000252,0.00000554
0.00000067,0.00000002
0.00013390,0.00003154
0.00000579,0.00000108
0.00000087,0.00000010
0.00000191,0.00000053
0.00007764,0.00018862
0.00003308,0.00000921
0.00002749,0.00000073
0.00000028,0.00000036
0.00003869,0.00000849
0.00002392,0.00000101
0.00002169,0.00000614
0.00000246,0.00000042
0.00000033,0.00000000
0.00005914,0.00000681
0.00004017,0.00001017
0.00005390,0.00000661
0.00004976,0.00000917
0.00005496,0.00007612
0.00015798,0.00005597
0.00008569,0.00002393
0.00004536,0.00006333
0.00002842,0.00000086
0.00004544,0.00015312
0.00002949,0.00003530
0.00003657,0.00021990
0.00075691,0.00009757
0.00005693,0.00000937
0.00003567,0.00000125
0.00019354,0.00007976
0.00002803,0.00000056
0.00005377,0.00000819
0.00007143,0.00000799
0.00005826,0.00000258
0.00000912,0.00000038
0.00000695,0.00000098
0.00000322,0.00000006
0.00019634,0.00144126
0.00032722,0.00007033
0.00012574,0.00001754
0.00003211,0.00000652
0.00003976,0.00000204
0.00000306,0.00000481
0.00008987,0.00000702
0.00000064,
0.00000022,0.00000000
0.00000166,0.00000807
0.00012811,0.00001103
0.00001357,0.00000339
0.00000411,0.00000032
0.00001353,0.00000258
0.00011997,0.00001113
0.00000343,0.00000003
0.00007160,0.00000345
0.00010982,0.00000735
0.00002311,0.00000316
0.00000688,0.00000017
0.00002136,0.00000188
0.00009987,0.00000267
0.00007276,0.00002166
0.00004017,0.00010874
0.00005232,0.00030475
0.00001470,0.00002906
0.00005126,0.00008241
0.00000152,0.00000098
0.00000104,0.00000000
0.00000065,0.00000007
0.00002071,0.00002116
0.00036700,0.00001564
0.00006217,0.00007084
0.00098368,0.00003982
0.00043327,0.00037691
0.00013779,0.00018062
0.00002089,0.00002194
0.00000071,0.00000065
0.00006464,0.00001676
0.00002870,0.00000094
0.00002019,0.00000016
0.00004638,0.00004948
0.00000428,0.00001254
0.00001934,0.00000109
0.00003473,0.00000519
0.00056476,0.00026174
0.00077369,0.00047725
0.00001757,0.00001253
0.00042627,0.00055081
0.00001057,0.00000076
0.00000062,0.00000019
0.00013553,0.00002649
0.00000606,0.00000151
0.00000089,0.00000007
0.00000159,0.00000129
0.00008730,0.00019359
0.00003109,0.00001146
0.00002907,0.00000074
0.00000007,0.00000038
0.00003591,0.00001529
0.00002556,0.00000121
0.00002262,0.00000476
0.00000262,0.00000034
0.00000031,0.00000001
0.00006276,0.00000835
0.00004310,0.00001549
0.00004247,0.00000966
0.00005290,0.00001440
0.00006176,0.00008142
0.00017320,0.00006996
0.00010004,0.00003540
0.00005161,0.00007818
0.00003122,0.00000084
0.00005106,0.00016425
0.00002897,0.00008515
0.00007922,0.00022823
0.00092008,0.00020545
0.00009600,0.00001091
0.00004327,0.00000152
0.00023577,0.00011023
0.00002629,0.00000072
0.00006086,0.00001536
0.00008063,0.00001126
0.00006587,0.00000446
0.00000986,0.00000046
0.00000710,0.00000108
0.00000356,0.00000005
0.00024588,0.00148618
0.00038471,0.00011249
0.00014607,0.00002434
0.00003775,0.00000621
0.00004358,0.00000297
0.00000323,0.00000682
0.00009658,0.00000915
0.00000067,0.00000001
0.00000021,0.00000003
0.00000352,0.00000918
0.00014715,0.00002199
0.00001283,0.00000688
0.00000475,0.00000033
0.00001440,0.00000364
0.00011302,0.00001377
0.00000477,0.00000003
0.00008117,0.00000949
0.00010595,0.00001475
0.00003185,0.00000550
0.00000745,0.00000030
0.00002328,0.00000360
0.00010286,0.00000307
0.00007248,0.00003822
0.00004636,0.00014871
0.00005720,0.00049314
0.00001637,0.00003668
0.00004933,0.00007996
0.00000153,0.00000281
0.00000102,0.00000009
0.00000079,0.00000010
0.00002474,0.00003333
0.00043907,0.00001899
0.00007162,0.00007497
0.00109933,0.00003066
0.00055805,0.00053051
0.00015530,0.00027190
0.00002391,0.00002777
0.00000135,0.00000000
0.00007652,0.00002028
0.00002563,0.00000012
0.00001696,0.00000009
0.00004945,0.00004857
0.00000463,0.00001206
0.00002061,0.00000138
0.00003993,0.00001223
0.00063934,0.00080754
0.00099956,0.00112547
0.00000622,0.00001729
0.00049269,0.00081558
0.00002968,0.00000233
0.00001358,0.00000214
0.00014717,0.00004433
0.00000682,0.00000201
0.00000125,0.00000002
0.00000203,0.00000247
0.00010373,0.00030443
0.00003541,0.00001268
0.00003078,0.00000067
0.00000041,0.00000050
0.00004155,0.00001319
0.00002739,0.00000341
0.00002214,0.00000621
0.00000291,0.00000061
0.00000019,0.00000001
0.00005862,0.00001517
0.00004316,0.00001575
0.00004211,0.00000862
0.00005351,0.00001478
0.00006179,0.00007816
0.00017072,0.00007017
0.00009851,0.00003706
0.00005589,0.00008129
0.00003016,0.00000186
0.00004152,0.00016286
0.00003114,0.00010509
0.00011629,0.00021438
0.00095607,0.00022847
0.00018017,0.00001985
0.00004438,0.00000150
0.00022493,0.00011051
0.00002638,0.00000102
0.00005759,0.00001561
0.00008327,0.00001074
0.00006445,0.00000377
0.00001053,0.00000061
0.00000937,0.00000087
0.00000335,0.00000007
0.00024411,0.00157899
0.00039068,0.00011844
0.00015140,0.00003240
0.00002862,0.00000452
0.00004625,0.00000344
0.00000160,0.00000242
0.00009630,0.00001019
0.00000065,0.00000000
0.00000027,0.00000023
0.00000253,0.00000659
0.00014026,0.00002465
0.00000857,0.00000486
0.00000354,0.00000031
0.00001301,0.00000124
0.00009460,0.00001458
0.00000742,0.00000004
0.00007502,0.00000721
0.00009102,0.00000834
0.00002793,0.00000766
0.00000720,0.00000032
0.00002179,0.00000422
0.00010892,0.00000638
0.00006725,0.00003725
0.00004791,0.00013450
0.00005897,0.00044852
0.00001549,0.00003768
0.00004866,0.00005576
0.00000159,0.00000227
0.00000098,0.00000003
0.00000083,0.00000011
0.00002227,0.00003690
0.00047360,0.00002413
0.00006983,0.00008723
0.00135618,0.00003632
0.00047003,0.00060013
0.00014965,0.00019857
0.00002321,0.00001788
0.00000181,0.00000002
0.00008294,0.00001635
0.00003011,0.00000057
0.00001257,0.00000015
0.00004722,0.00006338
0.00000472,0.00001550
0.00001908,0.00000149
0.00003935,0.00001124
0.00067884,0.00091890
0.00100315,0.00115282
0.00001144,0.00002257
0.00049519,0.00076780
0.00000675,0.00000157
0.00000109,0.00000123
0.00014372,0.00004538
0.00000712,0.00000362
0.00000093,0.00000002
0.00000224,0.00000238
0.00012272,0.00032881
0.00004021,0.00000984
0.00002881,0.00000069
0.00000008,0.00000195
0.00004186,0.00000959
0.00002350,0.00000196
0.00002304,0.00000646
0.00000266,0.00000028
0.00000038,0.00000002
0.00006452,0.00001099
0.00004366,0.00001667
0.00004618,0.00000810
0.00005262,0.00001452
0.00006481,0.00007642
0.00015586,0.00008033
0.00009657,0.00004300
0.00005147,0.00007716
0.00003817,0.00000173
0.00003137,0.00021495
0.00003233,0.00007296
0.00011056,0.00021572
0.00066678,0.00013871
0.00030572,0.00001383
0.00004849,0.00000225
0.00026243,0.00012780
0.00003346,0.00000154
0.00005939,0.00001761
0.00007376,0.00000947
0.00007236,0.00000461
0.00000973,0.00000057
0.00000669,0.00000086
0.00000292,0.00000007
0.00020958,0.00145705
0.00036712,0.00011905
0.00014770,0.00002636
0.00001834,0.00000299
0.00004599,0.00000261
0.00000051,0.00000077
0.00010026,0.00000719
0.00000062,0.00000000
0.00000022,0.00000003
0.00000115,0.00000374
0.00013242,0.00002307
0.00000921,0.00000304
0.00000307,0.00000036
0.00000772,0.00000037
0.00007714,0.00001319
0.00000617,0.00000017
0.00006073,0.00001154
0.00008238,0.00000441
0.00003293,0.00001289
0.00000603,0.00000011
0.00002147,0.00000411
0.00009456,0.00000819
0.00006717,0.00004029
0.00004746,0.00013215
0.00005144,0.00036083
0.00002344,0.00006235
0.00003750,0.00003596
0.00000233,0.00000685
0.00000080,0.00000014
0.00000064,0.00000008
0.00002306,0.00004654
0.00042999,0.00003681
0.00007276,0.00008122
0.00115290,0.00005351
0.00042645,0.00059642
0.00015364,0.00019641
0.00002466,0.00001937
0.00000118,0.00000001
0.00007506,0.00001533
0.00002219,0.00000050
0.00001156,0.00000016
0.00005207,0.00006605
0.00000488,0.00001874
0.00001929,0.00000133
0.00003596,0.00000962
0.00064848,0.00093710
0.00095187,0.00120013
0.00001864,0.00002718
0.00043941,0.00048256
0.00000487,0.00000218
0.00000122,0.00000247
0.00014518,0.00006994
0.00000713,0.00000256
0.00000098,0.00000001
0.00000348,0.00000089
0.00012180,0.00031314
0.00003854,0.00001085
0.00002563,0.00000114
0.00000008,0.00000043
0.00004729,0.00001817
0.00002661,0.00000205
0.00002588,0.00000466
0.00000426,0.00000076
0.00000020,0.00000000
0.00008780,0.00001725
0.00004941,0.00001643
0.00005484,0.00001014
0.00005920,0.00001854
0.00007862,0.00008423
0.00017800,0.00009571
0.00011872,0.00004758
0.00007281,0.00008025
0.00004517,0.00000227
0.00003761,0.00016859
0.00003626,0.00009713
0.00011568,0.00025842
0.00122203,0.00025913
0.00066913,0.00001592
0.00006119,0.00000454
0.00032026,0.00014365
0.00003143,0.00000269
0.00007036,0.00002026
0.00008453,0.00001112
0.00007505,0.00000649
0.00001152,0.00000074
0.00000844,0.00000108
0.00000291,0.00000007
0.00022384,0.00205146
0.00047554,0.00017727
0.00017488,0.00003020
0.00001741,0.00000386
0.00004262,0.00000294
0.00000123,0.00000048
0.00011669,0.00000980
0.00000083,0.00000000
0.00000030,0.00000001
0.00000158,0.00000686
0.00015532,0.00002912
0.00000895,0.00000514
0.00000226,0.00000061
0.00000758,0.00000056
0.00007636,0.00001774
0.00000697,0.00000013
0.00006302,0.00003646
0.00009647,0.00000876
0.00002965,0.00001214
0.00000879,0.00000350
0.00002459,0.00000347
0.00009804,0.00000781
0.00007749,0.00004371
0.00006459,0.00015001
0.00006769,0.00034254
0.00002257,0.00003562
0.00004890,0.00003719
0.00000284,0.00000238
0.00000098,0.00000002
0.00000084,0.00000005
0.00002936,0.00004601
0.00047855,0.00002313
0.00007556,0.00009868
0.00142729,0.00006287
0.00065447,0.00084336
0.00018976,0.00029329
0.00003705,0.00003776
0.00000113,0.00000346
0.00011839,0.00002849
0.00004555,0.00000155
0.00001357,0.00000034
0.00005816,0.00004988
0.00000632,0.00001824
0.00002380,0.00000164
0.00004240,0.00001041
0.00080372,0.00103513
0.00118542,0.00141827
0.00001456,0.00002823
0.00055016,0.00027784
0.00001877,0.00000262
0.00000156,0.00000011
0.00018386,0.00008935
0.00000862,0.00000228
0.00000132,0.00000002
0.00000434,0.00000334
0.00015567,0.00034972
0.00004223,0.00001108
0.00002834,0.00000096
0.00000007,0.00000035
0.00005563,0.00001975
0.00003539,0.00000104
0.00002357,0.00000902
0.00000308,0.00000131
0.00000016,0.00000000
0.00009926,0.00002653
0.00005120,0.00001640
0.00006244,0.00001091
0.00005233,0.00002048
0.00008337,0.00008706
0.00019507,0.00010014
0.00012785,0.00005057
0.00008382,0.00009369
0.00004586,0.00000200
0.00004076,0.00013780
0.00003648,0.00009779
0.00005879,0.00024639
0.00235196,0.00072427
0.00066224,0.00002586
0.00006391,0.00000433
0.00026393,0.00014233
0.00004828,0.00000733
0.00006702,0.00001868
0.00007964,0.00001061
0.00007093,0.00000854
0.00001311,0.00000085
0.00001083,0.00000058
0.00000335,0.00000017
0.00016314,0.00275098
0.00051412,0.00019137
0.00017948,0.00003422
0.00001632,0.00000368
0.00005715,0.00000315
0.00000133,0.00000048
0.00011585,0.00001428
0.00000083,0.00000000
0.00000036,0.00000009
0.00000085,0.00000746
0.00018528,0.00003452
0.00001090,0.00000775
0.00000270,0.00000061
0.00000891,0.00000038
0.00007996,0.00001562
0.00000997,0.00000041
0.00006328,0.00003116
0.00010516,0.00001956
0.00003636,0.00001139
0.00000714,0.00000091
0.00002447,0.00000340
0.00010215,0.00000633
0.00007960,0.00004433
0.00007715,0.00015308
0.00008030,0.00036528
0.00002094,0.00004627
0.00005376,0.00004032
0.00000625,0.00000923
0.00000116,0.00000002
0.00000114,0.00000005
0.00003200,0.00004068
0.00044929,0.00004205
0.00010364,0.00011136
0.00146111,0.00003460
0.00070008,0.00081110
0.00024681,0.00024122
0.00004257,0.00002886
0.00000091,0.00000001
0.00016204,0.00003142
0.00004660,0.00000040
0.00001597,0.00000057
0.00005419,0.00004619
0.00000593,0.00001761
0.00002191,0.00000188
0.00004566,0.00001156
0.00073250,0.00035564
0.00141143,0.00152495
0.00001119,0.00002786
0.00047895,0.00049760
0.00000569,0.00000423
0.00000127,0.00000016
0.00018090,0.00008307
0.00000889,0.00000333
0.00000108,0.00000009
0.00000556,0.00000340
0.00014142,0.00036521
0.00004276,0.00001267
0.00002833,0.00000107
0.00000016,0.00000060
0.00003841,0.00002433
0.00003834,0.00000168
0.00002414,0.00001223
0.00000280,0.00000131
0.00000009,0.00000000
0.00007439,0.00001563
0.00005512,0.00001821
0.00007984,0.00001217
0.00006309,0.00003394
0.00010464,0.00010639
0.00023356,0.00011048
0.00013170,0.00005349
0.00009770,0.00010619
0.00004589,0.00000178
0.00004128,0.00015420
0.00003098,0.00008405
0.00002533,0.00021635
0.00159108,0.00072943
0.00040374,0.00002533
0.00006160,0.00000479
0.00031991,0.00018860
0.00003975,0.00000663
0.00007288,0.00002204
0.00010296,0.00001312
0.00008175,0.00000946
0.00001607,0.00000113
0.00001520,0.00000039
0.00000330,0.00000016
0.00017124,0.00278824
0.00051255,0.00019379
0.00018674,0.00003689
0.00001849,0.00000272
0.00008059,0.00000701
0.00000079,0.00000050
0.00011104,0.00001426
0.00000088,0.00000000
0.00000034,0.00000013
0.00000283,0.00000776
0.00017120,0.00003086
0.00000960,0.00001001
0.00000259,0.00000060
0.00000810,0.00000040
0.00007225,0.00000871
0.00000847,0.00000024
0.00006783,0.00001383
0.00008638,0.00000903
0.00003654,0.00000639
0.00000850,0.00000031
0.00002649,0.00000300
0.00013159,0.00000470
0.00007932,0.00004764
0.00007951,0.00016362
0.00008684,0.00039789
0.00001882,0.00003586
0.00005422,0.00003264
0.00000280,0.00000852
0.00000114,0.00000005
0.00000116,0.00000007
0.00003346,0.00005125
0.00047167,0.00001565
0.00010144,0.00013521
0.00123153,0.00001529
0.00055568,0.00056870
0.00024965,0.00020876
0.00004770,0.00004414
0.00000198,0.00000007
0.00015586,0.00003143
0.00003225,0.00000235
0.00001946,0.00000149
0.00006375,0.00004464
0.00000631,0.00000608
0.00002431,0.00000208
0.00005392,0.00001087
0.00083854,0.00035293
0.00148752,0.00162848
0.00001341,0.00003442
0.00068588,0.00061374
0.00001693,0.00001184
0.00000167,0.00000028
0.00019862,0.00009383
0.00001005,0.00000490
0.00000158,0.00000006
0.00000561,0.00000435
0.00015538,0.00047297
0.00006209,0.00001074
0.00003203,0.00000170
0.00000016,0.00000052
