year,product_chapter,importer,value_trln_USD,quantity_mln_metric_tons
1995,10,GRC,0.00000000,0.00000000
1995,12,PAN,0.00000003,0.00002003
1995,15,ESP,0.00000010,0.00015300
1995,20,NLD,0.00000003,0.00002702
1995,20,PAN,0.00000001,0.00002150
1995,20,DEU,0.00000001,0.00000550
1995,21,PAN,0.00000002,0.00001394
1995,22,PAN,0.00000004,0.00006426
1995,23,JPN,0.00000005,0.00005865
1995,23,CAN,0.00000001,0.00002676
1995,24,FRA,0.00000001,0.00000781
1995,24,DEU,0.00000001,0.00001531
1995,30,USA,0.00000348,0.00090461
1995,30,FRA,0.00000120,0.00030910
1995,30,DEU,0.00000020,0.00001810
1995,30,PAN,0.00000003,0.00000340
1995,30,CAN,0.00000000,0.00000200
1995,30,Other,0.00000000,0.00000240
1995,33,DEU,0.00000001,0.00000513
1995,37,ZWE,0.00000001,0.00000000
1995,37,SLV,0.00000000,0.00000004
1995,38,PAN,0.00000004,0.00000125
1995,38,PRT,0.00000001,0.00000787
1995,38,CHE,0.00000001,0.00000010
1995,39,PAN,0.00000002,0.00000531
1995,40,BEL,0.00000001,0.00000500
1995,40,SLV,0.00000000,0.00000093
1995,42,DEU,0.00000001,0.00000014
1995,44,ITA,0.00000004,0.00005969
1995,44,ESP,0.00000004,0.00004346
1995,44,JPN,0.00000001,0.00000121
1995,44,GRC,0.00000000,0.00000013
1995,46,FRA,0.00000002,0.00000137
1995,46,ESP,0.00000001,0.00000096
1995,48,ESP,0.00000000,0.00000011
1995,48,ITA,0.00000000,0.00000007
1995,49,BRA,0.00000002,0.00000206
1995,49,CHE,0.00000001,0.00000020
1995,51,USA,0.00000004,0.00008482
1995,55,FRA,0.00000005,0.00000150
1995,55,GRC,0.00000001,0.00000289
1995,60,ESP,0.00000000,0.00000023
1995,61,CAN,0.00000003,0.00000103
1995,61,CZE,0.00000001,0.00000030
1995,61,FRA,0.00000000,0.00000020
1995,61,CHE,0.00000000,0.00000002
1995,62,ESP,0.00000009,0.00000106
1995,62,FRA,0.00000000,0.00000010
1995,62,PRT,0.00000000,0.00000002
1995,64,ECU,0.00000000,0.00000150
1995,65,SLV,0.00000000,0.00000003
1995,67,ITA,0.00000001,0.00000150
1995,68,GRC,0.00000000,0.00000020
1995,69,BEL,0.00000002,0.00001645
1995,69,ESP,0.00000000,0.00000096
1995,72,DZA,0.00000007,0.00006000
1995,73,MYS,0.00000001,0.00002000
1995,73,SLV,0.00000001,0.00001125
1995,73,DZA,0.00000000,0.00000431
1995,74,CAN,0.00000001,0.00001019
1995,76,GRC,0.00000000,0.00000012
1995,80,CHE,0.00000004,0.00005340
1995,80,PRT,0.00000003,0.00004787
1995,80,DEU,0.00000000,0.00000050
1995,82,DEU,0.00000001,0.00000004
1995,82,DZA,0.00000000,0.00000000
1995,83,PAN,0.00000000,0.00000008
1995,84,ITA,0.00000008,0.00000016
1995,84,ESP,0.00000003,0.00000331
1995,84,HND,0.00000003,0.00000043
1995,84,SLV,0.00000002,0.00000175
1995,84,DEU,0.00000001,0.00000020
1995,84,Other,0.00000001,0.00000019
1995,85,IRL,0.00000004,0.00000041
1995,85,DZA,0.00000002,0.00000015
1995,85,MYS,0.00000001,0.00000000
1995,85,ESP,0.00000001,0.00000000
1995,85,PAN,0.00000000,0.00000020
1995,85,Other,0.00000000,0.00000023
1995,87,ITA,0.00000001,0.00000113
1995,87,HND,0.00000001,0.00000358
1995,87,CAF,0.00000000,0.00000169
1995,87,DEU,0.00000000,0.00000010
1995,87,SLV,0.00000000,0.00000001
1995,88,FRA,0.00000001,0.00000001
1995,88,CAN,0.00000000,0.00000000
1995,88,ESP,0.00000000,0.00000001
1995,89,JPN,0.00000004,0.00000119
1995,90,DEU,0.00000012,0.00002930
1995,90,PAN,0.00000000,0.00000003
1995,94,DEU,0.00000004,0.00001912
1995,94,SLV,0.00000004,0.00000550
1995,94,ESP,0.00000001,0.00000150
1995,94,GRC,0.00000000,0.00000025
1995,95,CAN,0.00000001,0.00000000
1996,10,PAN,0.00000042,0.00168000
1996,12,FRA,0.00000008,0.00001250
1996,14,DEU,0.00000003,0.00000731
1996,16,DNK,0.00000065,0.00005355
1996,16,ITA,0.00000049,0.00016000
1996,16,IRL,0.00000004,0.00001753
1996,17,FRA,0.00000000,0.00000090
1996,17,PAN,0.00000000,0.00000019
1996,20,CHE,0.00000001,0.00000066
1996,24,CYP,0.00000009,0.00000043
1996,27,ITA,0.00000262,0.01563169
1996,29,CHE,0.00000073,0.00003125
1996,29,SLV,0.00000002,0.00000085
1996,30,FRA,0.00000117,0.00031860
1996,30,CAN,0.00000058,0.00021113
1996,30,USA,0.00000044,0.00011072
1996,30,DEU,0.00000039,0.00003642
1996,32,CHE,0.00000038,0.00001881
1996,32,FRA,0.00000000,0.00000009
1996,33,PAN,0.00000001,0.00000119
1996,33,RUS,0.00000001,0.00000353
1996,34,PAN,0.00000001,0.00001950
1996,34,RUS,0.00000000,0.00000313
1996,34,ESP,0.00000000,0.00000076
1996,34,SLV,0.00000000,0.00000032
1996,35,PAN,0.00000000,0.00000079
1996,38,PAN,0.00000008,0.00001225
1996,39,DEU,0.00000002,0.00002500
1996,39,ITA,0.00000001,0.00000825
1996,39,PAN,0.00000000,0.00000256
1996,39,CAN,0.00000000,0.00000012
1996,39,RUS,0.00000000,0.00000014
1996,39,Other,0.00000000,0.00000002
1996,40,ESP,0.00000004,0.00000819
1996,40,PRT,0.00000000,0.00000003
1996,41,CYP,0.00000001,0.00000020
1996,41,ESP,0.00000000,0.00000004
1996,42,ESP,0.00000001,0.00000052
1996,42,FRA,0.00000000,0.00000009
1996,44,ITA,0.00000002,0.00002128
1996,44,DEU,0.00000001,0.00000181
1996,46,GRC,0.00000003,0.00000794
1996,47,ITA,0.00000016,0.00044706
1996,47,DEU,0.00000013,0.00015210
1996,48,GTM,0.00000001,0.00000337
1996,48,ESP,0.00000000,0.00000016
1996,48,PAN,0.00000000,0.00000283
1996,48,PRT,0.00000000,0.00000011
1996,48,SLV,0.00000000,0.00000005
1996,49,PAN,0.00000000,0.00000060
1996,51,USA,0.00000001,0.00002223
1996,55,KOR,0.00000003,0.00000319
1996,56,DNK,0.00000011,0.00013897
1996,61,MAC,0.00000000,0.00000012
1996,62,FRA,0.00000000,0.00000012
1996,63,FRA,0.00000000,0.00000040
1996,64,ITA,0.00000008,0.00000363
1996,64,DNK,0.00000002,0.00000169
1996,64,KNA,0.00000001,0.00000009
1996,64,PRT,0.00000000,0.00000001
1996,68,PAN,0.00000001,0.00004763
1996,69,FRA,0.00000001,0.00000050
1996,70,PAN,0.00000000,0.00000169
1996,71,ESP,0.00000002,0.00004234
1996,71,BRA,0.00000000,0.00000000
1996,72,SLV,0.00000002,0.00003000
1996,72,PAN,0.00000002,0.00001875
1996,73,PAN,0.00000000,0.00000023
1996,74,CAN,0.00000001,0.00000844
1996,76,CAN,0.00000000,0.00000162
1996,80,ITA,0.00000032,0.00036444
1996,80,PAN,0.00000000,0.00000013
1996,80,DEU,0.00000000,0.00000020
1996,81,ESP,0.00000000,0.00000022
1996,82,SLV,0.00000000,0.00000036
1996,84,FRA,0.00000024,0.00000165
1996,84,USA,0.00000002,0.00000020
1996,84,BRA,0.00000001,0.00000023
1996,84,SLV,0.00000001,0.00011231
1996,84,ESP,0.00000001,0.00000006
1996,84,Other,0.00000001,0.00000058
1996,85,FRA,0.00000001,0.00000003
1996,85,AUT,0.00000001,0.00000001
1996,85,CAN,0.00000000,0.00000000
1996,85,PAN,0.00000000,0.00000028
1996,85,DEU,0.00000000,0.00000002
1996,87,JPN,0.00000014,0.00000839
1996,87,DZA,0.00000001,0.00000119
1996,87,GTM,0.00000000,0.00000150
1996,88,ESP,0.00000002,0.00000001
1996,89,FRA,0.00000001,0.00000010
1996,90,DNK,0.00000021,0.00007340
1996,90,AUT,0.00000002,0.00000020
1996,90,ITA,0.00000001,0.00000337
1996,90,ZA1,0.00000001,0.00000025
1996,90,DEU,0.00000001,0.00000166
1996,90,Other,0.00000000,0.00000001
1996,94,NLD,0.00000003,0.00001006
1996,96,PRT,0.00000000,0.00000009
1996,96,RUS,0.00000000,0.00000005
1997,12,NLD,0.00000003,0.00000100
1997,15,GUY,0.00000009,0.00011530
1997,15,ECU,0.00000004,0.00003544
1997,16,DEU,0.00000003,0.00000500
1997,17,SEN,0.00000000,0.00000162
1997,19,SEN,0.00000000,0.00000300
1997,20,DEU,0.00000005,0.00005000
1997,20,CHE,0.00000000,0.00000050
1997,22,GUY,0.00000001,0.00001600
1997,25,GUY,0.00000016,0.00067810
1997,27,ITA,0.00000499,0.05464861
1997,27,GUY,0.00000009,0.00004463
1997,28,EGY,0.00000024,0.00043500
1997,28,GUY,0.00000008,0.00017841
1997,29,ECU,0.00000002,0.00001563
1997,29,GUY,0.00000000,0.00000200
1997,30,USA,0.00000207,0.00050773
1997,30,FRA,0.00000038,0.00011120
1997,30,CAN,0.00000026,0.00007543
1997,30,DEU,0.00000012,0.00003400
1997,30,DNK,0.00000011,0.00001806
1997,30,Other,0.00000010,0.00001103
1997,32,GUY,0.00000004,0.00018907
1997,33,IRL,0.00000001,0.00000500
1997,33,SLV,0.00000000,0.00000008
1997,38,GUY,0.00000002,0.00000058
1997,39,TZA,0.00000001,0.00000600
1997,39,GUY,0.00000000,0.00000090
1997,40,EGY,0.00000004,0.00004920
1997,40,GUY,0.00000004,0.00001704
1997,40,ESP,0.00000000,0.00000015
1997,40,DEU,0.00000000,0.00000005
1997,41,DEU,0.00000001,0.00000022
1997,44,DNK,0.00000002,0.00002450
1997,44,ESP,0.00000001,0.00001112
1997,46,CAN,0.00000000,0.00000000
1997,48,GTM,0.00000002,0.00001138
1997,48,GUY,0.00000000,0.00000036
1997,49,ESP,0.00000000,0.00000030
1997,49,BRA,0.00000000,0.00000008
1997,49,GUY,0.00000000,0.00000033
1997,49,CYP,0.00000000,0.00000005
1997,51,USA,0.00000004,0.00007549
1997,55,ITA,0.00000004,0.00001756
1997,62,FRA,0.00000000,0.00000020
1997,62,IRL,0.00000000,0.00000002
1997,62,CAN,0.00000000,0.00000004
1997,63,IRL,0.00000004,0.00002145
1997,63,GUY,0.00000001,0.00000400
1997,64,DEU,0.00000000,0.00000009
1997,66,GUY,0.00000001,0.00000057
1997,69,PRT,0.00000001,0.00000078
1997,70,GUY,0.00000012,0.00048144
1997,70,BEL,0.00000004,0.00012111
1997,70,ITA,0.00000000,0.00000030
1997,70,CAN,0.00000000,0.00000281
1997,71,CHE,0.00000050,0.00000000
1997,71,ITA,0.00000000,0.00000000
1997,72,GUY,0.00000145,0.00186964
1997,72,ITA,0.00000024,0.00130000
1997,73,GUY,0.00000021,0.00004297
1997,73,BRA,0.00000003,0.00001710
1997,73,DEU,0.00000000,0.00000114
1997,76,ECU,0.00000003,0.00001344
1997,80,ITA,0.00000003,0.00003864
1997,80,CZE,0.00000002,0.00004005
1997,80,IRL,0.00000001,0.00000528
1997,80,CHE,0.00000000,0.00000500
1997,82,ITA,0.00000001,0.00000033
1997,82,ESP,0.00000000,0.00000001
1997,82,BRA,0.00000000,0.00000001
1997,82,CAN,0.00000000,0.00000000
1997,84,BRA,0.00000075,0.00009032
1997,84,FRA,0.00000011,0.00000081
1997,84,EGY,0.00000005,0.00000218
1997,84,GUY,0.00000004,0.00001162
1997,84,PRT,0.00000002,0.00000025
1997,84,Other,0.00000005,0.00000314
1997,85,ITA,0.00000015,0.00000100
1997,85,FRA,0.00000002,0.00000323
1997,85,BRA,0.00000001,0.00000002
1997,85,EGY,0.00000000,0.00000078
1997,85,BEL,0.00000000,0.00000001
1997,85,Other,0.00000001,0.00000037
1997,87,GUY,0.00000002,0.00000211
1997,87,JPN,0.00000001,0.00000179
1997,87,ESP,0.00000001,0.00000034
1997,87,CAN,0.00000000,0.00000000
1997,88,NLD,0.00000001,0.00000003
1997,89,FRA,0.00000056,0.00030000
1997,90,ITA,0.00000056,0.00010960
1997,90,BRA,0.00000004,0.00000014
1997,90,BEL,0.00000002,0.00000002
1997,90,FRA,0.00000001,0.00000004
1997,90,EGY,0.00000000,0.00000002
1997,90,Other,0.00000000,0.00000000
1997,93,PRT,0.00000000,0.00000000
1997,93,ITA,0.00000000,0.00000001
1997,94,BRA,0.00000000,0.00000003
1997,95,BRA,0.00000000,0.00000031
1997,95,FRA,0.00000000,0.00000010
1997,96,GUY,0.00000001,0.00000032
1997,97,CHE,0.00000004,0.00000000
1998,10,CAN,0.00000077,0.00000000
1998,15,GUY,0.00000017,0.00021489
1998,19,CYP,0.00000000,0.00000015
1998,20,FRA,0.00000003,0.00004160
1998,22,FRA,0.00000003,0.00001131
1998,22,GUY,0.00000003,0.00003914
1998,23,DEU,0.00000016,0.00093300
1998,24,EGY,0.00000000,0.00000089
1998,25,GUY,0.00000018,0.00072600
1998,25,ITA,0.00000000,0.00002932
1998,27,GUY,0.00000006,0.00001643
1998,27,GTM,0.00000000,0.00001986
1998,28,GUY,0.00000005,0.00001544
1998,29,EGY,0.00000005,0.00000018
1998,29,GUY,0.00000001,0.00000395
1998,29,GTM,0.00000001,0.00000007
1998,30,USA,0.00000491,0.00100733
1998,30,FRA,0.00000217,0.00022360
1998,30,GUY,0.00000010,0.00000298
1998,30,CAN,0.00000001,0.00000369
1998,30,AUT,0.00000001,0.00000011
1998,31,GUY,0.00000045,0.00005800
1998,32,GUY,0.00000003,0.00014700
1998,32,EGY,0.00000000,0.00000005
1998,34,EGY,0.00000002,0.00000487
1998,35,ECU,0.00000000,0.00000003
1998,36,GUY,0.00000002,0.00000100
1998,36,IRL,0.00000000,0.00000024
1998,38,EGY,0.00000011,0.00040869
1998,38,ECU,0.00000002,0.00000100
1998,38,GUY,0.00000001,0.00000400
1998,38,CIV,0.00000001,0.00000200
1998,38,GTM,0.00000000,0.00000038
1998,39,ECU,0.00000002,0.00000262
1998,39,GTM,0.00000001,0.00000234
1998,39,GUY,0.00000000,0.00000072
1998,40,PHL,0.00000006,0.00004760
1998,40,GUY,0.00000005,0.00003004
1998,41,BRA,0.00000000,0.00000006
1998,42,NLD,0.00000000,0.00000001
1998,43,CYP,0.00000000,0.00000030
1998,44,ESP,0.00000006,0.00011650
1998,44,GRC,0.00000005,0.00009822
1998,44,DEU,0.00000003,0.00004900
1998,44,PRT,0.00000002,0.00004146
1998,44,BEL,0.00000001,0.00000950
1998,44,Other,0.00000000,0.00000001
1998,48,GTM,0.00000009,0.00008270
1998,48,GUY,0.00000002,0.00000056
1998,48,IND,0.00000000,0.00000067
1998,49,GUY,0.00000000,0.00000049
1998,49,GTM,0.00000000,0.00000048
1998,49,ZA1,0.00000000,0.00000009
1998,49,EGY,0.00000000,0.00000017
1998,49,CHE,0.00000000,0.00000137
1998,51,USA,0.00000008,0.00015419
1998,51,CAN,0.00000002,0.00007777
1998,54,GTM,0.00000001,0.00000262
1998,55,GUY,0.00000001,0.00000262
1998,57,GUY,0.00000000,0.00000028
1998,59,DEU,0.00000002,0.00001000
1998,61,JPN,0.00000000,0.00000036
1998,62,FRA,0.00000001,0.00000030
1998,63,GUY,0.00000001,0.00000015
1998,63,DEU,0.00000000,0.00000037
1998,64,FRA,0.00000001,0.00000020
1998,70,GUY,0.00000002,0.00001830
1998,70,GTM,0.00000000,0.00000053
1998,71,DEU,0.00000000,0.00000000
1998,71,SCG,0.00000000,0.00000000
1998,72,GUY,0.00000211,0.00295650
1998,72,ESP,0.00000001,0.00001800
1998,73,GUY,0.00000034,0.00076667
1998,76,FRA,0.00000008,0.00001990
1998,76,MYS,0.00000008,0.00004390
1998,84,EGY,0.00000052,0.00005049
1998,84,DNK,0.00000015,0.00000100
1998,84,ESP,0.00000004,0.00000819
1998,84,DEU,0.00000004,0.00000588
1998,84,ECU,0.00000003,0.00000437
1998,84,Other,0.00000003,0.00000124
1998,85,ECU,0.00000124,0.00000900
1998,85,DEU,0.00000043,0.00000607
1998,85,EGY,0.00000021,0.00000686
1998,85,CAN,0.00000006,0.00000005
1998,85,BRA,0.00000001,0.00000010
1998,85,Other,0.00000001,0.00000054
1998,87,GRC,0.00000002,0.00000125
1998,87,GTM,0.00000001,0.00000693
1998,87,GUY,0.00000001,0.00000119
1998,88,ETH,0.00000004,0.00000001
1998,88,CAN,0.00000000,0.00000000
1998,89,FRA,0.00000004,0.00000119
1998,90,DNK,0.00000026,0.00006296
1998,90,FRA,0.00000006,0.00001400
1998,90,CAN,0.00000001,0.00000000
1998,90,NLD,0.00000001,0.00000002
1998,90,DEU,0.00000000,0.00000002
1998,91,CHE,0.00000034,0.00000000
1998,92,FRA,0.00000000,0.00000030
1998,94,ESP,0.00000003,0.00000800
1998,94,GUY,0.00000001,0.00000156
1998,94,GRL,0.00000000,0.00000049
1998,94,BRA,0.00000000,0.00000030
1998,95,GRC,0.00000000,0.00000014
1998,96,GUY,0.00000000,0.00000001
1998,96,GTM,0.00000000,0.00000001
1999,12,EGY,0.00000159,0.00747725
1999,12,CHE,0.00000002,0.00001790
1999,13,DEU,0.00000002,0.00000137
1999,16,DEU,0.00000000,0.00000050
1999,20,FRA,0.00000003,0.00002080
1999,20,DNK,0.00000000,0.00000100
1999,21,DEU,0.00000007,0.00002510
1999,22,GBR,0.00000001,0.00000045
1999,23,COL,0.00000092,0.00000388
1999,23,CAN,0.00000005,0.00010138
1999,28,EGY,0.00000000,0.00000002
1999,29,BRA,0.00000001,0.00000050
1999,30,USA,0.00000499,0.00107075
1999,30,JPN,0.00000099,0.00010556
1999,30,FRA,0.00000069,0.00022630
1999,30,PRT,0.00000009,0.00002415
1999,30,CAN,0.00000009,0.00002855
1999,30,Other,0.00000003,0.00001013
1999,32,ECU,0.00000002,0.00001500
1999,32,GTM,0.00000002,0.00001210
1999,32,BRA,0.00000001,0.00000085
1999,38,CIV,0.00000001,0.00000100
1999,38,GTM,0.00000000,0.00000004
1999,39,GTM,0.00000004,0.00006360
1999,39,GRC,0.00000001,0.00000363
1999,40,FRA,0.00000001,0.00000020
1999,40,BFA,0.00000001,0.00000135
1999,41,ITA,0.00000009,0.00000294
1999,41,PRT,0.00000004,0.00002118
1999,41,FRA,0.00000000,0.00000020
1999,44,GRC,0.00000005,0.00004723
1999,44,ESP,0.00000001,0.00002888
1999,44,NLD,0.00000001,0.00000363
1999,48,BRA,0.00000003,0.00000306
1999,49,USA,0.00000001,0.00000212
1999,49,BRA,0.00000001,0.00000046
1999,49,FRA,0.00000000,0.00000010
1999,50,DEU,0.00000003,0.00000070
1999,51,CAN,0.00000012,0.00029906
1999,62,AUT,0.00000001,0.00000030
1999,62,IRL,0.00000000,0.00000001
1999,63,IRL,0.00000001,0.00000048
1999,68,BRA,0.00000001,0.00002010
1999,69,DEU,0.00000000,0.00000050
1999,70,GTM,0.00000000,0.00000113
1999,71,ITA,0.00000000,0.00000000
1999,72,DEU,0.00000002,0.00002000
1999,73,GTM,0.00000000,0.00000044
1999,80,FRA,0.00000001,0.00002270
1999,83,GTM,0.00000001,0.00000131
1999,84,IRL,0.00000041,0.00000144
1999,84,GTM,0.00000008,0.00001824
1999,84,ITA,0.00000005,0.00000075
1999,84,CAN,0.00000002,0.00000044
1999,84,EGY,0.00000001,0.00000001
1999,84,Other,0.00000003,0.00000030
1999,85,AUT,0.00000002,0.00000113
1999,85,GTM,0.00000001,0.00000009
1999,85,DEU,0.00000000,0.00000001
1999,85,EGY,0.00000000,0.00000000
1999,85,AZE,0.00000000,0.00000001
1999,85,Other,0.00000000,0.00000001
1999,87,GTM,0.00000001,0.00000160
1999,87,FRA,0.00000001,0.00000117
1999,87,BFA,0.00000000,0.00000225
1999,87,CAF,0.00000000,0.00000030
1999,88,CAN,0.00000003,0.00000000
1999,88,LUX,0.00000002,0.00000006
1999,90,ITA,0.00000007,0.00002442
1999,90,DEU,0.00000004,0.00002160
1999,90,CHE,0.00000002,0.00000004
1999,90,CAN,0.00000002,0.00000000
1999,90,GTM,0.00000001,0.00000008
1999,90,Other,0.00000000,0.00000005
1999,94,FRA,0.00000000,0.00000106
1999,94,CHE,0.00000000,0.00000047
2000,10,MEX,0.00000007,0.00000162
2000,10,BDI,0.00000000,0.00000008
2000,12,FRA,0.00000003,0.00000050
2000,15,DEU,0.00000000,0.00000060
2000,16,DEU,0.00000000,0.00000110
2000,20,FRA,0.00000005,0.00004990
2000,20,GTM,0.00000003,0.00001066
2000,20,DNK,0.00000000,0.00000037
2000,21,BEN,0.00000003,0.00000374
2000,23,CAN,0.00000007,0.00021042
2000,24,NLD,0.00000000,0.00000007
2000,27,DEU,0.00000019,0.00076810
2000,27,PNG,0.00000000,0.00000562
2000,28,BRA,0.00000000,0.00000000
2000,29,BEL,0.00000041,0.00000160
2000,29,BRA,0.00000000,0.00000000
2000,30,USA,0.00000608,0.00193764
2000,30,PRT,0.00000092,0.00020055
2000,30,FRA,0.00000035,0.00014200
2000,30,DNK,0.00000017,0.00003476
2000,30,CAN,0.00000002,0.00000886
2000,32,GTM,0.00000001,0.00000048
2000,33,DNK,0.00000006,0.00001800
2000,35,UGA,0.00000000,0.00000012
2000,39,GTM,0.00000001,0.00000743
2000,39,ITA,0.00000000,0.00000200
2000,39,BRA,0.00000000,0.00000001
2000,39,SEN,0.00000000,0.00000010
2000,40,ITA,0.00000003,0.00000824
2000,40,DEU,0.00000000,0.00000130
2000,40,BFA,0.00000000,0.00000022
2000,44,ESP,0.00000003,0.00005535
2000,48,BRA,0.00000004,0.00000141
2000,48,FRA,0.00000000,0.00000010
2000,49,PYF,0.00000000,0.00000010
2000,49,CAN,0.00000000,0.00000009
2000,49,NGA,0.00000000,0.00000060
2000,51,CAN,0.00000005,0.00011963
2000,58,BGR,0.00000000,0.00000009
2000,60,FRA,0.00000000,0.00000005
2000,60,CAN,0.00000000,0.00000000
2000,61,DNK,0.00000009,0.00000312
2000,61,AUT,0.00000000,0.00000001
2000,61,AND,0.00000000,0.00000000
2000,63,GTM,0.00000001,0.00001004
2000,63,GBR,0.00000000,0.00000086
2000,64,GTM,0.00000000,0.00000105
2000,64,UGA,0.00000000,0.00000000
2000,68,UGA,0.00000000,0.00000012
2000,69,CAN,0.00000000,0.00000085
2000,69,PYF,0.00000000,0.00000003
2000,70,UGA,0.00000000,0.00000020
2000,71,DEU,0.00000001,0.00000010
2000,71,ESP,0.00000000,0.00000001
2000,73,BRA,0.00000000,0.00000002
2000,74,CAN,0.00000002,0.00003256
2000,76,CAN,0.00000000,0.00000426
2000,80,DEU,0.00000001,0.00001550
2000,82,DEU,0.00000000,0.00000002
2000,82,FRA,0.00000000,0.00000040
2000,84,FRA,0.00000002,0.00000180
2000,84,CAN,0.00000002,0.00000168
2000,84,GTM,0.00000001,0.00000151
2000,84,LBN,0.00000000,0.00000000
2000,84,NLD,0.00000000,0.00000002
2000,84,Other,0.00000000,0.00000002
2000,85,FRA,0.00000001,0.00000341
2000,85,CHE,0.00000000,0.00000001
2000,85,DEU,0.00000000,0.00000012
2000,85,BRA,0.00000000,0.00000020
2000,85,ITA,0.00000000,0.00000003
2000,85,Other,0.00000000,0.00000006
2000,87,BRA,0.00000000,0.00000007
2000,87,FRA,0.00000000,0.00000170
2000,87,LUX,0.00000000,0.00000000
2000,87,UGA,0.00000000,0.00000001
2000,88,LUX,0.00000002,0.00000031
2000,88,CAN,0.00000000,0.00000001
2000,88,CHE,0.00000000,0.00000001
2000,90,FRA,0.00000001,0.00000028
2000,90,ITA,0.00000000,0.00000070
2000,90,BEL,0.00000000,0.00000000
2000,90,GTM,0.00000000,0.00000009
2000,94,JPN,0.00000003,0.00001260
2000,94,FRA,0.00000001,0.00000280
2000,94,DEU,0.00000001,0.00000010
2000,97,FRA,0.00000000,0.00000010
2001,12,FRA,0.00000001,0.00000020
2001,14,DEU,0.00000000,0.00000030
2001,20,DNK,0.00000000,0.00000050
2001,23,CAN,0.00000002,0.00005078
2001,24,ROU,0.00000000,0.00000002
2001,25,TGO,0.00000000,0.00003600
2001,29,ECU,0.00000000,0.00000197
2001,30,USA,0.00000343,0.00107510
2001,30,JPN,0.00000211,0.00012791
2001,30,PRT,0.00000060,0.00013090
2001,30,CAN,0.00000023,0.00006752
2001,30,HND,0.00000006,0.00000072
2001,30,Other,0.00000001,0.00000052
2001,33,NLD,0.00000001,0.00000002
2001,39,DEU,0.00000001,0.00000250
2001,40,KHM,0.00000000,0.00000147
2001,42,BEL,0.00000000,0.00000009
2001,44,ESP,0.00000013,0.00019272
2001,47,ITA,0.00000026,0.00081000
2001,47,DEU,0.00000010,0.00025000
2001,48,CYP,0.00000002,0.00000512
2001,49,CAN,0.00000000,0.00000039
2001,49,FRA,0.00000000,0.00000010
2001,49,CYP,0.00000000,0.00000000
2001,51,CAN,0.00000004,0.00007975
2001,54,CAN,0.00000000,0.00000000
2001,61,HRV,0.00000001,0.00000056
2001,62,AUT,0.00000000,0.00000002
2001,62,FRA,0.00000000,0.00000005
2001,62,BRB,0.00000000,0.00000001
2001,63,CAF,0.00000006,0.00006383
2001,63,MLI,0.00000002,0.00001821
2001,63,SVN,0.00000000,0.00000004
2001,64,ITA,0.00000000,0.00000001
2001,68,DEU,0.00000006,0.00000190
2001,69,CAN,0.00000000,0.00000107
2001,70,NLD,0.00000001,0.00001840
2001,71,NLD,0.00000003,0.00002700
2001,71,ITA,0.00000001,0.00000000
2001,71,AUS,0.00000000,0.00000000
2001,71,CYP,0.00000000,0.00000001
2001,76,CYP,0.00000000,0.00000118
2001,80,CHE,0.00000001,0.00001480
2001,80,NLD,0.00000001,0.00001814
2001,80,ITA,0.00000001,0.00000465
2001,80,MAC,0.00000000,0.00000016
2001,81,CAN,0.00000000,0.00000008
2001,82,ZAF,0.00000008,0.00000314
2001,82,DEU,0.00000003,0.00000303
2001,82,KHM,0.00000000,0.00000020
2001,82,CAN,0.00000000,0.00000004
2001,83,CAN,0.00000000,0.00000000
2001,84,NLD,0.00000004,0.00000040
2001,84,BEL,0.00000001,0.00000206
2001,84,CAN,0.00000001,0.00000038
2001,84,LBN,0.00000000,0.00000000
2001,84,DEU,0.00000000,0.00000010
2001,84,Other,0.00000000,0.00000101
2001,85,LCA,0.00000005,0.00000706
2001,85,DEU,0.00000003,0.00000174
2001,85,FRA,0.00000003,0.00000081
2001,85,ITA,0.00000000,0.00000008
2001,85,THA,0.00000000,0.00000000
2001,85,Other,0.00000000,0.00000007
2001,87,ECU,0.00000001,0.00000931
2001,88,LUX,0.00000004,0.00000024
2001,88,CAN,0.00000000,0.00000001
2001,90,DNK,0.00000003,0.00002100
2001,90,DEU,0.00000001,0.00000030
2001,90,FRA,0.00000001,0.00000006
2001,91,CYP,0.00000000,0.00000001
2001,93,DEU,0.00000000,0.00000010
2001,93,BFA,0.00000000,0.00000000
2001,94,FRA,0.00000002,0.00000360
2001,94,CZE,0.00000001,0.00000200
2001,95,MLI,0.00000000,0.00000228
2001,96,CYP,0.00000000,0.00000000
2002,12,DEU,0.00000000,0.00000400
2002,16,DEU,0.00000008,0.00001300
2002,16,CAN,0.00000000,0.00000065
2002,18,MYT,0.00000000,0.00000001
2002,30,USA,0.00000360,0.00111307
2002,30,ESP,0.00000040,0.00008396
2002,30,CAN,0.00000025,0.00008088
2002,30,PRT,0.00000022,0.00004517
2002,30,ECU,0.00000008,0.00007357
2002,30,Other,0.00000004,0.00000148
2002,32,AUS,0.00000001,0.00000033
2002,32,DOM,0.00000000,0.00000000
2002,39,CYP,0.00000000,0.00000127
2002,39,DOM,0.00000000,0.00000000
2002,44,ESP,0.00000004,0.00005427
2002,46,DOM,0.00000000,0.00000000
2002,47,ITA,0.00000019,0.00042000
2002,48,CYP,0.00000015,0.00006803
2002,49,DEU,0.00000000,0.00000027
2002,49,FRA,0.00000000,0.00000010
2002,49,CAN,0.00000000,0.00000001
2002,49,TZA,0.00000000,0.00000002
2002,51,CAN,0.00000010,0.00034338
2002,51,USA,0.00000000,0.00000315
2002,55,DOM,0.00000000,0.00000019
2002,60,DEU,0.00000000,0.00000010
2002,61,USA,0.00000009,0.00000359
2002,63,DOM,0.00000000,0.00000000
2002,67,DOM,0.00000000,0.00000000
2002,70,DOM,0.00000000,0.00000001
2002,71,ITA,0.00000000,0.00000000
2002,72,NCL,0.00000000,0.00000010
2002,73,DOM,0.00000000,0.00000002
2002,73,AUT,0.00000000,0.00000002
2002,74,CAN,0.00000001,0.00001300
2002,76,CYP,0.00000003,0.00000748
2002,76,DOM,0.00000000,0.00000000
2002,80,CHE,0.00000002,0.00001916
2002,80,ESP,0.00000000,0.00000285
2002,82,DOM,0.00000000,0.00000000
2002,83,CAN,0.00000000,0.00000003
2002,84,CAN,0.00000001,0.00000065
2002,84,AUT,0.00000001,0.00000060
2002,84,BGR,0.00000001,0.00000035
2002,84,DOM,0.00000000,0.00000001
2002,84,DEU,0.00000000,0.00000001
2002,85,FRA,0.00000002,0.00000092
2002,85,ETH,0.00000001,0.00000020
2002,85,DOM,0.00000000,0.00000002
2002,85,IRL,0.00000000,0.00000013
2002,85,AUS,0.00000000,0.00000000
2002,85,Other,0.00000000,0.00000002
2002,87,DOM,0.00000008,0.00000001
2002,87,GTM,0.00000002,0.00000150
2002,87,ECU,0.00000001,0.00001122
2002,87,CAN,0.00000000,0.00000001
2002,88,LUX,0.00000002,0.00000006
2002,88,CAN,0.00000000,0.00000001
2002,90,FRA,0.00000001,0.00000002
2002,90,CAN,0.00000000,0.00000001
2002,94,DOM,0.00000001,0.00000003
2002,95,DOM,0.00000000,0.00000002
2002,97,DEU,0.00000001,0.00000007
2002,97,DOM,0.00000000,0.00000001
2003,12,FRA,0.00000001,0.00000030
2003,17,GHA,0.00000000,0.00000012
2003,22,GHA,0.00000000,0.00000012
2003,30,USA,0.00000245,0.00072422
2003,30,CAN,0.00000045,0.00011685
2003,30,FRA,0.00000029,0.00006340
2003,30,BEL,0.00000027,0.00005466
2003,30,ESP,0.00000022,0.00003734
2003,30,Other,0.00000005,0.00000112
2003,32,GHA,0.00000000,0.00000012
2003,34,GHA,0.00000000,0.00000112
2003,36,TZA,0.00000000,0.00000100
2003,38,GHA,0.00000000,0.00000100
2003,39,CYP,0.00000000,0.00000004
2003,39,GHA,0.00000000,0.00000100
2003,40,DEU,0.00000003,0.00001310
2003,40,GHA,0.00000000,0.00000100
2003,44,GHA,0.00000000,0.00000012
2003,48,CYP,0.00000003,0.00001400
2003,48,GHA,0.00000000,0.00000112
2003,49,GHA,0.00000000,0.00000100
2003,49,CAN,0.00000000,0.00000000
2003,51,CAN,0.00000005,0.00009969
2003,61,HRV,0.00000001,0.00000075
2003,61,JPN,0.00000001,0.00000045
2003,61,BGR,0.00000000,0.00000000
2003,61,SVN,0.00000000,0.00000000
2003,62,FRA,0.00000006,0.00000130
2003,62,SVN,0.00000000,0.00000000
2003,63,GHA,0.00000000,0.00000026
2003,70,GHA,0.00000000,0.00000012
2003,71,USA,0.00000005,0.00000000
2003,71,CAN,0.00000000,0.00000000
2003,73,GHA,0.00000000,0.00000014
2003,76,IRL,0.00000003,0.00001000
2003,81,NLD,0.00000000,0.00000021
2003,82,ITA,0.00000001,0.00000000
2003,82,CAN,0.00000000,0.00000012
2003,82,GHA,0.00000000,0.00000024
2003,84,GHA,0.00000001,0.00000535
2003,84,FRA,0.00000000,0.00000010
2003,84,BGR,0.00000000,0.00000000
2003,84,USA,0.00000000,0.00000017
2003,84,LBN,0.00000000,0.00000003
2003,84,Other,0.00000000,0.00000004
2003,85,USA,0.00000014,0.00000240
2003,85,FRA,0.00000001,0.00000015
2003,85,AUT,0.00000001,0.00000010
2003,85,CAN,0.00000000,0.00000000
2003,85,DNK,0.00000000,0.00000001
2003,85,Other,0.00000000,0.00000050
2003,87,FRA,0.00000001,0.00000120
2003,87,CAN,0.00000000,0.00000002
2003,88,LUX,0.00000004,0.00000008
2003,89,THA,0.00000039,0.00000000
2003,89,CAN,0.00000000,0.00000027
2003,90,USA,0.00000004,0.00000054
2003,90,GHA,0.00000002,0.00000031
2003,90,FRA,0.00000002,0.00000003
2003,90,CAN,0.00000000,0.00000000
2003,94,IRL,0.00000002,0.00001289
2003,94,FRA,0.00000001,0.00000030
2003,94,GHA,0.00000000,0.00000012
2003,95,JPN,0.00000000,0.00000007
2003,96,DNK,0.00000000,0.00000000
2003,96,GHA,0.00000000,0.00000112
2004,10,PRT,0.00000000,0.00000001
2004,16,DEU,0.00000015,0.00008080
2004,16,FRA,0.00000005,0.00000520
2004,16,BEL,0.00000001,0.00000990
2004,16,IRL,0.00000000,0.00000207
2004,20,DEU,0.00000003,0.00005420
2004,20,MRT,0.00000001,0.00005676
2004,21,MAC,0.00000001,0.00000001
2004,24,MAC,0.00000000,0.00000001
2004,30,BEL,0.00000309,0.00056457
2004,30,USA,0.00000125,0.00027059
2004,30,ESP,0.00000093,0.00013991
2004,30,FRA,0.00000067,0.00012570
2004,30,CAN,0.00000013,0.00003232
2004,30,Other,0.00000012,0.00001151
2004,37,PER,0.00000000,0.00000000
2004,39,PRY,0.00000001,0.00000050
2004,40,IND,0.00000000,0.00000006
2004,40,PRY,0.00000000,0.00000001
2004,40,ZAF,0.00000000,0.00000000
2004,44,ESP,0.00000016,0.00030337
2004,44,NLD,0.00000010,0.00000000
2004,44,CYP,0.00000003,0.00002662
2004,44,IND,0.00000002,0.00000000
2004,48,SVK,0.00000000,0.00000004
2004,59,SVK,0.00000000,0.00000001
2004,60,FRA,0.00000001,0.00000210
2004,61,HRV,0.00000002,0.00000145
2004,61,SVN,0.00000001,0.00000066
2004,61,POL,0.00000000,0.00000000
2004,62,DEU,0.00000001,0.00000040
2004,69,CAN,0.00000000,0.00000003
2004,70,ZAF,0.00000000,0.00000003
2004,70,SVK,0.00000000,0.00000090
2004,71,USA,0.00000018,0.00000000
2004,73,IND,0.00000000,0.00000005
2004,73,ZAF,0.00000000,0.00000001
2004,76,LUX,0.00000001,0.00000820
2004,76,IRL,0.00000000,0.00000018
2004,81,NLD,0.00000000,0.00000018
2004,82,SVK,0.00000000,0.00000007
2004,82,ZAF,0.00000000,0.00000001
2004,83,ZAF,0.00000000,0.00000000
2004,84,MEX,0.00000025,0.00272029
2004,84,SEN,0.00000012,0.00000168
2004,84,CAN,0.00000003,0.00000074
2004,84,IND,0.00000001,0.00000022
2004,84,ITA,0.00000001,0.00000001
2004,84,Other,0.00000002,0.00000149
2004,85,FRA,0.00000004,0.00000123
2004,85,USA,0.00000002,0.00000002
2004,85,DEU,0.00000000,0.00000000
2004,85,CYP,0.00000000,0.00000004
2004,85,ETH,0.00000000,0.00000004
2004,85,Other,0.00000000,0.00000002
2004,87,FRA,0.00000002,0.00000340
2004,87,USA,0.00000001,0.00000104
2004,87,CAN,0.00000001,0.00000060
2004,87,SVK,0.00000000,0.00000008
2004,87,AGO,0.00000000,0.00000015
2004,87,Other,0.00000000,0.00000001
2004,88,LUX,0.00000002,0.00000006
2004,90,FRA,0.00000002,0.00000017
2004,90,USA,0.00000001,0.00000005
2004,90,IND,0.00000000,0.00000007
2004,90,ZAF,0.00000000,0.00000000
2004,94,BEL,0.00000001,0.00000903
2004,94,SVK,0.00000001,0.00000725
2004,94,IND,0.00000000,0.00000010
2005,16,BEL,0.00000003,0.00002025
2005,16,DEU,0.00000001,0.00000510
2005,20,DEU,0.00000007,0.00015110
2005,24,DEU,0.00000000,0.00000080
2005,27,CHE,0.00000038,0.00091326
2005,30,BEL,0.00000303,0.00053657
2005,30,ESP,0.00000145,0.00041682
2005,30,USA,0.00000103,0.00019659
2005,30,FRA,0.00000103,0.00017890
2005,30,DNK,0.00000014,0.00001837
2005,30,Other,0.00000020,0.00006459
2005,32,LUX,0.00000000,0.00000004
2005,37,POL,0.00000000,0.00000000
2005,38,IND,0.00000006,0.00002000
2005,38,CAN,0.00000000,0.00000053
2005,39,MEX,0.00000000,0.00000000
2005,39,SVK,0.00000000,0.00000006
2005,40,PRT,0.00000002,0.00002016
2005,40,GTM,0.00000000,0.00000000
2005,44,ESP,0.00000013,0.00015288
2005,44,CAN,0.00000000,0.00000002
2005,46,POL,0.00000000,0.00000152
2005,48,SVK,0.00000000,0.00000202
2005,49,ESP,0.00000000,0.00000002
2005,51,CAN,0.00000001,0.00004246
2005,54,BGR,0.00000005,0.00000093
2005,55,BGR,0.00000002,0.00000051
2005,56,SVK,0.00000000,0.00000030
2005,56,CAN,0.00000000,0.00000002
2005,57,ITA,0.00000000,0.00000013
2005,61,SVN,0.00000020,0.00000657
2005,61,CZE,0.00000000,0.00000005
2005,62,HRV,0.00000001,0.00000030
2005,62,SVN,0.00000000,0.00000002
2005,62,ESP,0.00000000,0.00000001
2005,63,NER,0.00000046,0.00044448
2005,65,AUS,0.00000000,0.00000000
2005,69,CAN,0.00000000,0.00000033
2005,69,IRL,0.00000000,0.00000009
2005,69,SVK,0.00000000,0.00000002
2005,71,USA,0.00000006,0.00000000
2005,72,IND,0.00000344,0.00153470
2005,72,SVK,0.00000003,0.00005566
2005,73,MEX,0.00000000,0.00000002
2005,73,CAN,0.00000000,0.00000003
2005,80,HRV,0.00000000,0.00000089
2005,80,SVK,0.00000000,0.00000059
2005,82,BEL,0.00000000,0.00000011
2005,84,SVN,0.00000001,0.00000060
2005,84,BEL,0.00000001,0.00000036
2005,84,FRA,0.00000000,0.00000025
2005,84,ESP,0.00000000,0.00000004
2005,84,CAN,0.00000000,0.00000003
2005,84,Other,0.00000000,0.00000000
2005,85,DEU,0.00000007,0.00000040
2005,85,FRA,0.00000002,0.00000044
2005,85,MEX,0.00000002,0.00000014
2005,85,CAN,0.00000001,0.00000004
2005,85,BEL,0.00000000,0.00000042
2005,85,Other,0.00000000,0.00000001
2005,87,FRA,0.00000004,0.00000480
2005,87,PRY,0.00000000,0.00000001
2005,87,AGO,0.00000000,0.00000065
2005,87,CAN,0.00000000,0.00000004
2005,87,TUR,0.00000000,0.00000000
2005,87,Other,0.00000000,0.00000000
2005,88,LUX,0.00000002,0.00000006
2005,90,BEL,0.00000004,0.00000055
2005,90,FRA,0.00000001,0.00000001
2005,96,ITA,0.00000001,0.00000043
2006,10,SDN,0.00000000,0.00000046
2006,15,SDN,0.00000002,0.00001575
2006,16,SWE,0.00000002,0.00000400
2006,16,BEL,0.00000001,0.00000360
2006,16,DEU,0.00000000,0.00000090
2006,20,ITA,0.00000012,0.00006156
2006,27,CAN,0.00000000,0.00000001
2006,29,IND,0.00000005,0.00001004
2006,29,SDN,0.00000005,0.00000178
2006,30,BEL,0.00000358,0.00058450
2006,30,ESP,0.00000183,0.00044186
2006,30,USA,0.00000113,0.00020197
2006,30,FRA,0.00000097,0.00019610
2006,30,ISL,0.00000025,0.00005512
2006,30,Other,0.00000013,0.00003180
2006,32,POL,0.00000000,0.00000001
2006,33,SDN,0.00000005,0.00000878
2006,33,IND,0.00000000,0.00000001
2006,33,TUR,0.00000000,0.00000017
2006,33,GHA,0.00000000,0.00000000
2006,38,IND,0.00000002,0.00000056
2006,39,MEX,0.00000000,0.00000005
2006,39,BOL,0.00000000,0.00000003
2006,40,PRT,0.00000012,0.00006048
2006,40,SDN,0.00000000,0.00000016
2006,40,CAN,0.00000000,0.00000000
2006,40,POL,0.00000000,0.00000000
2006,44,ESP,0.00000002,0.00002482
2006,44,SVK,0.00000001,0.00001600
2006,48,SVK,0.00000009,0.00003760
2006,48,IND,0.00000000,0.00000025
2006,48,GHA,0.00000000,0.00000000
2006,49,FRA,0.00000000,0.00000010
2006,51,CAN,0.00000003,0.00015187
2006,56,GHA,0.00000000,0.00000001
2006,61,SVN,0.00000014,0.00001359
2006,61,ATG,0.00000000,0.00000047
2006,62,SVN,0.00000000,0.00000011
2006,62,ATG,0.00000000,0.00000018
2006,63,NER,0.00000007,0.00006466
2006,63,GHA,0.00000000,0.00000003
2006,69,SDN,0.00000014,0.00042962
2006,69,IND,0.00000000,0.00000856
2006,70,SVK,0.00000000,0.00000050
2006,71,ITA,0.00000009,0.00000009
2006,71,USA,0.00000003,0.00000000
2006,72,IND,0.00000146,0.00048100
2006,72,SVK,0.00000004,0.00007151
2006,72,BEN,0.00000000,0.00000095
2006,73,IND,0.00000003,0.00001000
2006,73,POL,0.00000001,0.00000015
2006,73,CAN,0.00000000,0.00000001
2006,73,GHA,0.00000000,0.00000001
2006,74,CAN,0.00000003,0.00000911
2006,76,CAN,0.00000001,0.00000046
2006,76,SDN,0.00000000,0.00000019
2006,80,GRL,0.00000000,0.00000000
2006,82,CAN,0.00000000,0.00000020
2006,82,SDN,0.00000000,0.00000011
2006,83,BRA,0.00000000,0.00000009
2006,84,SDN,0.00000016,0.00000702
2006,84,SEN,0.00000003,0.00001072
2006,84,LUX,0.00000003,0.00000210
2006,84,IND,0.00000001,0.00000065
2006,84,SVK,0.00000001,0.00000000
2006,84,Other,0.00000001,0.00000025
2006,85,SDN,0.00000011,0.00000041
2006,85,MEX,0.00000007,0.00000032
2006,85,FRA,0.00000003,0.00000031
2006,85,IND,0.00000001,0.00000043
2006,85,JPN,0.00000000,0.00000001
2006,85,Other,0.00000000,0.00000018
2006,87,SDN,0.00000012,0.00000529
2006,87,CAN,0.00000000,0.00000020
2006,87,SVK,0.00000000,0.00000001
2006,88,LUX,0.00001903,0.00001063
2006,90,MEX,0.00000023,0.00000373
2006,90,FRA,0.00000008,0.00000022
2006,90,GBR,0.00000005,0.00000044
2006,90,SDN,0.00000001,0.00000069
2006,90,LUX,0.00000000,0.00000001
2006,90,Other,0.00000000,0.00000006
2006,94,GHA,0.00000000,0.00000010
2007,13,LBN,0.00000000,0.00000075
2007,16,CAN,0.00000011,0.00000521
2007,16,BEL,0.00000010,0.00005940
2007,19,NIC,0.00000000,0.00000001
2007,20,CZE,0.00000000,0.00000174
2007,21,SDN,0.00000000,0.00000036
2007,21,SVK,0.00000000,0.00000150
2007,22,GBR,0.00000007,0.00001225
2007,29,BEL,0.00000003,0.00002200
2007,30,FRA,0.00000470,0.00078270
2007,30,BEL,0.00000369,0.00053457
2007,30,ESP,0.00000257,0.00056197
2007,30,NGA,0.00000197,0.00111338
2007,30,USA,0.00000135,0.00019129
2007,30,Other,0.00000149,0.00040503
2007,33,IND,0.00000000,0.00000001
2007,38,IND,0.00000002,0.00000101
2007,38,SDN,0.00000000,0.00000074
2007,39,BEL,0.00000000,0.00000093
2007,40,PRT,0.00000015,0.00008064
2007,40,NGA,0.00000009,0.00005900
2007,44,IRL,0.00000005,0.00001630
2007,48,SVK,0.00000002,0.00000570
2007,49,CZE,0.00000001,0.00000268
2007,51,CAN,0.00000002,0.00006731
2007,61,SVN,0.00000030,0.00002174
2007,61,PRY,0.00000001,0.00000004
2007,61,SVK,0.00000000,0.00003072
2007,61,CAN,0.00000000,0.00000001
2007,61,KOR,0.00000000,0.00000001
2007,61,Other,0.00000000,0.00000000
2007,62,USA,0.00000023,0.00000564
2007,62,SVK,0.00000000,0.00004871
2007,62,NOR,0.00000000,0.00000004
2007,62,SVN,0.00000000,0.00000001
2007,71,CZE,0.00000000,0.00000007
2007,72,CAN,0.00000001,0.00007700
2007,73,MEX,0.00000000,0.00000002
2007,73,CAN,0.00000000,0.00000003
2007,73,GUY,0.00000000,0.00000000
2007,79,NGA,0.00000033,0.00008249
2007,80,SVK,0.00000000,0.00000036
2007,82,SDN,0.00000002,0.00000095
2007,82,MEX,0.00000000,0.00000000
2007,82,CAN,0.00000000,0.00000001
2007,83,SVK,0.00000000,0.00000002
2007,84,SDN,0.00000007,0.00000688
2007,84,LUX,0.00000007,0.00000011
2007,84,ESP,0.00000005,0.00001765
2007,84,ITA,0.00000003,0.00000015
2007,84,MEX,0.00000002,0.00000060
2007,84,Other,0.00000001,0.00000014
2007,85,SDN,0.00000088,0.00004768
2007,85,FRA,0.00000006,0.00000017
2007,85,GUY,0.00000003,0.00000221
2007,85,CAN,0.00000001,0.00000012
2007,85,LUX,0.00000000,0.00000002
2007,85,Other,0.00000001,0.00000013
2007,87,FRA,0.00000003,0.00000219
2007,87,SDN,0.00000001,0.00000122
2007,87,AGO,0.00000000,0.00000011
2007,88,LUX,0.00000001,0.00000001
2007,88,FRA,0.00000001,0.00000002
2007,90,FRA,0.00000000,0.00000001
2007,90,IND,0.00000000,0.00000001
2007,90,CAN,0.00000000,0.00000000
2008,15,SDN,0.00000000,0.00000004
2008,16,BEL,0.00000013,0.00006264
2008,20,IRL,0.00000000,0.00000106
2008,22,SVK,0.00000000,0.00000260
2008,24,CHE,0.00000002,0.00000405
2008,30,BEL,0.00000490,0.00062833
2008,30,FRA,0.00000262,0.00048690
2008,30,ESP,0.00000253,0.00052568
2008,30,PRT,0.00000118,0.00016016
2008,30,USA,0.00000104,0.00016564
2008,30,Other,0.00000042,0.00015613
2008,35,SVK,0.00000001,0.00000202
2008,35,LUX,0.00000001,0.00000114
2008,38,SDN,0.00000000,0.00000065
2008,39,SDN,0.00000015,0.00006163
2008,39,SVK,0.00000004,0.00001722
2008,39,FRA,0.00000001,0.00000020
2008,39,ESP,0.00000000,0.00000001
2008,40,SVK,0.00000012,0.00002329
2008,40,POL,0.00000000,0.00000000
2008,40,CRI,0.00000000,0.00000001
2008,42,SVK,0.00000000,0.00000009
2008,44,DEU,0.00000005,0.00002895
2008,44,CZE,0.00000003,0.00004515
2008,44,FRA,0.00000000,0.00000130
2008,48,NIC,0.00000000,0.00000050
2008,49,CIV,0.00000000,0.00000001
2008,49,IND,0.00000000,0.00000001
2008,51,CAN,0.00000002,0.00002848
2008,55,LUX,0.00000000,0.00000001
2008,61,SVN,0.00000029,0.00002176
2008,62,SVN,0.00000000,0.00000000
2008,63,LUX,0.00000000,0.00000001
2008,70,BRA,0.00000004,0.00003986
2008,70,POL,0.00000001,0.00001297
2008,70,FRA,0.00000000,0.00000146
2008,72,SVK,0.00000000,0.00000220
2008,73,LUX,0.00000000,0.00000001
2008,73,SVK,0.00000000,0.00000038
2008,73,CAN,0.00000000,0.00000007
2008,73,MEX,0.00000000,0.00000000
2008,74,CZE,0.00000000,0.00000001
2008,76,SVK,0.00000006,0.00001127
2008,76,CAN,0.00000000,0.00000028
2008,76,LUX,0.00000000,0.00000000
2008,80,SDN,0.00000000,0.00000181
2008,82,TUR,0.00000000,0.00000272
2008,82,CAN,0.00000000,0.00000016
2008,83,SVK,0.00000001,0.00000081
2008,83,CRI,0.00000000,0.00000036
2008,83,TUR,0.00000000,0.00000004
2008,84,SDN,0.00000001,0.00000145
2008,84,AUS,0.00000000,0.00000009
2008,84,PYF,0.00000000,0.00000001
2008,84,PRY,0.00000000,0.00000000
2008,84,LUX,0.00000000,0.00000001
2008,84,Other,0.00000000,0.00000006
2008,85,FRA,0.00000006,0.00000197
2008,85,PRY,0.00000002,0.00000000
2008,85,SDN,0.00000001,0.00000122
2008,85,MEX,0.00000001,0.00000008
2008,85,LUX,0.00000000,0.00000001
2008,85,Other,0.00000000,0.00000022
2008,87,SVK,0.00000004,0.00000162
2008,87,NZL,0.00000000,0.00000001
2008,87,HRV,0.00000000,0.00000012
2008,87,CAN,0.00000000,0.00000004
2008,87,AGO,0.00000000,0.00000010
2008,88,LUX,0.00000002,0.00000001
2008,88,FRA,0.00000000,0.00000000
2008,88,ESP,0.00000000,0.00000000
2008,90,FRA,0.00000018,0.00000030
2008,90,SDN,0.00000000,0.00000020
2008,90,CAN,0.00000000,0.00000000
2008,90,IND,0.00000000,0.00000005
2008,93,CAN,0.00000000,0.00000000
2008,94,FRA,0.00000106,0.00060350
2008,94,DEU,0.00000006,0.00003417
2008,94,ESP,0.00000002,0.00000855
2008,94,LUX,0.00000001,0.00000029
2008,94,CZE,0.00000000,0.00000210
2008,94,Other,0.00000000,0.00000002
2008,96,FRA,0.00000000,0.00000010
2008,97,CAN,0.00000000,0.00000000
2009,15,SVK,0.00000000,0.00000030
2009,16,BEL,0.00000011,0.00005358
2009,16,SYC,0.00000000,0.00000002
2009,19,MRT,0.00000001,0.00002941
2009,21,VCT,0.00000000,0.00000239
2009,22,SYC,0.00000000,0.00000000
2009,24,CAN,0.00000000,0.00000000
2009,29,SDN,0.00000014,0.00000232
2009,30,FRA,0.00000312,0.00049740
2009,30,BEL,0.00000306,0.00046175
2009,30,ESP,0.00000103,0.00027303
2009,30,USA,0.00000080,0.00014599
2009,30,CAN,0.00000025,0.00006502
2009,30,Other,0.00000016,0.00002275
2009,33,SVK,0.00000000,0.00000432
2009,38,SDN,0.00000001,0.00000085
2009,39,VCT,0.00000000,0.00000120
2009,40,GRC,0.00000003,0.00002016
2009,40,PRY,0.00000000,0.00000009
2009,40,SYC,0.00000000,0.00000001
2009,42,CAN,0.00000000,0.00000000
2009,44,ESP,0.00000002,0.00001285
2009,49,ESP,0.00000004,0.00000173
2009,49,JPN,0.00000001,0.00000563
2009,49,FIN,0.00000000,0.00000002
2009,49,DNK,0.00000000,0.00000000
2009,49,NZL,0.00000000,0.00000000
2009,49,Other,0.00000000,0.00000000
2009,61,SVN,0.00000019,0.00001813
2009,61,TON,0.00000000,0.00000001
2009,62,VCT,0.00000000,0.00000137
2009,63,TON,0.00000000,0.00000002
2009,66,VCT,0.00000000,0.00000060
2009,68,SDN,0.00000003,0.00009576
2009,68,VCT,0.00000000,0.00000010
2009,69,SDN,0.00000002,0.00004777
2009,70,LUX,0.00000000,0.00000051
2009,71,SYC,0.00000000,0.00000000
2009,72,SVK,0.00000006,0.00010626
2009,73,POL,0.00000000,0.00000004
2009,73,CAN,0.00000000,0.00000000
2009,73,SVK,0.00000000,0.00000000
2009,76,LUX,0.00000000,0.00000000
2009,80,SYC,0.00000000,0.00000000
2009,82,FRA,0.00000011,0.00000060
2009,82,CAN,0.00000000,0.00000000
2009,84,SDN,0.00000016,0.00000347
2009,84,CAN,0.00000001,0.00000020
2009,84,PRY,0.00000000,0.00000022
2009,84,VCT,0.00000000,0.00000082
2009,84,FRA,0.00000000,0.00000022
2009,84,Other,0.00000000,0.00000101
2009,85,MEX,0.00000004,0.00000024
2009,85,SDN,0.00000002,0.00000049
2009,85,FRA,0.00000001,0.00000012
2009,85,CAN,0.00000001,0.00000001
2009,85,MYS,0.00000001,0.00000003
2009,85,Other,0.00000000,0.00000199
2009,87,SDN,0.00000037,0.00003210
2009,87,VCT,0.00000000,0.00000005
2009,88,LUX,0.00000001,0.00000002
2009,90,IND,0.00000002,0.00000014
2009,90,CHN,0.00000000,0.00000001
2009,90,LUX,0.00000000,0.00000000
2009,90,DNK,0.00000000,0.00000004
2009,94,SVK,0.00000001,0.00000455
2009,96,FRA,0.00000000,0.00000010
2009,96,VCT,0.00000000,0.00000060
2010,12,SDN,0.00000076,0.00052200
2010,15,SDN,0.00000004,0.00002400
2010,16,SDN,0.00000009,0.00002560
2010,19,SDN,0.00000025,0.00011110
2010,19,SYC,0.00000000,0.00000001
2010,20,SDN,0.00000001,0.00001705
2010,20,POL,0.00000000,0.00000107
2010,21,SDN,0.00000018,0.00008076
2010,21,SVK,0.00000000,0.00000025
2010,22,SDN,0.00000001,0.00000056
2010,30,USA,0.00000185,0.00033575
2010,30,CAN,0.00000143,0.00037182
2010,30,FRA,0.00000086,0.00014640
2010,30,PRT,0.00000083,0.00021530
2010,30,CHN,0.00000007,0.00000816
2010,30,Other,0.00000003,0.00001280
2010,39,SVK,0.00000001,0.00000271
2010,39,FRA,0.00000000,0.00000010
2010,40,SYC,0.00000000,0.00000000
2010,42,SVK,0.00000000,0.00000008
2010,50,FRA,0.00000003,0.00000920
2010,51,CAN,0.00000003,0.00004806
2010,51,FRA,0.00000000,0.00000141
2010,61,SVN,0.00000012,0.00000950
2010,61,JPN,0.00000000,0.00000004
2010,61,FRA,0.00000000,0.00000010
2010,61,KAZ,0.00000000,0.00000000
2010,61,IRL,0.00000000,0.00000000
2010,61,Other,0.00000000,0.00000000
2010,62,FRA,0.00000000,0.00000005
2010,69,CAN,0.00000000,0.00000000
2010,73,FRA,0.00000001,0.00000147
2010,73,POL,0.00000000,0.00000002
2010,73,SVK,0.00000000,0.00000000
2010,76,SVK,0.00000014,0.00002200
2010,82,SVK,0.00000000,0.00000011
2010,82,SDN,0.00000000,0.00000006
2010,82,CAN,0.00000000,0.00000002
2010,84,FRA,0.00000001,0.00000090
2010,84,BHR,0.00000001,0.00000036
2010,84,JPN,0.00000001,0.00000001
2010,84,CAN,0.00000000,0.00000009
2010,84,IND,0.00000000,0.00000001
2010,84,Other,0.00000000,0.00000000
2010,85,FRA,0.00000001,0.00000025
2010,85,CAN,0.00000000,0.00000503
2010,85,GBR,0.00000000,0.00000000
2010,85,TUR,0.00000000,0.00000001
2010,85,MEX,0.00000000,0.00000002
2010,85,Other,0.00000000,0.00000000
2010,87,FRA,0.00000001,0.00000132
2010,88,LUX,0.00000000,0.00000001
2010,90,FRA,0.00000007,0.00000050
2010,90,IND,0.00000001,0.00000001
2010,90,LUX,0.00000001,0.00000001
2010,90,SYC,0.00000000,0.00000001
2010,90,SDN,0.00000000,0.00000000
2010,91,SYC,0.00000000,0.00000000
2010,94,IRL,0.00000000,0.00000015
2010,96,FRA,0.00000001,0.00000050
2010,97,CAN,0.00000000,0.00000000
2011,16,JPN,0.00000002,0.00000522
2011,16,FRA,0.00000000,0.00000001
2011,20,FRA,0.00000001,0.00000284
2011,22,GBR,0.00000000,0.00000169
2011,22,FRA,0.00000000,0.00000000
2011,25,AUT,0.00000000,0.00000090
2011,28,FRA,0.00000000,0.00000004
2011,30,CAN,0.00000195,0.00050995
2011,30,PRT,0.00000096,0.00024940
2011,30,FRA,0.00000074,0.00013536
2011,30,USA,0.00000021,0.00004570
2011,30,SDN,0.00000014,0.00000157
2011,30,Other,0.00000011,0.00004186
2011,32,GAB,0.00000000,0.00000001
2011,39,ITA,0.00000001,0.00000013
2011,39,TUR,0.00000000,0.00000001
2011,39,FRA,0.00000000,0.00000003
2011,39,RUS,0.00000000,0.00000000
2011,40,SVK,0.00000000,0.00000009
2011,40,PRY,0.00000000,0.00000002
2011,40,SYC,0.00000000,0.00000001
2011,41,ITA,0.00000004,0.00000015
2011,42,FRA,0.00000005,0.00000086
2011,43,FRA,0.00000000,0.00000001
2011,46,FRA,0.00000000,0.00000009
2011,48,FRA,0.00000000,0.00000000
2011,49,CAN,0.00000000,0.00000036
2011,49,ECU,0.00000000,0.00000000
2011,51,CAN,0.00000000,0.00000392
2011,51,FRA,0.00000000,0.00000003
2011,57,SVK,0.00000003,0.00026400
2011,61,FRA,0.00000099,0.00003451
2011,61,CAN,0.00000000,0.00000000
2011,62,FRA,0.00000111,0.00003143
2011,63,SVK,0.00000001,0.00000015
2011,63,DOM,0.00000000,0.00000119
2011,63,FRA,0.00000000,0.00000001
2011,64,FRA,0.00000012,0.00000723
2011,64,ITA,0.00000001,0.00000010
2011,65,FRA,0.00000001,0.00000011
2011,67,FRA,0.00000000,0.00000000
2011,69,CAN,0.00000000,0.00000000
2011,71,FRA,0.00000000,0.00000004
2011,72,SVK,0.00000000,0.00000006
2011,73,POL,0.00000001,0.00000115
2011,73,CZE,0.00000000,0.00000050
2011,73,CAN,0.00000000,0.00000019
2011,73,PER,0.00000000,0.00000000
2011,73,FRA,0.00000000,0.00000000
2011,76,FRA,0.00000000,0.00000050
2011,80,SDN,0.00000002,0.00002572
2011,80,FRA,0.00000000,0.00000002
2011,80,PYF,0.00000000,0.00000000
2011,81,ESP,0.00000000,0.00000040
2011,82,MEX,0.00000000,0.00000000
2011,83,CZE,0.00000001,0.00000001
2011,83,SVK,0.00000000,0.00000001
2011,84,NLD,0.00000009,0.00000104
2011,84,FRA,0.00000001,0.00000351
2011,84,IND,0.00000000,0.00000004
2011,84,ZAF,0.00000000,0.00000002
2011,84,SDN,0.00000000,0.00000000
2011,84,Other,0.00000000,0.00000005
2011,85,CZE,0.00000006,0.00000543
2011,85,SAU,0.00000005,0.00000000
2011,85,FRA,0.00000003,0.00000018
2011,85,SDN,0.00000000,0.00000016
2011,85,CAN,0.00000000,0.00000000
2011,85,Other,0.00000000,0.00000006
2011,87,FRA,0.00000002,0.00000106
2011,88,SDN,0.00000750,0.00000500
2011,90,FRA,0.00000011,0.00001942
2011,90,NZL,0.00000000,0.00000000
2011,90,POL,0.00000000,0.00000000
2011,91,FRA,0.00000000,0.00000000
2011,95,FRA,0.00000000,0.00000000
2011,96,FRA,0.00000000,0.00000041
2012,19,IRL,0.00000001,0.00000220
2012,20,SVK,0.00000001,0.00002491
2012,21,SVK,0.00000007,0.00008714
2012,21,PRY,0.00000005,0.00000425
2012,22,SVK,0.00000001,0.00001058
2012,22,FRA,0.00000000,0.00000001
2012,25,SVK,0.00000002,0.00000398
2012,28,EGY,0.00000002,0.00002984
2012,28,SVK,0.00000001,0.00000700
2012,28,FRA,0.00000000,0.00000620
2012,29,EGY,0.00000000,0.00000029
2012,30,CAN,0.00000283,0.00109778
2012,30,FRA,0.00000050,0.00008391
2012,30,PRT,0.00000040,0.00009360
2012,30,CHE,0.00000009,0.00000864
2012,30,SEN,0.00000003,0.00000119
2012,30,Other,0.00000001,0.00000086
2012,32,GAB,0.00000000,0.00000002
2012,33,SDN,0.00000003,0.00000525
2012,34,ARE,0.00000000,0.00000020
2012,35,SDN,0.00000000,0.00000019
2012,35,EGY,0.00000000,0.00000006
2012,39,SVK,0.00000001,0.00000070
2012,39,ITA,0.00000000,0.00000001
2012,39,FRA,0.00000000,0.00000002
2012,39,PYF,0.00000000,0.00000000
2012,42,AUS,0.00000015,0.00000285
2012,42,FRA,0.00000006,0.00000109
2012,42,SVK,0.00000000,0.00000000
2012,42,FIN,0.00000000,0.00000001
2012,43,FRA,0.00000000,0.00000000
2012,46,FRA,0.00000000,0.00000000
2012,48,DNK,0.00000000,0.00000000
2012,49,FRA,0.00000000,0.00000000
2012,49,CAN,0.00000000,0.00000000
2012,54,EGY,0.00000000,0.00000028
2012,61,FRA,0.00000085,0.00003042
2012,61,SVK,0.00000000,0.00000000
2012,61,CAN,0.00000000,0.00000000
2012,61,FIN,0.00000000,0.00000000
2012,62,FRA,0.00000099,0.00002839
2012,62,CHE,0.00000000,0.00000001
2012,62,ESP,0.00000000,0.00000001
2012,62,SVN,0.00000000,0.00000000
2012,63,FRA,0.00000000,0.00000001
2012,64,FRA,0.00000010,0.00000525
2012,65,FRA,0.00000000,0.00000005
2012,65,USA,0.00000000,0.00000000
2012,67,FRA,0.00000000,0.00000000
2012,68,FRA,0.00000000,0.00000029
2012,69,SDN,0.00000002,0.00003935
2012,70,IRL,0.00000000,0.00000001
2012,71,FRA,0.00000000,0.00000002
2012,72,PAK,0.00000012,0.00027600
2012,72,SVK,0.00000003,0.00003417
2012,72,SDN,0.00000000,0.00000170
2012,73,CZE,0.00000000,0.00000007
2012,74,SVK,0.00000020,0.00002384
2012,80,CZE,0.00000004,0.00001212
2012,82,MEX,0.00000000,0.00000001
2012,82,CAN,0.00000000,0.00000001
2012,84,SDN,0.00000002,0.00001557
2012,84,FRA,0.00000000,0.00000002
2012,84,GAB,0.00000000,0.00000003
2012,84,PRY,0.00000000,0.00000000
2012,84,CAN,0.00000000,0.00000000
2012,84,Other,0.00000000,0.00000000
2012,85,FRA,0.00000002,0.00000276
2012,85,CAN,0.00000001,0.00000002
2012,85,BRA,0.00000000,0.00000002
2012,85,TUR,0.00000000,0.00000000
2012,85,BEL,0.00000000,0.00000000
2012,85,Other,0.00000000,0.00000001
2012,87,TUN,0.00000003,0.00000100
2012,87,FRA,0.00000000,0.00000231
2012,89,PRT,0.00000005,0.00000600
2012,90,FRA,0.00000001,0.00000003
2012,90,CAN,0.00000000,0.00000000
2012,90,NLD,0.00000000,0.00000001
2012,91,FRA,0.00000000,0.00000001
2012,94,MNE,0.00000000,0.00000004
2012,94,FRA,0.00000000,0.00000000
2012,96,FRA,0.00000000,0.00000000
2012,97,CAN,0.00000000,0.00000000
2013,22,IRL,0.00000001,0.00001082
2013,22,FRA,0.00000000,0.00000014
2013,22,GUY,0.00000000,0.00000140
2013,28,EGY,0.00000007,0.00003318
2013,28,SLB,0.00000000,0.00000003
2013,29,FRA,0.00000001,0.00000036
2013,30,CAN,0.00000252,0.00087587
2013,30,FRA,0.00000028,0.00006428
2013,30,SDN,0.00000012,0.00000473
2013,30,PRT,0.00000009,0.00002340
2013,30,USA,0.00000005,0.00000620
2013,32,SDN,0.00000001,0.00000026
2013,35,SDN,0.00000001,0.00000052
2013,38,SDN,0.00000003,0.00000340
2013,39,FRA,0.00000001,0.00000000
2013,39,LUX,0.00000000,0.00000087
2013,39,SLB,0.00000000,0.00000008
2013,39,SDN,0.00000000,0.00000000
2013,39,SVK,0.00000000,0.00000015
2013,40,SDN,0.00000007,0.00001573
2013,40,GAB,0.00000000,0.00000015
2013,40,SLB,0.00000000,0.00000001
2013,40,SVK,0.00000000,0.00000001
2013,42,CZE,0.00000004,0.00000027
2013,42,FRA,0.00000001,0.00000011
2013,42,MNE,0.00000000,0.00000001
2013,42,FIN,0.00000000,0.00000000
2013,44,ESP,0.00000004,0.00002829
2013,44,SVK,0.00000002,0.00002400
2013,46,ITA,0.00000000,0.00000001
2013,48,SDN,0.00000000,0.00000000
2013,49,FRA,0.00000000,0.00000001
2013,49,CAN,0.00000000,0.00000000
2013,57,IND,0.00000000,0.00000000
2013,61,FRA,0.00000016,0.00000497
2013,61,SVN,0.00000002,0.00000143
2013,62,FRA,0.00000019,0.00000522
2013,62,SLB,0.00000000,0.00000007
2013,62,ZAF,0.00000000,0.00000000
2013,63,FRA,0.00000000,0.00000002
2013,64,FRA,0.00000001,0.00000063
2013,64,SLB,0.00000000,0.00000043
2013,64,TUR,0.00000000,0.00000003
2013,65,FRA,0.00000000,0.00000001
2013,65,SLB,0.00000000,0.00000001
2013,68,GAB,0.00000000,0.00000002
2013,70,GAB,0.00000000,0.00000009
2013,71,GRC,0.00000001,0.00000015
2013,71,FRA,0.00000000,0.00000000
2013,71,ZAF,0.00000000,0.00000000
2013,72,ESP,0.00000102,0.00300574
2013,73,SVK,0.00000001,0.00000229
2013,73,SLB,0.00000000,0.00000029
2013,73,IND,0.00000000,0.00000002
2013,73,ZAF,0.00000000,0.00000000
2013,76,IND,0.00000000,0.00000000
2013,80,FRA,0.00000000,0.00000067
2013,82,SLB,0.00000000,0.00000035
2013,82,FRA,0.00000000,0.00000004
2013,82,SVK,0.00000000,0.00000062
2013,82,MEX,0.00000000,0.00000000
2013,82,IND,0.00000000,0.00000000
2013,83,MEX,0.00000000,0.00000001
2013,84,PAK,0.00000025,0.00001544
2013,84,SDN,0.00000011,0.00001011
2013,84,CAN,0.00000001,0.00000016
2013,84,NGA,0.00000000,0.00000302
2013,84,GAB,0.00000000,0.00000024
2013,84,Other,0.00000000,0.00000000
2013,85,SDN,0.00000032,0.00000788
2013,85,FRA,0.00000003,0.00000095
2013,85,BRA,0.00000001,0.00000034
2013,85,GBR,0.00000001,0.00000000
2013,85,MEX,0.00000001,0.00000004
2013,85,Other,0.00000001,0.00000005
2013,87,SVK,0.00000014,0.00005837
2013,87,EGY,0.00000001,0.00000500
2013,87,FRA,0.00000001,0.00000135
2013,88,FRA,0.00000000,0.00000001
2013,90,FRA,0.00000003,0.00000008
2013,90,SLB,0.00000000,0.00000003
2013,90,CAN,0.00000000,0.00000000
2013,90,MEX,0.00000000,0.00000000
2013,90,IND,0.00000000,0.00000000
2013,94,FRA,0.00000001,0.00000381
2013,94,SVK,0.00000000,0.00000098
2013,94,RUS,0.00000000,0.00000202
2013,94,ARE,0.00000000,0.00000005
2013,94,POL,0.00000000,0.00000030
2013,94,Other,0.00000000,0.00000001
2013,95,POL,0.00000000,0.00000011
2013,95,IND,0.00000000,0.00000000
2013,96,SDN,0.00000002,0.00000000
2013,96,SLB,0.00000000,0.00000002
2013,96,ZAF,0.00000000,0.00000000
2014,15,SDN,0.00000000,0.00000052
2014,19,SVK,0.00000000,0.00000384
2014,19,SDN,0.00000000,0.00000059
2014,20,IRL,0.00000000,0.00000432
2014,20,SVK,0.00000000,0.00000060
2014,20,FRA,0.00000000,0.00000000
2014,21,CZE,0.00000002,0.00002600
2014,21,SVK,0.00000000,0.00000048
2014,22,FRA,0.00000000,0.00000012
2014,23,FRA,0.00000000,0.00000000
2014,25,FRA,0.00000000,0.00000000
2014,30,CAN,0.00000169,0.00045825
2014,30,FRA,0.00000013,0.00003566
2014,30,SDN,0.00000011,0.00000465
2014,38,SDN,0.00000002,0.00000219
2014,39,SVK,0.00000003,0.00001282
2014,39,LUX,0.00000001,0.00000354
2014,39,NGA,0.00000001,0.00000112
2014,40,IRL,0.00000002,0.00000920
2014,40,SVK,0.00000000,0.00000030
2014,42,DNK,0.00000000,0.00000001
2014,44,SVK,0.00000004,0.00008441
2014,44,DOM,0.00000004,0.00002242
2014,48,FRA,0.00000000,0.00000000
2014,49,ESP,0.00000000,0.00000000
2014,49,SDN,0.00000000,0.00000004
2014,49,CAN,0.00000000,0.00000000
2014,59,SVK,0.00000000,0.00000007
2014,62,IRL,0.00000000,0.00000009
2014,63,DOM,0.00000000,0.00000015
2014,69,SVK,0.00000000,0.00000101
2014,70,SVK,0.00000000,0.00000147
2014,70,CAN,0.00000000,0.00000005
2014,71,FRA,0.00000000,0.00000001
2014,72,SVK,0.00000000,0.00000000
2014,73,SDN,0.00000001,0.00000035
2014,73,CAN,0.00000000,0.00000025
2014,73,DOM,0.00000000,0.00000015
2014,73,FRA,0.00000000,0.00000001
2014,73,BRA,0.00000000,0.00000003
2014,73,Other,0.00000000,0.00000001
2014,80,FRA,0.00000000,0.00000287
2014,80,PLW,0.00000000,0.00000022
2014,80,IRL,0.00000000,0.00000060
2014,82,PRY,0.00000000,0.00000000
2014,83,SVK,0.00000010,0.00002014
2014,84,NGA,0.00000003,0.00000118
2014,84,FRA,0.00000003,0.00000003
2014,84,SDN,0.00000002,0.00000134
2014,84,POL,0.00000000,0.00000001
2014,84,CAN,0.00000000,0.00000004
2014,84,Other,0.00000000,0.00000042
2014,85,CAN,0.00000008,0.00000000
2014,85,FRA,0.00000001,0.00000049
2014,85,NGA,0.00000000,0.00000006
2014,85,S19,0.00000000,0.00000000
2014,85,ESP,0.00000000,0.00000000
2014,85,Other,0.00000000,0.00000119
2014,87,SVK,0.00000057,0.00008476
2014,87,CAN,0.00000000,0.00000005
2014,88,CAN,0.00000000,0.00000000
2014,90,TUR,0.00000016,0.00005760
2014,90,FRA,0.00000008,0.00000004
2014,90,NGA,0.00000001,0.00000017
2014,90,EGY,0.00000000,0.00000002
2014,90,CAN,0.00000000,0.00000000
2014,90,Other,0.00000000,0.00000002
2014,94,SVK,0.00000004,0.00001750
2014,94,POL,0.00000000,0.00000007
2014,94,DOM,0.00000000,0.00000045
2014,94,FRA,0.00000000,0.00000010
2014,95,PLW,0.00000000,0.00000000
2014,96,SVK,0.00000000,0.00000001
2014,97,CAN,0.00000001,0.00000010
2014,97,USA,0.00000000,0.00000000
2015,15,CAN,0.00000000,0.00000001
2015,15,SDN,0.00000000,0.00000011
2015,16,FRA,0.00000000,0.00000000
2015,17,SVK,0.00000000,0.00000030
2015,20,FRA,0.00000003,0.00000647
2015,22,FRA,0.00000000,0.00000007
2015,23,FRA,0.00000000,0.00000000
2015,26,FRA,0.00000000,0.00000014
2015,27,TUR,0.00000000,0.00002656
2015,28,FRA,0.00000001,0.00000300
2015,30,CAN,0.00000170,0.00134146
2015,30,FRA,0.00000019,0.00006809
2015,30,USA,0.00000017,0.00001982
2015,30,PRT,0.00000009,0.00002103
2015,30,IND,0.00000001,0.00000001
2015,30,Other,0.00000000,0.00000030
2015,32,MNE,0.00000001,0.00002007
2015,35,SDN,0.00000000,0.00000048
2015,39,SVK,0.00000004,0.00002375
2015,39,NGA,0.00000000,0.00000188
2015,39,FRA,0.00000000,0.00000007
2015,39,CZE,0.00000000,0.00000008
2015,39,MNE,0.00000000,0.00000001
2015,42,SVK,0.00000000,0.00000005
2015,44,DOM,0.00000004,0.00004123
2015,44,SVK,0.00000001,0.00000849
2015,48,SDN,0.00000013,0.00004778
2015,48,SVK,0.00000000,0.00000117
2015,49,NGA,0.00000001,0.00000212
2015,49,CAN,0.00000000,0.00000000
2015,60,MOZ,0.00000000,0.00000011
2015,61,SVN,0.00000001,0.00000091
2015,61,SVK,0.00000000,0.00000003
2015,61,CAN,0.00000000,0.00000001
2015,62,FRA,0.00000000,0.00000006
2015,62,SVK,0.00000000,0.00000000
2015,63,SVK,0.00000000,0.00000007
2015,65,ESP,0.00000000,0.00000000
2015,69,IND,0.00000001,0.00000800
2015,69,NGA,0.00000001,0.00000274
2015,70,FRA,0.00000000,0.00000084
2015,70,MNE,0.00000000,0.00000000
2015,73,FRA,0.00000008,0.00001471
2015,73,ZAF,0.00000000,0.00000000
2015,73,ARE,0.00000000,0.00000030
2015,73,PRY,0.00000000,0.00000000
2015,73,NIC,0.00000000,0.00000000
2015,73,Other,0.00000000,0.00000000
2015,74,SVK,0.00000000,0.00000000
2015,76,FRA,0.00000000,0.00000004
2015,80,FRA,0.00000000,0.00000282
2015,81,FRA,0.00000003,0.00002049
2015,82,FRA,0.00000001,0.00000153
2015,84,SVK,0.00000014,0.00002470
2015,84,BEL,0.00000009,0.00000009
2015,84,FRA,0.00000004,0.00000830
2015,84,ITA,0.00000001,0.00000006
2015,84,NGA,0.00000001,0.00000026
2015,84,Other,0.00000000,0.00000000
2015,85,SDN,0.00000004,0.00000267
2015,85,FRA,0.00000002,0.00000094
2015,85,S19,0.00000000,0.00000002
2015,85,AZE,0.00000000,0.00000012
2015,85,GBR,0.00000000,0.00000001
2015,85,Other,0.00000000,0.00000063
2015,87,SVK,0.00000011,0.00001786
2015,87,FRA,0.00000001,0.00000449
2015,87,MNE,0.00000000,0.00000006
2015,90,FRA,0.00000007,0.00000190
2015,90,USA,0.00000002,0.00000000
2015,90,NGA,0.00000000,0.00000004
2015,90,CAN,0.00000000,0.00000000
2015,90,THA,0.00000000,0.00000000
2015,90,Other,0.00000000,0.00000000
2015,91,ESP,0.00000000,0.00000000
2015,92,ESP,0.00000000,0.00000001
2015,94,SDN,0.00000001,0.00000120
2015,94,SVK,0.00000000,0.00000155
2015,94,NGA,0.00000000,0.00000005
2015,94,FRA,0.00000000,0.00000002
2015,95,FRA,0.00000000,0.00000000
2015,96,SVK,0.00000000,0.00000015
2015,96,FRA,0.00000000,0.00000065
2016,11,NGA,0.00000019,0.00027130
2016,12,FRA,0.00000000,0.00000001
2016,18,FRA,0.00000000,0.00000000
2016,19,NGA,0.00000001,0.00000371
2016,21,SDN,0.00000000,0.00000251
2016,22,SVK,0.00000001,0.00002359
2016,22,NGA,0.00000000,0.00000078
2016,22,FRA,0.00000000,0.00000002
2016,22,CAN,0.00000000,0.00000001
2016,25,SDN,0.00000002,0.00005572
2016,25,FRA,0.00000000,0.00000036
2016,27,NLD,0.00000001,0.00003058
2016,29,SDN,0.00000000,0.00000024
2016,30,CAN,0.00000144,0.00156790
2016,30,PRT,0.00000088,0.00018722
2016,30,FRA,0.00000031,0.00007682
2016,30,USA,0.00000002,0.00000219
2016,32,SDN,0.00000000,0.00000111
2016,33,POL,0.00000000,0.00000000
2016,38,FRA,0.00000000,0.00000007
2016,38,SVK,0.00000000,0.00000012
2016,38,POL,0.00000000,0.00000007
2016,38,CAN,0.00000000,0.00000000
2016,39,SVK,0.00000003,0.00000800
2016,39,SDN,0.00000002,0.00001800
2016,39,NGA,0.00000000,0.00000033
2016,39,FRA,0.00000000,0.00000001
2016,39,BHR,0.00000000,0.00000000
2016,39,Other,0.00000000,0.00000000
2016,40,IRL,0.00000004,0.00001830
2016,40,SEN,0.00000001,0.00002300
2016,40,CZE,0.00000000,0.00000000
2016,40,POL,0.00000000,0.00000001
2016,40,PRY,0.00000000,0.00000003
2016,42,FRA,0.00000000,0.00000000
2016,44,DOM,0.00000003,0.00002207
2016,44,SVK,0.00000001,0.00000617
2016,44,FRA,0.00000000,0.00000001
2016,48,SVK,0.00000006,0.00001594
2016,49,NGA,0.00000002,0.00000244
2016,49,CAN,0.00000000,0.00000006
2016,49,FRA,0.00000000,0.00000000
2016,52,SVK,0.00000000,0.00000057
2016,54,EGY,0.00000000,0.00000007
2016,61,SVN,0.00000000,0.00000030
2016,61,CAN,0.00000000,0.00000000
2016,61,FRA,0.00000000,0.00000000
2016,62,FRA,0.00000001,0.00000100
2016,62,MNE,0.00000000,0.00000003
2016,62,SDN,0.00000000,0.00000035
2016,62,SVK,0.00000000,0.00000000
2016,63,USA,0.00000001,0.00000346
2016,63,FRA,0.00000000,0.00000002
2016,64,SVK,0.00000000,0.00000006
2016,64,FRA,0.00000000,0.00000001
2016,65,FRA,0.00000000,0.00000000
2016,68,SVK,0.00000000,0.00001084
2016,68,CZE,0.00000000,0.00000002
2016,69,NGA,0.00000002,0.00000492
2016,69,FRA,0.00000000,0.00000015
2016,72,SVK,0.00000058,0.00266879
2016,72,CAN,0.00000000,0.00000200
2016,73,FRA,0.00000000,0.00000006
2016,74,CAN,0.00000004,0.00001378
2016,76,CAN,0.00000000,0.00000584
2016,76,SVK,0.00000000,0.00000021
2016,80,FRA,0.00000001,0.00000339
2016,81,SDN,0.00000003,0.00001847
2016,81,FRA,0.00000000,0.00000096
2016,82,FRA,0.00000000,0.00000002
2016,83,USA,0.00000001,0.00000073
2016,83,ESP,0.00000000,0.00000000
2016,84,USA,0.00000011,0.00000000
2016,84,NGA,0.00000010,0.00000843
2016,84,SDN,0.00000004,0.00002583
2016,84,PRY,0.00000003,0.00000130
2016,84,AUS,0.00000002,0.00000005
2016,84,Other,0.00000004,0.00000054
2016,85,NLD,0.00000014,0.00000092
2016,85,FRA,0.00000001,0.00000044
2016,85,POL,0.00000001,0.00000058
2016,85,ITA,0.00000001,0.00000008
2016,85,SVK,0.00000001,0.00000021
2016,85,Other,0.00000001,0.00000102
2016,87,SVK,0.00000016,0.00002308
2016,87,FRA,0.00000004,0.00001132
2016,87,CMR,0.00000001,0.00000178
2016,87,NGA,0.00000001,0.00000092
2016,88,FRA,0.00000000,0.00000000
2016,90,FRA,0.00000005,0.00000012
2016,90,CAN,0.00000001,0.00000014
2016,90,TUR,0.00000000,0.00000004
2016,90,SDN,0.00000000,0.00000000
2016,94,NGA,0.00000000,0.00000005
2016,94,TTO,0.00000000,0.00000009
2016,94,SVK,0.00000000,0.00000035
2016,94,CZE,0.00000000,0.00000000
2016,95,FRA,0.00000000,0.00000001
2016,95,TTO,0.00000000,0.00000002
2016,97,FRA,0.00000000,0.00000001
2016,97,CAN,0.00000000,0.00000000
2017,16,CAN,0.00000051,0.00009394
2017,16,FRA,0.00000007,0.00000501
2017,19,IRL,0.00000005,0.00004722
2017,19,FRA,0.00000001,0.00000060
2017,20,IRL,0.00000011,0.00002316
2017,20,FRA,0.00000000,0.00000002
2017,21,SDN,0.00000004,0.00000596
2017,22,FRA,0.00000000,0.00000004
2017,22,CAN,0.00000000,0.00000001
2017,23,FRA,0.00000000,0.00000000
2017,25,FRA,0.00000000,0.00000003
2017,27,NLD,0.00000005,0.00011388
2017,27,CAN,0.00000000,0.00000001
2017,29,SDN,0.00000003,0.00000132
2017,29,SVK,0.00000003,0.00002398
2017,30,CAN,0.00000121,0.00044494
2017,30,PRT,0.00000067,0.00014040
2017,30,FRA,0.00000019,0.00004857
2017,30,THA,0.00000000,0.00000001
2017,31,SVK,0.00000002,0.00001521
2017,33,POL,0.00000000,0.00000000
2017,33,CZE,0.00000000,0.00000000
2017,33,SVK,0.00000000,0.00000001
2017,34,PRY,0.00000000,0.00000005
2017,34,SDN,0.00000000,0.00000007
2017,38,SDN,0.00000060,0.00004128
2017,38,FRA,0.00000000,0.00000061
2017,39,SVK,0.00000006,0.00003067
2017,39,CAN,0.00000000,0.00000797
2017,39,BHR,0.00000000,0.00000000
2017,39,POL,0.00000000,0.00000000
2017,40,IRL,0.00000005,0.00002396
2017,40,SVK,0.00000001,0.00000172
2017,40,POL,0.00000000,0.00000001
2017,40,TUR,0.00000000,0.00000000
2017,42,SLV,0.00000000,0.00000000
2017,44,SVK,0.00000001,0.00002400
2017,47,CAN,0.00000001,0.00012900
2017,48,IRL,0.00000002,0.00001721
2017,48,SDN,0.00000001,0.00001140
2017,48,FRA,0.00000001,0.00000530
2017,49,NZL,0.00000000,0.00000017
2017,49,FRA,0.00000000,0.00000012
2017,49,PRY,0.00000000,0.00000000
2017,55,SVK,0.00000000,0.00000001
2017,61,SVN,0.00000000,0.00000020
2017,61,SVK,0.00000000,0.00000000
2017,61,FRA,0.00000000,0.00000000
2017,61,SRB,0.00000000,0.00000001
2017,62,FRA,0.00000009,0.00000160
2017,62,ESP,0.00000001,0.00000039
2017,62,SVK,0.00000000,0.00000001
2017,62,CZE,0.00000000,0.00000002
2017,62,IRL,0.00000000,0.00000000
2017,62,Other,0.00000000,0.00000002
2017,68,PRY,0.00000000,0.00000414
2017,68,SVK,0.00000000,0.00000005
2017,69,SDN,0.00000001,0.00002041
2017,71,CAN,0.00000000,0.00000000
2017,72,SVK,0.00000002,0.00002406
2017,72,CAN,0.00000000,0.00012700
2017,73,SVK,0.00000001,0.00000300
2017,73,UKR,0.00000000,0.00000000
2017,73,NZL,0.00000000,0.00000000
2017,74,CAN,0.00000004,0.00001010
2017,76,CAN,0.00000000,0.00000573
2017,78,CAN,0.00000000,0.00000003
2017,80,SDN,0.00000020,0.00024595
2017,80,FRA,0.00000003,0.00001372
2017,81,SDN,0.00000000,0.00000030
2017,82,CAN,0.00000000,0.00000000
2017,82,SVK,0.00000000,0.00000013
2017,82,ESP,0.00000000,0.00000000
2017,83,SVK,0.00000002,0.00000012
2017,84,CAN,0.00000002,0.00000005
2017,84,SVK,0.00000001,0.00000243
2017,84,CZE,0.00000000,0.00000001
2017,84,KWT,0.00000000,0.00000004
2017,84,FRA,0.00000000,0.00000001
2017,85,FRA,0.00000006,0.00000007
2017,85,CHN,0.00000003,0.00000001
2017,85,SGP,0.00000003,0.00000005
2017,85,POL,0.00000001,0.00000001
2017,85,USA,0.00000000,0.00000009
2017,85,Other,0.00000000,0.00000003
2017,87,SVK,0.00000017,0.00002939
2017,87,SDN,0.00000013,0.00001414
2017,87,FRA,0.00000002,0.00000050
2017,87,IRL,0.00000001,0.00000511
2017,87,CAN,0.00000000,0.00000001
2017,90,FRA,0.00000022,0.00000051
2017,90,SAU,0.00000005,0.00000009
2017,90,SVK,0.00000000,0.00000003
2017,90,AUS,0.00000000,0.00000001
2017,90,SLV,0.00000000,0.00000000
2017,90,Other,0.00000000,0.00000000
2017,93,FRA,0.00000000,0.00000001
2017,94,PRY,0.00000000,0.00000038
2017,94,FRA,0.00000000,0.00000041
2017,94,CZE,0.00000000,0.00000004
2017,94,SVK,0.00000000,0.00000008
2017,95,CZE,0.00000000,0.00000001
2017,95,DEU,0.00000000,0.00000001
2017,96,SVK,0.00000000,0.00000002
2017,97,USA,0.00000001,0.00000023
2017,97,FRA,0.00000001,0.00000004
2018,10,BHR,0.00000015,0.00002200
2018,12,MNE,0.00000001,0.00000245
2018,16,CAN,0.00000447,0.00120341
2018,16,IRL,0.00000006,0.00001060
2018,16,BEL,0.00000000,0.00000009
2018,17,IRL,0.00000001,0.00000553
2018,17,SVK,0.00000000,0.00000126
2018,20,IRL,0.00000001,0.00001154
2018,20,FRA,0.00000000,0.00000010
2018,22,FRA,0.00000000,0.00000108
2018,22,CAN,0.00000000,0.00000001
2018,23,FRA,0.00000000,0.00000006
2018,27,NLD,0.00000007,0.00017958
2018,28,SDN,0.00000000,0.00000000
2018,29,SDN,0.00000000,0.00000090
2018,30,CAN,0.00000046,0.00003621
2018,30,FRA,0.00000011,0.00002761
2018,30,GBR,0.00000008,0.00002034
2018,30,BEL,0.00000000,0.00000017
2018,33,SDN,0.00000000,0.00000050
2018,33,BHR,0.00000000,0.00000023
2018,33,MMR,0.00000000,0.00000024
2018,34,IRL,0.00000000,0.00000100
2018,35,FRA,0.00000000,0.00000006
2018,38,FRA,0.00000001,0.00000329
2018,38,SVK,0.00000000,0.00000012
2018,39,SVK,0.00000001,0.00000166
2018,39,CAN,0.00000000,0.00002728
2018,39,FRA,0.00000000,0.00000006
2018,39,ECU,0.00000000,0.00000049
2018,42,NZL,0.00000000,0.00000001
2018,44,ESP,0.00000007,0.00004250
2018,44,FRA,0.00000000,0.00000063
2018,47,CAN,0.00000000,0.00005500
2018,48,MNE,0.00000000,0.00000017
2018,48,FRA,0.00000000,0.00000036
2018,49,FRA,0.00000000,0.00000017
2018,54,EGY,0.00000000,0.00000023
2018,55,SVN,0.00000001,0.00000025
2018,55,EGY,0.00000000,0.00000002
2018,60,SDN,0.00000002,0.00000278
2018,61,GBR,0.00000001,0.00000002
2018,61,SVN,0.00000000,0.00000021
2018,61,NIC,0.00000000,0.00000004
2018,61,DOM,0.00000000,0.00000000
2018,61,SRB,0.00000000,0.00000000
2018,62,FRA,0.00000001,0.00000021
2018,62,PRY,0.00000000,0.00000000
2018,62,NIC,0.00000000,0.00000007
2018,62,ESP,0.00000000,0.00000001
2018,62,CZE,0.00000000,0.00000001
2018,62,Other,0.00000000,0.00000001
2018,63,FRA,0.00000000,0.00000005
2018,63,NIC,0.00000000,0.00000004
2018,64,FRA,0.00000000,0.00000009
2018,68,NLD,0.00000001,0.00000372
2018,69,ARE,0.00000001,0.00000069
2018,69,SDN,0.00000001,0.00001331
2018,69,FRA,0.00000000,0.00000012
2018,70,SVK,0.00000002,0.00001050
2018,70,ARE,0.00000000,0.00000000
2018,72,CAN,0.00000000,0.00001200
2018,73,SVK,0.00000000,0.00000118
2018,73,ESP,0.00000000,0.00000000
2018,73,CAN,0.00000000,0.00000001
2018,73,POL,0.00000000,0.00000000
2018,73,FRA,0.00000000,0.00000000
2018,76,CAN,0.00000000,0.00000225
2018,76,SVK,0.00000000,0.00000006
2018,80,FRA,0.00000000,0.00000057
2018,82,FRA,0.00000001,0.00000049
2018,82,SVK,0.00000000,0.00000008
2018,83,ECU,0.00000000,0.00000254
2018,84,FRA,0.00000004,0.00000165
2018,84,SDN,0.00000001,0.00000007
2018,84,ESP,0.00000000,0.00000001
2018,84,CAN,0.00000000,0.00000003
2018,84,S19,0.00000000,0.00000000
2018,84,Other,0.00000000,0.00000002
2018,85,NLD,0.00000018,0.00000139
2018,85,FRA,0.00000006,0.00000141
2018,85,GBR,0.00000005,0.00000040
2018,85,USA,0.00000001,0.00000006
2018,85,SVK,0.00000001,0.00000014
2018,85,Other,0.00000000,0.00000016
2018,86,FRA,0.00000000,0.00000000
2018,87,SDN,0.00000005,0.00000550
2018,87,NIC,0.00000000,0.00000006
2018,87,FRA,0.00000000,0.00000002
2018,87,CAN,0.00000000,0.00000004
2018,87,PER,0.00000000,0.00000000
2018,88,FRA,0.00000000,0.00000000
2018,90,FRA,0.00000031,0.00000029
2018,90,SVK,0.00000001,0.00000015
2018,90,GBR,0.00000000,0.00000005
2018,90,CAN,0.00000000,0.00000000
2018,94,SVK,0.00000000,0.00000031
2018,94,FRA,0.00000000,0.00000019
2018,94,CAN,0.00000000,0.00000010
2018,94,CZE,0.00000000,0.00000001
2018,95,ESP,0.00000000,0.00000004
2018,95,SVK,0.00000000,0.00000009
2018,95,FRA,0.00000000,0.00000002
2018,95,CHN,0.00000000,0.00000001
2018,97,FRA,0.00000000,0.00000000
2019,12,MNE,0.00000000,0.00000060
2019,15,SVK,0.00000000,0.00000009
2019,16,CAN,0.00000595,0.00160997
2019,19,IRL,0.00000007,0.00004266
2019,20,SVK,0.00000003,0.00001016
2019,20,FRA,0.00000000,0.00000001
2019,21,IRL,0.00000008,0.00003334
2019,22,SVK,0.00000001,0.00002200
2019,22,FRA,0.00000000,0.00000008
2019,22,CAN,0.00000000,0.00000009
2019,23,FRA,0.00000000,0.00000000
2019,27,NLD,0.00000002,0.00006365
2019,27,FRA,0.00000000,0.00000000
2019,29,ESP,0.00000000,0.00000000
2019,30,FRA,0.00000028,0.00003766
2019,30,CAN,0.00000013,0.00001608
2019,30,BEL,0.00000000,0.00000102
2019,30,LKA,0.00000000,0.00000000
2019,33,CZE,0.00000000,0.00000001
2019,34,CHN,0.00000000,0.00000000
2019,38,GTM,0.00000004,0.00002026
2019,39,CAN,0.00000001,0.00003244
2019,40,BOL,0.00000000,0.00000001
2019,40,SVK,0.00000000,0.00000000
2019,40,CAN,0.00000000,0.00000000
2019,42,SVK,0.00000000,0.00000100
2019,42,CHN,0.00000000,0.00000000
2019,44,SVK,0.00000000,0.00000006
2019,44,FRA,0.00000000,0.00000009
2019,47,CAN,0.00000001,0.00014000
2019,48,FRA,0.00000000,0.00000621
2019,48,CAN,0.00000000,0.00000009
2019,49,FRA,0.00000000,0.00000004
2019,54,SAU,0.00000002,0.00000720
2019,55,EGY,0.00000000,0.00000010
2019,61,SVN,0.00000002,0.00000097
2019,61,SVK,0.00000000,0.00000016
2019,61,MMR,0.00000000,0.00000004
2019,61,TUR,0.00000000,0.00000001
2019,61,ESP,0.00000000,0.00000000
2019,61,Other,0.00000000,0.00000000
2019,62,FRA,0.00000000,0.00000014
2019,62,ESP,0.00000000,0.00000000
2019,63,MNE,0.00000000,0.00000000
2019,68,FRA,0.00000000,0.00000032
2019,70,FRA,0.00000000,0.00000007
2019,72,SVK,0.00000000,0.00000201
2019,72,CAN,0.00000000,0.00264576
2019,73,SVK,0.00000001,0.00000577
2019,73,BHR,0.00000000,0.00000000
2019,73,CAN,0.00000000,0.00000002
2019,73,FRA,0.00000000,0.00000001
2019,74,CAN,0.00000004,0.00001230
2019,74,SVK,0.00000001,0.00000173
2019,76,CAN,0.00000001,0.00001313
2019,80,IRL,0.00000002,0.00001848
2019,80,FRA,0.00000000,0.00000006
2019,82,FRA,0.00000000,0.00000004
2019,83,SVK,0.00000000,0.00000003
2019,83,FRA,0.00000000,0.00000008
2019,84,FRA,0.00000005,0.00000141
2019,84,SVN,0.00000005,0.00000032
2019,84,BEL,0.00000003,0.00000001
2019,84,THA,0.00000002,0.00000001
2019,84,CAN,0.00000000,0.00000002
2019,84,Other,0.00000000,0.00000001
2019,85,NLD,0.00000014,0.00000113
2019,85,USA,0.00000003,0.00000087
2019,85,CAN,0.00000000,0.00000001
2019,85,FRA,0.00000000,0.00000001
2019,85,TUR,0.00000000,0.00000002
2019,85,Other,0.00000000,0.00000005
2019,87,CAN,0.00000000,0.00000009
2019,87,THA,0.00000000,0.00000000
2019,87,FRA,0.00000000,0.00000002
2019,90,FRA,0.00000030,0.00000026
2019,90,CAN,0.00000002,0.00000000
2019,90,CHN,0.00000000,0.00000030
2019,92,ITA,0.00000000,0.00000002
2019,94,FRA,0.00000000,0.00000055
2019,95,POL,0.00000000,0.00000000
2019,97,CAN,0.00000000,0.00000000
2019,97,GBR,0.00000000,0.00000004
2019,97,FRA,0.00000000,0.00000001
2020,10,IRL,0.00000001,0.00000427
2020,12,MNE,0.00000000,0.00000050
2020,15,IRL,0.00000000,0.00000152
2020,16,CAN,0.00000426,0.00140027
2020,16,BEL,0.00000000,0.00000020
2020,19,IRL,0.00000009,0.00005422
2020,20,IRL,0.00000019,0.00006145
2020,21,IRL,0.00000006,0.00002955
2020,22,MOZ,0.00000002,0.00003154
2020,22,IRL,0.00000002,0.00002292
2020,22,FRA,0.00000000,0.00000014
2020,24,MOZ,0.00000000,0.00000001
2020,27,VCT,0.00000009,0.00003664
2020,27,NLD,0.00000002,0.00004542
2020,29,ITA,0.00000026,0.00034291
2020,30,CAN,0.00000033,0.00010500
2020,30,FRA,0.00000022,0.00003635
2020,30,PRT,0.00000017,0.00002340
2020,30,BEL,0.00000000,0.00000076
2020,34,NZL,0.00000001,0.00000006
2020,35,SVK,0.00000000,0.00000000
2020,39,FRA,0.00000004,0.00000004
2020,39,SVK,0.00000001,0.00000031
2020,39,USA,0.00000001,0.00001064
2020,39,CAN,0.00000001,0.00004587
2020,39,TUR,0.00000000,0.00000001
2020,40,IRL,0.00000002,0.00000949
2020,40,SVN,0.00000000,0.00000000
2020,42,CHN,0.00000000,0.00000000
2020,47,CAN,0.00000002,0.00030700
2020,49,USA,0.00000000,0.00000000
2020,49,FRA,0.00000000,0.00000008
2020,51,CAN,0.00000000,0.00000000
2020,61,SVN,0.00000000,0.00000025
2020,62,CAN,0.00000000,0.00000000
2020,63,FRA,0.00000001,0.00001823
2020,63,SVN,0.00000000,0.00000000
2020,64,FRA,0.00000000,0.00000000
2020,65,FRA,0.00000000,0.00000001
2020,68,SVN,0.00000000,0.00000000
2020,70,BRN,0.00000000,0.00000000
2020,72,SVK,0.00000000,0.00000149
2020,72,CAN,0.00000000,0.00285700
2020,73,CZE,0.00000000,0.00000002
2020,73,POL,0.00000000,0.00000000
2020,76,CAN,0.00000000,0.00000512
2020,76,SVN,0.00000000,0.00000000
2020,80,BHR,0.00000000,0.00000240
2020,84,BEL,0.00000003,0.00000001
2020,84,MMR,0.00000002,0.00000123
2020,84,USA,0.00000000,0.00000007
2020,84,FRA,0.00000000,0.00000003
2020,84,CAN,0.00000000,0.00000008
2020,84,Other,0.00000000,0.00000002
2020,85,NLD,0.00000009,0.00000241
2020,85,FRA,0.00000004,0.00000028
2020,85,USA,0.00000001,0.00000006
2020,85,BEL,0.00000001,0.00000013
2020,85,CHN,0.00000000,0.00000000
2020,85,Other,0.00000000,0.00000001
2020,87,FRA,0.00000000,0.00000045
2020,87,ESP,0.00000000,0.00000000
2020,87,PHL,0.00000000,0.00000001
2020,87,BRA,0.00000000,0.00000000
2020,88,CAN,0.00000004,0.00000007
2020,89,FRA,0.00000000,0.00000001
2020,90,FRA,0.00000030,0.00000036
2020,90,IRL,0.00000001,0.00000042
2020,90,NLD,0.00000001,0.00000000
2020,90,CAN,0.00000000,0.00000000
2020,90,SLV,0.00000000,0.00000000
2020,91,FRA,0.00000001,0.00000001
2020,94,CAN,0.00000000,0.00000113
2020,94,SVK,0.00000000,0.00000003
2020,95,FRA,0.00000000,0.00000000
2020,95,SVK,0.00000000,0.00000000
2020,97,USA,0.00000001,0.00000000
2021,10,IRL,0.00000002,0.00000140
2021,12,MNE,0.00000001,0.00000170
2021,16,CAN,0.00000686,0.00138167
2021,16,BEL,0.00000001,0.00000040
2021,20,IRL,0.00000009,0.00000950
2021,20,FRA,0.00000000,0.00000001
2021,21,IRL,0.00000005,0.00000252
2021,22,FRA,0.00000000,0.00000005
2021,22,CAN,0.00000000,0.00000004
2021,23,FRA,0.00000000,0.00000004
2021,25,NZL,0.00000008,0.00019200
2021,25,FRA,0.00000000,0.00000304
2021,27,NLD,0.00000004,0.00003858
2021,28,ARE,0.00000000,0.00000200
2021,30,CAN,0.00000071,0.00013659
2021,30,FRA,0.00000016,0.00002213
2021,30,BEL,0.00000000,0.00000087
2021,32,ESP,0.00000000,0.00000001
2021,32,SVK,0.00000000,0.00000001
2021,33,ARE,0.00000000,0.00000000
2021,33,CZE,0.00000000,0.00000002
2021,34,FRA,0.00000000,0.00000020
2021,34,IRL,0.00000000,0.00000002
2021,38,CAN,0.00000000,0.00000000
2021,39,CAN,0.00000001,0.00003668
2021,39,CZE,0.00000000,0.00000015
2021,39,FRA,0.00000000,0.00000170
2021,39,SVK,0.00000000,0.00000013
2021,39,ESP,0.00000000,0.00000001
2021,39,Other,0.00000000,0.00000000
2021,40,IRL,0.00000006,0.00000219
2021,40,SVK,0.00000000,0.00000004
2021,42,FRA,0.00000000,0.00000000
2021,42,CZE,0.00000000,0.00000003
2021,44,SVK,0.00000001,0.00007800
2021,47,CAN,0.00000002,0.00027000
2021,48,ATG,0.00000002,0.00000168
2021,48,IRL,0.00000000,0.00000000
2021,48,CZE,0.00000000,0.00000001
2021,48,SVK,0.00000000,0.00000001
2021,49,FRA,0.00000001,0.00000139
2021,49,CAN,0.00000000,0.00000000
2021,51,FRA,0.00000000,0.00000082
2021,52,SWE,0.00000009,0.00001000
2021,61,SVN,0.00000000,0.00000018
2021,61,FRA,0.00000000,0.00000011
2021,61,CYM,0.00000000,0.00000001
2021,62,CZE,0.00000000,0.00000075
2021,62,LAO,0.00000000,0.00000000
2021,62,SVN,0.00000000,0.00000000
2021,62,UKR,0.00000000,0.00000000
2021,63,CZE,0.00000005,0.00000120
2021,63,CAN,0.00000000,0.00000004
2021,63,FRA,0.00000000,0.00000013
2021,63,SWE,0.00000000,0.00000002
2021,68,FRA,0.00000000,0.00000003
2021,70,BHR,0.00000000,0.00000173
2021,70,CZE,0.00000000,0.00000001
2021,72,CAN,0.00000000,0.00002337
2021,72,ARE,0.00000000,0.00000058
2021,73,SVK,0.00000000,0.00000010
2021,73,SGP,0.00000000,0.00000006
2021,73,SVN,0.00000000,0.00000000
2021,73,POL,0.00000000,0.00000000
2021,73,CAN,0.00000000,0.00000001
2021,76,CAN,0.00000000,0.00000667
2021,82,SVK,0.00000000,0.00000003
2021,83,SVN,0.00000000,0.00000005
2021,84,FRA,0.00000007,0.00000630
2021,84,IRL,0.00000002,0.00000004
2021,84,SGP,0.00000001,0.00000014
2021,84,BFA,0.00000000,0.00000001
2021,84,ITA,0.00000000,0.00000010
2021,84,Other,0.00000000,0.00000015
2021,85,NLD,0.00000016,0.00006062
2021,85,USA,0.00000001,0.00000006
2021,85,CAN,0.00000001,0.00000017
2021,85,FRA,0.00000001,0.00000014
2021,85,PNG,0.00000000,0.00000133
2021,85,Other,0.00000001,0.00000005
2021,87,FRA,0.00000000,0.00000057
2021,87,PNG,0.00000000,0.00000013
2021,87,CZE,0.00000000,0.00000000
2021,88,FRA,0.00000000,0.00000001
2021,90,FRA,0.00000029,0.00000025
2021,90,NLD,0.00000001,0.00000003
2021,90,MOZ,0.00000000,0.00000000
2021,90,IRL,0.00000000,0.00000001
2021,90,CAN,0.00000000,0.00000000
2021,90,Other,0.00000000,0.00000100
2021,94,CZE,0.00000000,0.00000004
2021,94,CAN,0.00000000,0.00000006
2021,95,CZE,0.00000000,0.00000010
2021,97,ARE,0.00000000,0.00000000
2022,10,IRL,0.00000001,0.00000035
2022,10,MDV,0.00000000,0.00000008
2022,11,IRL,0.00000001,0.00000146
2022,13,POL,0.00000000,0.00000004
2022,16,CAN,0.00000506,0.00046372
2022,16,FRA,0.00000000,0.00000001
2022,17,CZE,0.00000000,0.00000000
2022,19,SVK,0.00000000,0.00000065
2022,20,IRL,0.00000019,0.00001066
2022,20,SVK,0.00000001,0.00000080
2022,20,FRA,0.00000000,0.00000001
2022,20,CAN,0.00000000,0.00000000
2022,22,IRL,0.00000002,0.00000271
2022,22,CZE,0.00000000,0.00000004
2022,22,FRA,0.00000000,0.00000004
2022,22,ZAF,0.00000000,0.00000000
2022,22,CAN,0.00000000,0.00000001
2022,23,FRA,0.00000000,0.00000000
2022,25,FRA,0.00000001,0.00000213
2022,27,FRA,0.00000000,0.00000000
2022,27,CAN,0.00000000,0.00000002
2022,28,ESP,0.00000000,0.00000000
2022,30,CAN,0.00000187,0.00124741
2022,30,FRA,0.00000058,0.00001938
2022,30,LBN,0.00000000,0.00000006
2022,33,USA,0.00000001,0.00000006
2022,35,ARE,0.00000000,0.00000000
2022,38,FRA,0.00000000,0.00000004
2022,39,CAN,0.00000001,0.00003928
2022,39,CZE,0.00000000,0.00000019
2022,39,FRA,0.00000000,0.00000953
2022,39,GBR,0.00000000,0.00000001
2022,39,SVK,0.00000000,0.00000016
2022,39,Other,0.00000000,0.00000001
2022,40,BEL,0.00000000,0.00000010
2022,40,SVK,0.00000000,0.00000000
2022,40,SVN,0.00000000,0.00000000
2022,42,FRA,0.00000000,0.00000000
2022,44,FRA,0.00000000,0.00000000
2022,47,CAN,0.00000002,0.00021900
2022,48,GTM,0.00000000,0.00000000
2022,49,FRA,0.00000000,0.00000021
2022,49,POL,0.00000000,0.00000000
2022,51,FRA,0.00000000,0.00000003
2022,51,CAN,0.00000000,0.00000001
2022,52,SWE,0.00000000,0.00000100
2022,52,FRA,0.00000000,0.00000001
2022,60,CZE,0.00000000,0.00000001
2022,61,SVN,0.00000000,0.00000006
2022,61,FRA,0.00000000,0.00000002
2022,61,ESP,0.00000000,0.00000001
2022,62,SVN,0.00000000,0.00000003
2022,62,CAN,0.00000000,0.00000003
2022,62,FRA,0.00000000,0.00000003
2022,62,SWE,0.00000000,0.00000001
2022,63,FRA,0.00000000,0.00000008
2022,63,ESP,0.00000000,0.00000000
2022,63,SVN,0.00000000,0.00000000
2022,63,CZE,0.00000000,0.00000000
2022,68,ARE,0.00000000,0.00002500
2022,68,SVK,0.00000000,0.00000028
2022,69,FRA,0.00000000,0.00000004
2022,70,MDV,0.00000000,0.00000006
2022,70,GHA,0.00000000,0.00000018
2022,72,CAN,0.00000000,0.00001532
2022,72,ARE,0.00000000,0.00000001
2022,73,IRL,0.00000004,0.00000074
2022,73,SVN,0.00000000,0.00000000
2022,73,FRA,0.00000000,0.00000001
2022,73,ESP,0.00000000,0.00000002
2022,73,POL,0.00000000,0.00000000
2022,76,CAN,0.00000000,0.00000618
2022,76,SVN,0.00000000,0.00000004
2022,80,IRL,0.00000001,0.00000058
2022,82,FRA,0.00000001,0.00000010
2022,84,FRA,0.00000002,0.00000257
2022,84,JPN,0.00000000,0.00000001
2022,84,SVK,0.00000000,0.00000005
2022,84,CAN,0.00000000,0.00000006
2022,84,USA,0.00000000,0.00000002
2022,84,Other,0.00000000,0.00000002
2022,85,FRA,0.00000001,0.00000616
2022,85,NLD,0.00000000,0.00000264
2022,85,SVN,0.00000000,0.00000002
2022,85,SVK,0.00000000,0.00000012
2022,85,PAK,0.00000000,0.00000034
2022,85,Other,0.00000000,0.00000001
2022,87,FRA,0.00000011,0.00001943
2022,87,SVK,0.00000006,0.00000478
2022,87,COD,0.00000003,0.00000200
2022,87,SEN,0.00000001,0.00000120
2022,87,IRL,0.00000000,0.00000000
2022,87,Other,0.00000000,0.00000000
2022,88,FRA,0.00000000,0.00000002
2022,90,FRA,0.00000013,0.00000023
2022,90,SGP,0.00000002,0.00000008
2022,90,USA,0.00000001,0.00000004
2022,90,IRL,0.00000000,0.00000003
2022,90,ESP,0.00000000,0.00000000
2022,90,Other,0.00000000,0.00000000
2022,94,CAN,0.00000002,0.00000301
2022,94,GBR,0.00000000,0.00000010
2022,94,FRA,0.00000000,0.00000001
2022,95,IRL,0.00000000,0.00000000
2022,95,FRA,0.00000000,0.00000000
2022,97,ARE,0.00000000,0.00000000
2022,97,S19,0.00000000,0.00000001
2023,16,CAN,0.00000156,0.00044891
2023,17,IRL,0.00000001,0.00000440
2023,18,FRA,0.00000000,0.00000001
2023,19,FRA,0.00000000,0.00000000
2023,20,FRA,0.00000000,0.00000002
2023,21,CAN,0.00000000,0.00000009
2023,21,FRA,0.00000000,0.00000001
2023,22,CZE,0.00000000,0.00000004
2023,22,FRA,0.00000000,0.00000005
2023,22,CAN,0.00000000,0.00000001
2023,23,FRA,0.00000000,0.00000000
2023,25,FRA,0.00000001,0.00000302
2023,27,NLD,0.00000000,0.00000203
2023,27,FRA,0.00000000,0.00000030
2023,29,GBR,0.00000005,0.00000003
2023,30,CAN,0.00000106,0.00071198
2023,30,FRA,0.00000001,0.00000020
2023,30,BEL,0.00000001,0.00000031
2023,33,BRB,0.00000000,0.00000024
2023,35,FRA,0.00000000,0.00000000
2023,38,FRA,0.00000000,0.00000004
2023,39,DJI,0.00000014,0.00013320
2023,39,CAN,0.00000005,0.00004931
2023,39,BRB,0.00000000,0.00000107
2023,39,IRL,0.00000000,0.00000033
2023,39,BEL,0.00000000,0.00000000
2023,39,Other,0.00000000,0.00000009
2023,40,DJI,0.00000001,0.00001852
2023,40,BRB,0.00000000,0.00000012
2023,42,BRB,0.00000000,0.00000024
2023,42,FRA,0.00000000,0.00000000
2023,44,SVK,0.00000001,0.00001318
2023,44,FRA,0.00000000,0.00000014
2023,44,BRB,0.00000000,0.00000012
2023,47,CAN,0.00000002,0.00031200
2023,48,BRB,0.00000000,0.00000024
2023,48,CAN,0.00000000,0.00000001
2023,49,FRA,0.00000000,0.00000092
2023,49,NZL,0.00000000,0.00000000
2023,51,FRA,0.00000000,0.00000000
2023,54,SVK,0.00000000,0.00000003
2023,57,BRB,0.00000000,0.00000012
2023,58,SVK,0.00000000,0.00000002
2023,59,FRA,0.00000000,0.00000000
2023,60,SVK,0.00000000,0.00000036
2023,61,SVN,0.00000000,0.00000008
2023,61,FRA,0.00000000,0.00000000
2023,61,SVK,0.00000000,0.00000001
2023,61,CAN,0.00000000,0.00000001
2023,61,ESP,0.00000000,0.00000000
2023,61,Other,0.00000000,0.00000012
2023,62,CAN,0.00000000,0.00000001
2023,62,BRB,0.00000000,0.00000048
2023,62,FRA,0.00000000,0.00000001
2023,62,BHR,0.00000000,0.00000000
2023,62,SWE,0.00000000,0.00000000
2023,62,Other,0.00000000,0.00000000
2023,63,BRB,0.00000001,0.00000048
2023,63,FRA,0.00000000,0.00000002
2023,64,ARE,0.00000000,0.00000007
2023,64,FRA,0.00000000,0.00000001
2023,65,CAN,0.00000000,0.00000000
2023,67,BRB,0.00000000,0.00000012
2023,69,BRB,0.00000000,0.00000048
2023,70,IRL,0.00000012,0.00000347
2023,70,BRB,0.00000000,0.00000036
2023,71,FRA,0.00000000,0.00000000
2023,72,CAN,0.00000000,0.00001752
2023,72,NLD,0.00000000,0.00000004
2023,73,IRL,0.00000004,0.00000970
2023,73,FRA,0.00000000,0.00000004
2023,73,BRB,0.00000000,0.00000036
2023,73,SVK,0.00000000,0.00000001
2023,73,SGP,0.00000000,0.00000007
2023,73,Other,0.00000000,0.00000000
2023,76,CAN,0.00000000,0.00000738
2023,76,BRB,0.00000000,0.00000048
2023,76,ESP,0.00000000,0.00000000
2023,82,USA,0.00000003,0.00000000
2023,82,FRA,0.00000000,0.00000001
2023,82,BRB,0.00000000,0.00000024
2023,83,FRA,0.00000000,0.00000002
2023,83,BRB,0.00000000,0.00000036
2023,84,FRA,0.00000004,0.00000068
2023,84,BRB,0.00000000,0.00000060
2023,84,CAN,0.00000000,0.00000002
2023,84,EGY,0.00000000,0.00000000
2023,84,ESP,0.00000000,0.00000001
2023,84,Other,0.00000000,0.00000004
2023,85,BEL,0.00000003,0.00000010
2023,85,FRA,0.00000001,0.00000021
2023,85,ITA,0.00000000,0.00000000
2023,85,GBR,0.00000000,0.00000001
2023,85,BRB,0.00000000,0.00000238
2023,85,Other,0.00000000,0.00000060
2023,87,FRA,0.00000003,0.00000185
2023,87,TUR,0.00000001,0.00000010
2023,87,CAN,0.00000000,0.00000009
2023,87,SVK,0.00000000,0.00000013
2023,87,BRB,0.00000000,0.00000012
2023,87,Other,0.00000000,0.00000005
2023,88,FRA,0.00000003,0.00000002
2023,90,NLD,0.00000004,0.00000300
2023,90,FRA,0.00000002,0.00000007
2023,90,USA,0.00000002,0.00000035
2023,90,SVK,0.00000000,0.00000220
2023,90,TUR,0.00000000,0.00000002
2023,90,Other,0.00000000,0.00000000
2023,91,BRB,0.00000000,0.00000012
2023,91,FRA,0.00000000,0.00000000
2023,94,IRL,0.00000000,0.00000024
2023,94,BRB,0.00000000,0.00000060
2023,95,FRA,0.00000000,0.00000005
2023,95,BRB,0.00000000,0.00000000
2023,96,POL,0.00000000,0.00000001
2023,96,SVK,0.00000000,0.00000001
2023,96,BRB,0.00000000,0.00000012
2023,97,CAN,0.00000000,0.00000000
2023,97,FRA,0.00000000,0.00000000
