year,product_chapter,exporter,value_trln_USD,quantity_mln_metric_tons
1995,10,USA,0.00016804,0.93863566
1995,10,IND,0.00010255,0.11665371
1995,10,THA,0.00008352,0.28803511
1995,10,ARG,0.00003379,0.33855333
1995,10,CAN,0.00003151,0.18514375
1995,10,Other,0.00009888,0.57530419
1995,11,GBR,0.00001508,0.04227597
1995,11,BEL,0.00000996,0.02848654
1995,11,ZWE,0.00000588,0.03101790
1995,11,DEU,0.00000531,0.01591276
1995,11,FRA,0.00000495,0.01583181
1995,11,Other,0.00001520,0.05456118
1995,12,USA,0.00002981,0.10094987
1995,12,ARG,0.00002590,0.08046470
1995,12,CHN,0.00000800,0.01413127
1995,12,MOZ,0.00000337,0.01074867
1995,12,ZWE,0.00000313,0.00771041
1995,12,Other,0.00001918,0.06379580
1995,13,GBR,0.00000250,0.00034664
1995,13,DEU,0.00000245,0.00035262
1995,13,AUS,0.00000175,0.00000879
1995,13,USA,0.00000175,0.00021041
1995,13,FRA,0.00000151,0.00024185
1995,13,Other,0.00000745,0.00297558
1995,14,IND,0.00000281,0.00407031
1995,14,SGP,0.00000169,0.00068592
1995,14,GBR,0.00000054,0.00062902
1995,14,ZMB,0.00000022,0.00015330
1995,14,HKG,0.00000020,0.00012365
1995,14,Other,0.00000045,0.00047559
1995,15,ARG,0.00017717,0.30886075
1995,15,MYS,0.00010751,0.15636418
1995,15,AUS,0.00002461,0.04346770
1995,15,NLD,0.00001850,0.02331213
1995,15,BRA,0.00000879,0.00665375
1995,15,Other,0.00006781,0.10281466
1995,16,AUS,0.00001836,0.01751486
1995,16,USA,0.00001212,0.01344002
1995,16,CAN,0.00001184,0.00731650
1995,16,PHL,0.00001112,0.00439932
1995,16,THA,0.00000835,0.00527575
1995,16,Other,0.00001987,0.00922818
1995,17,ZWE,0.00001192,0.05333274
1995,17,BRA,0.00000387,0.04253526
1995,17,THA,0.00000338,0.00389305
1995,17,GTM,0.00000312,0.01169613
1995,17,GBR,0.00000239,0.00129330
1995,17,Other,0.00000911,0.02040148
1995,18,CIV,0.00001647,0.00774212
1995,18,MYS,0.00000417,0.00135058
1995,18,BEL,0.00000154,0.00042874
1995,18,GBR,0.00000144,0.00050600
1995,18,FRA,0.00000115,0.00010505
1995,18,Other,0.00000558,0.00314264
1995,19,ITA,0.00000426,0.00637521
1995,19,GBR,0.00000342,0.00266747
1995,19,MEX,0.00000306,0.00308425
1995,19,ZWE,0.00000202,0.00109527
1995,19,USA,0.00000154,0.00090698
1995,19,Other,0.00000922,0.00656526
1995,20,GBR,0.00003229,0.03504542
1995,20,USA,0.00002674,0.02066412
1995,20,FRA,0.00002106,0.01892184
1995,20,IRL,0.00002070,0.01556887
1995,20,AUS,0.00002061,0.02099967
1995,20,Other,0.00008612,0.08578590
1995,21,IRL,0.00001359,0.00064841
1995,21,GBR,0.00000943,0.00265480
1995,21,NLD,0.00000613,0.00163848
1995,21,DEU,0.00000606,0.00127953
1995,21,USA,0.00000534,0.00177117
1995,21,Other,0.00002038,0.00898735
1995,22,GBR,0.00007939,0.01818630
1995,22,FRA,0.00000820,0.00372279
1995,22,JAM,0.00000506,0.00111286
1995,22,ITA,0.00000455,0.00361570
1995,22,NLD,0.00000310,0.00317628
1995,22,Other,0.00001635,0.01465049
1995,23,CHL,0.00005897,0.10371025
1995,23,ARG,0.00003262,0.25741894
1995,23,PER,0.00001314,0.02976159
1995,23,ZWE,0.00000622,0.03945324
1995,23,USA,0.00000588,0.00547717
1995,23,Other,0.00002608,0.12395718
1995,24,ZWE,0.00002725,0.00738610
1995,24,ITA,0.00001094,0.00604963
1995,24,USA,0.00001082,0.00088518
1995,24,MWI,0.00001030,0.00370062
1995,24,BRA,0.00000857,0.00193276
1995,24,Other,0.00001829,0.01146032
1995,25,CAN,0.00002693,0.51066221
1995,25,ZWE,0.00001661,0.13204809
1995,25,TGO,0.00001507,0.49882763
1995,25,CHN,0.00001439,0.12482734
1995,25,USA,0.00001300,0.07629336
1995,25,Other,0.00005115,0.55877825
1995,26,COD,0.00001342,0.00132913
1995,26,USA,0.00001316,0.02323213
1995,26,CHL,0.00000765,0.00224750
1995,26,BRA,0.00000501,0.07178671
1995,26,IND,0.00000381,0.12666207
1995,26,Other,0.00001249,0.07731260
1995,27,IRN,0.00119015,0.00017000
1995,27,SAU,0.00019112,0.00000000
1995,27,KWT,0.00016482,0.00000000
1995,27,USA,0.00011607,0.93646132
1995,27,GBR,0.00009875,1.69923544
1995,27,Other,0.00042300,0.76380270
1995,28,AUS,0.00011551,0.57445513
1995,28,DEU,0.00004190,0.03839275
1995,28,USA,0.00003991,0.15395423
1995,28,GBR,0.00002934,0.04651554
1995,28,ISR,0.00002413,0.03579561
1995,28,Other,0.00013315,0.28899848
1995,29,USA,0.00020117,0.16172095
1995,29,DEU,0.00014214,0.05464333
1995,29,GBR,0.00012501,0.08157727
1995,29,BEL,0.00008340,0.06069815
1995,29,NLD,0.00005919,0.05810766
1995,29,Other,0.00040542,0.18047152
1995,30,GBR,0.00008401,0.00278219
1995,30,DEU,0.00007864,0.00075043
1995,30,CHE,0.00007038,0.00027290
1995,30,FRA,0.00003924,0.00045660
1995,30,USA,0.00003392,0.00195880
1995,30,Other,0.00019761,0.06588434
1995,31,ISR,0.00002177,0.09616515
1995,31,DEU,0.00001168,0.13775439
1995,31,NLD,0.00000694,0.03699753
1995,31,NOR,0.00000483,0.02375050
1995,31,USA,0.00000425,0.01636521
1995,31,Other,0.00001260,0.08183482
1995,32,DEU,0.00006655,0.00859816
1995,32,GBR,0.00003727,0.00557952
1995,32,CHE,0.00002331,0.00156331
1995,32,USA,0.00002014,0.00458228
1995,32,NLD,0.00001065,0.00178020
1995,32,Other,0.00006582,0.01590791
1995,33,CHE,0.00002082,0.00098366
1995,33,GBR,0.00001981,0.00146231
1995,33,USA,0.00001662,0.00165563
1995,33,FRA,0.00001593,0.00076777
1995,33,DEU,0.00001014,0.00056744
1995,33,Other,0.00001888,0.00210352
1995,34,DEU,0.00002324,0.01020103
1995,34,GBR,0.00001459,0.00827165
1995,34,USA,0.00000881,0.00406617
1995,34,FRA,0.00000383,0.00130182
1995,34,NLD,0.00000359,0.00227422
1995,34,Other,0.00002369,0.01321926
1995,35,USA,0.00001121,0.00522964
1995,35,DEU,0.00000825,0.00422217
1995,35,BEL,0.00000656,0.00368699
1995,35,NZL,0.00000555,0.00119745
1995,35,NLD,0.00000546,0.00505690
1995,35,Other,0.00002435,0.00869667
1995,36,USA,0.00000481,0.00061419
1995,36,ESP,0.00000253,0.00023590
1995,36,CHN,0.00000198,0.00210659
1995,36,HKG,0.00000164,0.00393269
1995,36,PER,0.00000093,0.00012381
1995,36,Other,0.00000530,0.20077280
1995,37,JPN,0.00003493,0.00257814
1995,37,DEU,0.00002618,0.00241440
1995,37,GBR,0.00001726,0.00122793
1995,37,USA,0.00001623,0.00193750
1995,37,BEL,0.00001311,0.00154655
1995,37,Other,0.00001535,0.00101926
1995,38,GBR,0.00011481,0.03880622
1995,38,USA,0.00008673,0.03664601
1995,38,DEU,0.00007797,0.02239374
1995,38,FRA,0.00003999,0.01700586
1995,38,NLD,0.00003272,0.01454980
1995,38,Other,0.00011189,0.05374672
1995,39,DEU,0.00018166,0.06550277
1995,39,USA,0.00010766,0.04032891
1995,39,GBR,0.00009175,0.03371850
1995,39,KOR,0.00006376,0.05702550
1995,39,BEL,0.00005628,0.02746231
1995,39,Other,0.00039700,0.18433855
1995,40,JPN,0.00007278,0.02388986
1995,40,DEU,0.00005248,0.01220027
1995,40,MYS,0.00004015,0.02875332
1995,40,USA,0.00003721,0.01322542
1995,40,FRA,0.00002851,0.01214304
1995,40,Other,0.00024446,0.14563571
1995,41,AUS,0.00004157,0.00941514
1995,41,IND,0.00003285,0.00145428
1995,41,ITA,0.00001319,0.00073043
1995,41,BRA,0.00000976,0.00218661
1995,41,ZWE,0.00000708,0.00408944
1995,41,Other,0.00003985,0.00497793
1995,42,CHN,0.00001645,0.00910729
1995,42,HKG,0.00001538,0.00989092
1995,42,S19,0.00000388,0.00190370
1995,42,ZWE,0.00000365,0.00097588
1995,42,AUS,0.00000206,0.00003755
1995,42,Other,0.00001318,0.00130369
1995,43,USA,0.00000041,0.00000755
1995,43,TUR,0.00000015,0.00000413
1995,43,ITA,0.00000011,0.00001004
1995,43,DEU,0.00000006,0.00000095
1995,43,ARG,0.00000005,0.00000019
1995,43,Other,0.00000015,0.00001265
1995,44,MYS,0.00003416,0.06706125
1995,44,USA,0.00003384,0.03249910
1995,44,SGP,0.00002878,0.34343053
1995,44,ZWE,0.00002638,1.97581315
1995,44,BRA,0.00000878,0.01609388
1995,44,Other,0.00006977,0.61146549
1995,45,PRT,0.00001294,0.00083474
1995,45,DEU,0.00000140,0.00004817
1995,45,ESP,0.00000136,0.00006817
1995,45,USA,0.00000046,0.00003979
1995,45,ITA,0.00000035,0.00002228
1995,45,Other,0.00000077,0.00020075
1995,46,CHN,0.00000119,0.00039282
1995,46,HKG,0.00000066,0.00029466
1995,46,S19,0.00000038,0.00010330
1995,46,PHL,0.00000018,0.00003961
1995,46,IND,0.00000013,0.00008217
1995,46,Other,0.00000041,0.00009836
1995,47,CAN,0.00002041,0.02996001
1995,47,USA,0.00001214,0.02694967
1995,47,CHL,0.00001027,0.01223722
1995,47,ARG,0.00000843,0.01097695
1995,47,NLD,0.00000175,0.00681416
1995,47,Other,0.00000566,0.02149913
1995,48,DEU,0.00011078,0.05033711
1995,48,USA,0.00010930,0.08984136
1995,48,FIN,0.00007443,0.07043070
1995,48,GBR,0.00006316,0.03596505
1995,48,FRA,0.00002574,0.01442667
1995,48,Other,0.00019462,0.12649640
1995,49,GBR,0.00008722,0.01146371
1995,49,USA,0.00004414,0.00465691
1995,49,SGP,0.00000774,0.00152160
1995,49,DEU,0.00000674,0.00055236
1995,49,HKG,0.00000497,0.00106515
1995,49,Other,0.00002704,0.00381871
1995,50,DEU,0.00001406,0.00148465
1995,50,AUS,0.00000319,0.00051161
1995,50,NLD,0.00000221,0.00036602
1995,50,DNK,0.00000207,0.00035909
1995,50,USA,0.00000205,0.00082086
1995,50,Other,0.00000946,0.00200091
1995,51,ITA,0.00000872,0.00060882
1995,51,AUS,0.00000828,0.00494171
1995,51,GBR,0.00000761,0.00476949
1995,51,USA,0.00000397,0.00110893
1995,51,DEU,0.00000287,0.00033311
1995,51,Other,0.00000671,0.00427375
1995,52,ZWE,0.00002741,0.01369281
1995,52,CHN,0.00001416,0.00295524
1995,52,IND,0.00001348,0.00265773
1995,52,PAK,0.00001052,0.00253018
1995,52,MOZ,0.00000971,0.00475261
1995,52,Other,0.00011199,0.04400601
1995,53,HKG,0.00001836,0.00263634
1995,53,S19,0.00000894,0.00116588
1995,53,CHN,0.00000638,0.00098884
1995,53,BGD,0.00000476,0.00449306
1995,53,IND,0.00000376,0.00155878
1995,53,Other,0.00001910,0.00817219
1995,54,KOR,0.00005647,0.00625142
1995,54,S19,0.00002352,0.00626088
1995,54,DEU,0.00002190,0.00401273
1995,54,NLD,0.00001055,0.00103619
1995,54,ITA,0.00000959,0.00104331
1995,54,Other,0.00006005,0.00866955
1995,55,S19,0.00004887,0.01093616
1995,55,DEU,0.00002846,0.00912438
1995,55,KOR,0.00002320,0.00522793
1995,55,JPN,0.00001738,0.00658582
1995,55,ITA,0.00001512,0.00447988
1995,55,Other,0.00013298,0.04052794
1995,56,DEU,0.00001555,0.00251671
1995,56,GBR,0.00000409,0.00053315
1995,56,ITA,0.00000370,0.00086658
1995,56,CHN,0.00000356,0.00106909
1995,56,S19,0.00000288,0.00075151
1995,56,Other,0.00002087,0.00461915
1995,57,BEL,0.00000425,0.00176389
1995,57,USA,0.00000247,0.00060587
1995,57,IND,0.00000230,0.00142241
1995,57,GBR,0.00000132,0.00011722
1995,57,DEU,0.00000106,0.00010864
1995,57,Other,0.00000712,0.00129556
1995,58,HKG,0.00001138,0.00192085
1995,58,S19,0.00000927,0.00094028
1995,58,CHN,0.00000686,0.00119037
1995,58,KOR,0.00000509,0.00032914
1995,58,TUR,0.00000504,0.00025712
1995,58,Other,0.00003144,0.01261159
1995,59,DEU,0.00001188,0.00038003
1995,59,S19,0.00001150,0.00249289
1995,59,USA,0.00001101,0.00088643
1995,59,GBR,0.00000864,0.00060078
1995,59,ITA,0.00000676,0.00064226
1995,59,Other,0.00002857,0.00276535
1995,60,S19,0.00001735,0.00495025
1995,60,NLD,0.00000563,0.00746130
1995,60,GBR,0.00000550,0.00119416
1995,60,USA,0.00000500,0.00050776
1995,60,CHN,0.00000499,0.00053634
1995,60,Other,0.00002812,0.00626860
1995,61,CHN,0.00003538,0.00362873
1995,61,MWI,0.00001581,0.00186448
1995,61,HKG,0.00000717,0.00107336
1995,61,ITA,0.00000455,0.00076064
1995,61,ZWE,0.00000415,0.00031485
1995,61,Other,0.00001858,0.00179275
1995,62,CHN,0.00002452,0.00376607
1995,62,IND,0.00001937,0.00142989
1995,62,THA,0.00000757,0.00069635
1995,62,HKG,0.00000696,0.00090175
1995,62,MWI,0.00000632,0.00115920
1995,62,Other,0.00002827,0.00189441
1995,63,CHN,0.00001485,0.00238028
1995,63,MWI,0.00000646,0.00083018
1995,63,TUR,0.00000633,0.00209986
1995,63,HKG,0.00000493,0.00120535
1995,63,IND,0.00000479,0.00099595
1995,63,Other,0.00003132,0.02100662
1995,64,CHN,0.00006402,0.00011301
1995,64,HKG,0.00003343,0.00018762
1995,64,ITA,0.00001480,0.00089691
1995,64,ZWE,0.00001244,0.00004663
1995,64,S19,0.00001022,0.00111244
1995,64,Other,0.00005139,0.00239003
1995,65,CHN,0.00000525,0.00140369
1995,65,HKG,0.00000208,0.00083853
1995,65,S19,0.00000146,0.00030839
1995,65,ITA,0.00000059,0.00005519
1995,65,USA,0.00000057,0.00003090
1995,65,Other,0.00000263,0.00036121
1995,66,CHN,0.00000282,0.00150887
1995,66,HKG,0.00000060,0.00107170
1995,66,GBR,0.00000041,0.00016203
1995,66,ITA,0.00000026,0.00017458
1995,66,S19,0.00000025,0.00015063
1995,66,Other,0.00000027,0.00009932
1995,67,HKG,0.00000172,0.00025805
1995,67,CHN,0.00000092,0.00014258
1995,67,USA,0.00000020,0.00000408
1995,67,KOR,0.00000015,0.00000378
1995,67,IDN,0.00000013,0.00000306
1995,67,Other,0.00000055,0.00003890
1995,68,DEU,0.00001638,0.00392471
1995,68,GBR,0.00000827,0.00436112
1995,68,ITA,0.00000628,0.00843249
1995,68,USA,0.00000525,0.00093304
1995,68,BRA,0.00000353,0.00201272
1995,68,Other,0.00002207,0.01484111
1995,69,ITA,0.00004153,0.11184363
1995,69,DEU,0.00002701,0.01614750
1995,69,JPN,0.00001900,0.00561334
1995,69,ESP,0.00001705,0.04241312
1995,69,GBR,0.00001639,0.00991973
1995,69,Other,0.00007164,0.10648517
1995,70,DEU,0.00001763,0.00785542
1995,70,GBR,0.00001687,0.00615724
1995,70,FRA,0.00001225,0.00431055
1995,70,USA,0.00000920,0.00495975
1995,70,ITA,0.00000765,0.02502225
1995,70,Other,0.00007050,0.09518304
1995,71,GBR,0.00016681,0.00041105
1995,71,BEL,0.00010528,0.00181506
1995,71,CHE,0.00010072,0.00019767
1995,71,COD,0.00008007,0.00000004
1995,71,CHN,0.00002955,0.07211081
1995,71,Other,0.00008339,0.05352043
1995,72,DEU,0.00006726,0.06065168
1995,72,GBR,0.00004990,0.04865560
1995,72,JPN,0.00003804,0.03085458
1995,72,FRA,0.00003018,0.02799290
1995,72,USA,0.00002631,0.06221723
1995,72,Other,0.00014658,0.33290543
1995,73,DEU,0.00006951,0.01848945
1995,73,GBR,0.00004140,0.01561721
1995,73,USA,0.00003034,0.00448710
1995,73,JPN,0.00002963,0.01387105
1995,73,ITA,0.00002909,0.01039300
1995,73,Other,0.00019399,0.13262794
1995,74,DEU,0.00001707,0.00197605
1995,74,GBR,0.00001366,0.00240165
1995,74,ZMB,0.00001113,0.02691421
1995,74,ESP,0.00000622,0.00230314
1995,74,ITA,0.00000565,0.00070357
1995,74,Other,0.00003245,0.01007814
1995,75,BEL,0.00005400,0.00674517
1995,75,GBR,0.00002549,0.00270079
1995,75,CHE,0.00001853,0.00217563
1995,75,USA,0.00000558,0.00483918
1995,75,RUS,0.00000423,0.00052306
1995,75,Other,0.00000812,0.00124381
1995,76,AUS,0.00004736,0.02248474
1995,76,DEU,0.00002405,0.00699104
1995,76,GBR,0.00001675,0.00505995
1995,76,USA,0.00000906,0.00302936
1995,76,FRA,0.00000522,0.00143510
1995,76,Other,0.00003830,0.01145359
1995,78,AUS,0.00000594,0.00939863
1995,78,GBR,0.00000021,0.00027642
1995,78,ZMB,0.00000020,0.00046038
1995,78,USA,0.00000018,0.00015773
1995,78,DEU,0.00000010,0.00006258
1995,78,Other,0.00000041,0.00087562
1995,79,BRA,0.00000309,0.00300188
1995,79,KAZ,0.00000212,0.00199394
1995,79,BEL,0.00000108,0.00100352
1995,79,RUS,0.00000100,0.00099919
1995,79,USA,0.00000066,0.00055196
1995,79,Other,0.00000227,0.00199405
1995,80,MYS,0.00000623,0.00215878
1995,80,CHN,0.00000558,0.00079095
1995,80,ARG,0.00000387,0.00832980
1995,80,TUR,0.00000302,0.00072040
1995,80,USA,0.00000286,0.00128731
1995,80,Other,0.00001615,0.01478623
1995,81,GBR,0.00000827,0.00063356
1995,81,USA,0.00000595,0.00049747
1995,81,COD,0.00000579,0.00041928
1995,81,FRA,0.00000377,0.00018613
1995,81,DEU,0.00000331,0.00017334
1995,81,Other,0.00001607,0.00659110
1995,82,DEU,0.00003481,0.00142906
1995,82,USA,0.00002298,0.00109373
1995,82,GBR,0.00001993,0.00179024
1995,82,S19,0.00001795,0.00343348
1995,82,HKG,0.00000866,0.00232658
1995,82,Other,0.00007612,0.01055562
1995,83,DEU,0.00002180,0.00220231
1995,83,ITA,0.00001434,0.00181311
1995,83,S19,0.00001368,0.00245251
1995,83,GBR,0.00000975,0.00134022
1995,83,HKG,0.00000804,0.00297091
1995,83,Other,0.00004579,0.00959711
1995,84,DEU,0.00100292,0.08299165
1995,84,USA,0.00088746,0.21815362
1995,84,GBR,0.00068044,0.08858059
1995,84,JPN,0.00054460,0.08802175
1995,84,ITA,0.00041903,0.14879875
1995,84,Other,0.00207444,0.84005127
1995,85,DEU,0.00061209,0.02014686
1995,85,GBR,0.00039094,0.01765633
1995,85,USA,0.00029035,0.01715207
1995,85,JPN,0.00025005,0.01115897
1995,85,FRA,0.00023009,0.01056752
1995,85,Other,0.00117582,0.21160631
1995,86,USA,0.00000672,0.00268245
1995,86,DEU,0.00000560,0.00205122
1995,86,AUT,0.00000424,0.00017414
1995,86,GBR,0.00000348,0.00546395
1995,86,CHN,0.00000190,0.00118181
1995,86,Other,0.00000334,0.00341468
1995,87,JPN,0.00129184,1.10671803
1995,87,DEU,0.00099535,0.07785076
1995,87,GBR,0.00019482,0.37289885
1995,87,USA,0.00017588,0.02776764
1995,87,KOR,0.00014359,0.01238151
1995,87,Other,0.00044448,0.32435981
1995,88,USA,0.00018509,0.00123207
1995,88,GBR,0.00008139,0.00027697
1995,88,CAN,0.00008077,0.00026248
1995,88,CHE,0.00006262,0.00012513
1995,88,FRA,0.00005511,0.00005350
1995,88,Other,0.00003367,0.00044584
1995,89,ROU,0.00005674,0.02797800
1995,89,KOR,0.00005072,0.11236963
1995,89,ESP,0.00001426,0.00011679
1995,89,AUS,0.00000593,0.00098121
1995,89,GBR,0.00000552,0.02855100
1995,89,Other,0.00001810,0.03761758
1995,90,USA,0.00021001,0.02190564
1995,90,DEU,0.00018127,0.00289798
1995,90,JPN,0.00012600,0.00436380
1995,90,GBR,0.00012287,0.00456960
1995,90,NLD,0.00005429,0.00095746
1995,90,Other,0.00038108,0.06781445
1995,91,HKG,0.00001996,0.00065816
1995,91,CHE,0.00000708,0.00000649
1995,91,JPN,0.00000448,0.00000728
1995,91,DEU,0.00000370,0.00006813
1995,91,CHN,0.00000314,0.00018132
1995,91,Other,0.00001675,0.00371610
1995,92,JPN,0.00000295,0.00006624
1995,92,USA,0.00000138,0.00004168
1995,92,S19,0.00000110,0.00016259
1995,92,KOR,0.00000110,0.00004505
1995,92,ITA,0.00000080,0.00003467
1995,92,Other,0.00000358,0.00070620
1995,93,USA,0.00000236,0.00015315
1995,93,BRA,0.00000174,0.00003135
1995,93,ZWE,0.00000143,0.00000001
1995,93,CHE,0.00000110,0.00000150
1995,93,DEU,0.00000091,0.00001888
1995,93,Other,0.00000426,0.00023244
1995,94,ITA,0.00001638,0.00280511
1995,94,DEU,0.00001578,0.00205202
1995,94,ZWE,0.00001567,0.00529959
1995,94,S19,0.00000928,0.00356835
1995,94,GBR,0.00000845,0.00112463
1995,94,Other,0.00005395,0.01601464
1995,95,CHN,0.00002522,0.01035042
1995,95,USA,0.00001899,0.00876561
1995,95,HKG,0.00001777,0.00723328
1995,95,S19,0.00001577,0.00904957
1995,95,GBR,0.00000752,0.00131129
1995,95,Other,0.00003540,0.00610500
1995,96,DEU,0.00001175,0.00157594
1995,96,JPN,0.00001107,0.00284270
1995,96,GBR,0.00001077,0.00064308
1995,96,S19,0.00000847,0.01826842
1995,96,USA,0.00000751,0.00105964
1995,96,Other,0.00004025,0.01136450
1995,97,GBR,0.00000884,0.00000000
1995,97,USA,0.00000160,0.00000000
1995,97,CHE,0.00000128,0.00000000
1995,97,DEU,0.00000125,0.00000000
1995,97,AUS,0.00000071,0.00000000
1995,97,Other,0.00000343,0.00000000
1996,10,USA,0.00020478,0.98871823
1996,10,AUS,0.00006779,0.48208891
1996,10,THA,0.00006130,0.18691080
1996,10,IND,0.00004352,0.18521081
1996,10,ARG,0.00001584,0.11977062
1996,10,Other,0.00007321,0.33773251
1996,11,GBR,0.00001531,0.03627065
1996,11,USA,0.00001015,0.02515341
1996,11,FRA,0.00000823,0.01897051
1996,11,DEU,0.00000822,0.01567624
1996,11,BEL,0.00000780,0.02054460
1996,11,Other,0.00001276,0.03141317
1996,12,USA,0.00001504,0.01897923
1996,12,ARG,0.00000775,0.01883910
1996,12,ZMB,0.00000380,0.01697824
1996,12,AUS,0.00000358,0.00167996
1996,12,MWI,0.00000256,0.00978801
1996,12,Other,0.00001504,0.01941745
1996,13,IND,0.00000248,0.00213874
1996,13,USA,0.00000193,0.00021404
1996,13,DEU,0.00000185,0.00027131
1996,13,GBR,0.00000175,0.00015694
1996,13,AUS,0.00000164,0.00000615
1996,13,Other,0.00000873,0.00181259
1996,14,GBR,0.00000186,0.00124151
1996,14,SGP,0.00000168,0.00064502
1996,14,IND,0.00000070,0.00063859
1996,14,HKG,0.00000012,0.00003927
1996,14,ZMB,0.00000010,0.00000000
1996,14,Other,0.00000039,0.00061584
1996,15,MYS,0.00012706,0.19317837
1996,15,ARG,0.00010147,0.20963522
1996,15,AUS,0.00001858,0.04526321
1996,15,NLD,0.00001019,0.00813470
1996,15,PER,0.00000730,0.02280353
1996,15,Other,0.00005525,0.06390181
1996,16,PHL,0.00001283,0.00526169
1996,16,THA,0.00000698,0.00348053
1996,16,CAN,0.00000519,0.00159189
1996,16,KOR,0.00000281,0.00059300
1996,16,USA,0.00000203,0.00118085
1996,16,Other,0.00001391,0.00541655
1996,17,ZWE,0.00002056,0.05903311
1996,17,BRA,0.00000799,0.02664319
1996,17,MEX,0.00000473,0.01311833
1996,17,USA,0.00000388,0.00411925
1996,17,GBR,0.00000272,0.00143543
1996,17,Other,0.00001031,0.04054935
1996,18,CIV,0.00001758,0.00827804
1996,18,MYS,0.00000684,0.00191014
1996,18,GBR,0.00000524,0.00136126
1996,18,GHA,0.00000242,0.00123281
1996,18,BEL,0.00000217,0.00060338
1996,18,Other,0.00000779,0.00257469
1996,19,GBR,0.00000775,0.00619388
1996,19,ITA,0.00000708,0.00861555
1996,19,USA,0.00000188,0.00103852
1996,19,ESP,0.00000152,0.00048065
1996,19,ZWE,0.00000137,0.00115686
1996,19,Other,0.00000991,0.00711660
1996,20,AUS,0.00003710,0.04844010
1996,20,USA,0.00002070,0.02762434
1996,20,GBR,0.00001554,0.01690578
1996,20,ARG,0.00001369,0.01722140
1996,20,FRA,0.00001241,0.01362495
1996,20,Other,0.00007821,0.08798080
1996,21,USA,0.00000976,0.00195972
1996,21,DEU,0.00000469,0.00113016
1996,21,GBR,0.00000428,0.00137101
1996,21,NLD,0.00000355,0.00133840
1996,21,FRA,0.00000258,0.00067477
1996,21,Other,0.00001528,0.00760734
1996,22,GBR,0.00007759,0.01911667
1996,22,ITA,0.00001234,0.00885944
1996,22,USA,0.00000614,0.00740047
1996,22,FRA,0.00000605,0.00155363
1996,22,ARG,0.00000552,0.00946896
1996,22,Other,0.00002453,0.01650753
1996,23,ARG,0.00006938,0.30937254
1996,23,CHL,0.00003138,0.04406564
1996,23,PER,0.00002076,0.04909578
1996,23,BRA,0.00001541,0.05758557
1996,23,USA,0.00001451,0.02538405
1996,23,Other,0.00004271,0.15012373
1996,24,ZWE,0.00002947,0.00770482
1996,24,MWI,0.00000919,0.00542336
1996,24,BRA,0.00000901,0.00210595
1996,24,USA,0.00000790,0.00084921
1996,24,PRT,0.00000325,0.00176962
1996,24,Other,0.00002191,0.01018577
1996,25,TGO,0.00003125,0.98629373
1996,25,CAN,0.00002149,0.51863206
1996,25,ZWE,0.00001494,0.12730469
1996,25,CHN,0.00000930,0.07420295
1996,25,USA,0.00000875,0.02758502
1996,25,Other,0.00004586,0.35138784
1996,26,COD,0.00000851,0.00172599
1996,26,CHL,0.00000548,0.00592217
1996,26,USA,0.00000507,0.00567755
1996,26,NLD,0.00000418,0.00057899
1996,26,AUS,0.00000312,0.00955764
1996,26,Other,0.00001215,0.17219053
1996,27,IRN,0.00120474,0.00000000
1996,27,KWT,0.00038327,0.00000000
1996,27,USA,0.00021022,1.61740612
1996,27,SAU,0.00018956,0.33861835
1996,27,GBR,0.00012050,0.64483592
1996,27,Other,0.00048974,1.36535899
1996,28,AUS,0.00021277,1.10170627
1996,28,USA,0.00004561,0.19709830
1996,28,DEU,0.00004448,0.04050375
1996,28,GBR,0.00002864,0.03864561
1996,28,ISR,0.00001956,0.04867543
1996,28,Other,0.00014086,0.32274536
1996,29,USA,0.00016930,0.12798478
1996,29,DEU,0.00012573,0.05406900
1996,29,GBR,0.00010031,0.07003161
1996,29,CHE,0.00005828,0.00777930
1996,29,NLD,0.00005615,0.05950857
1996,29,Other,0.00039990,0.20900176
1996,30,GBR,0.00008934,0.00324563
1996,30,CHE,0.00008582,0.00035770
1996,30,DEU,0.00008287,0.00086934
1996,30,USA,0.00004951,0.00193750
1996,30,FRA,0.00003882,0.00048671
1996,30,Other,0.00021242,0.03155012
1996,31,DEU,0.00002690,0.19836903
1996,31,ISR,0.00002510,0.22987313
1996,31,NLD,0.00001251,0.06805314
1996,31,SAU,0.00001137,0.05496800
1996,31,RUS,0.00000499,0.07927350
1996,31,Other,0.00002352,0.13382712
1996,32,DEU,0.00005922,0.00767987
1996,32,GBR,0.00003793,0.00590190
1996,32,CHE,0.00002150,0.00211220
1996,32,USA,0.00001956,0.00398883
1996,32,NLD,0.00001011,0.00185390
1996,32,Other,0.00006672,0.01909070
1996,33,GBR,0.00002389,0.00216724
1996,33,CHE,0.00002278,0.00114014
1996,33,USA,0.00002178,0.00181554
1996,33,FRA,0.00001771,0.00086313
1996,33,DEU,0.00001011,0.00057629
1996,33,Other,0.00002990,0.00368338
1996,34,DEU,0.00002241,0.00972058
1996,34,GBR,0.00001206,0.00577612
1996,34,USA,0.00001106,0.00501619
1996,34,NLD,0.00000464,0.00177912
1996,34,FRA,0.00000443,0.00224911
1996,34,Other,0.00001991,0.01051996
1996,35,USA,0.00001388,0.00725696
1996,35,BEL,0.00000941,0.00506109
1996,35,DEU,0.00000649,0.00300385
1996,35,NZL,0.00000570,0.00107208
1996,35,NLD,0.00000503,0.00354730
1996,35,Other,0.00002456,0.00911795
1996,36,CHN,0.00000370,0.00240865
1996,36,PER,0.00000363,0.00043380
1996,36,USA,0.00000238,0.00039342
1996,36,IND,0.00000216,0.00078043
1996,36,CAN,0.00000201,0.00011365
1996,36,Other,0.00000848,0.00359742
1996,37,JPN,0.00003607,0.00189218
1996,37,DEU,0.00002405,0.00286549
1996,37,GBR,0.00002106,0.00138810
1996,37,BEL,0.00001212,0.00155255
1996,37,USA,0.00001156,0.00234144
1996,37,Other,0.00001669,0.00127276
1996,38,GBR,0.00011698,0.04055286
1996,38,USA,0.00009721,0.03458567
1996,38,DEU,0.00006336,0.02042136
1996,38,FRA,0.00005007,0.01396658
1996,38,NLD,0.00002900,0.01320090
1996,38,Other,0.00012935,0.05784258
1996,39,DEU,0.00017116,0.06337631
1996,39,USA,0.00010203,0.03656917
1996,39,GBR,0.00009003,0.03068912
1996,39,BEL,0.00005751,0.02924703
1996,39,ITA,0.00004700,0.01313964
1996,39,Other,0.00035311,0.20331177
1996,40,JPN,0.00006787,0.02442541
1996,40,DEU,0.00004493,0.00723988
1996,40,FRA,0.00003645,0.01585786
1996,40,USA,0.00003138,0.00661528
1996,40,MYS,0.00002549,0.02332163
1996,40,Other,0.00023656,0.12979465
1996,41,AUS,0.00003362,0.00910518
1996,41,IND,0.00001935,0.00117220
1996,41,ITA,0.00001428,0.00063195
1996,41,IRL,0.00000638,0.00098036
1996,41,BRA,0.00000551,0.00188034
1996,41,Other,0.00004052,0.00639567
1996,42,HKG,0.00001750,0.00986478
1996,42,CHN,0.00001564,0.00817318
1996,42,S19,0.00000389,0.00128164
1996,42,ZWE,0.00000325,0.00082316
1996,42,AUS,0.00000266,0.00004287
1996,42,Other,0.00001539,0.00159264
1996,43,ITA,0.00000033,0.00003119
1996,43,ZMB,0.00000031,0.00000000
1996,43,GBR,0.00000012,0.00001303
1996,43,USA,0.00000012,0.00001671
1996,43,KOR,0.00000012,0.00000400
1996,43,Other,0.00000019,0.00000729
1996,44,USA,0.00002989,0.03130952
1996,44,ZWE,0.00002984,0.20411479
1996,44,MYS,0.00002531,0.05973295
1996,44,SGP,0.00001764,0.07674385
1996,44,FRA,0.00001271,0.05985884
1996,44,Other,0.00007973,0.24569798
1996,45,PRT,0.00001682,0.00090674
1996,45,DEU,0.00000068,0.00002841
1996,45,ESP,0.00000054,0.00003084
1996,45,FRA,0.00000040,0.00002941
1996,45,GBR,0.00000038,0.00013354
1996,45,Other,0.00000066,0.00006661
1996,46,CHN,0.00000121,0.00050665
1996,46,HKG,0.00000102,0.00040713
1996,46,S19,0.00000040,0.00008063
1996,46,PHL,0.00000017,0.00004264
1996,46,IND,0.00000010,0.00006834
1996,46,Other,0.00000033,0.00011637
1996,47,CAN,0.00002173,0.04382880
1996,47,USA,0.00001314,0.03241325
1996,47,CHL,0.00000911,0.02303928
1996,47,ARG,0.00000738,0.02256324
1996,47,AUT,0.00000536,0.01265506
1996,47,Other,0.00000759,0.02563560
1996,48,USA,0.00010048,0.09707444
1996,48,DEU,0.00008331,0.03743196
1996,48,GBR,0.00006619,0.03399808
1996,48,FIN,0.00004379,0.04478503
1996,48,FRA,0.00002203,0.01040460
1996,48,Other,0.00015041,0.12654329
1996,49,GBR,0.00008215,0.00883150
1996,49,USA,0.00005158,0.00477734
1996,49,DEU,0.00000681,0.00072953
1996,49,SGP,0.00000557,0.00130928
1996,49,AUS,0.00000442,0.00069526
1996,49,Other,0.00003096,0.00432841
1996,50,DEU,0.00001950,0.00167560
1996,50,NLD,0.00000277,0.00058532
1996,50,AUS,0.00000244,0.00013141
1996,50,GBR,0.00000244,0.00066023
1996,50,USA,0.00000231,0.00055215
1996,50,Other,0.00001049,0.00161809
1996,51,ITA,0.00000786,0.00076739
1996,51,GBR,0.00000698,0.00243662
1996,51,AUS,0.00000352,0.00139374
1996,51,USA,0.00000312,0.00080799
1996,51,DEU,0.00000134,0.00016419
1996,51,Other,0.00000683,0.00317428
1996,52,ZWE,0.00002066,0.00872041
1996,52,IND,0.00001616,0.00507920
1996,52,USA,0.00001242,0.00201873
1996,52,CHN,0.00001131,0.00152464
1996,52,MLI,0.00001093,0.00547689
1996,52,Other,0.00010239,0.03848993
1996,53,HKG,0.00001734,0.00225918
1996,53,CHN,0.00000697,0.00102388
1996,53,S19,0.00000409,0.00058632
1996,53,BGD,0.00000350,0.00393519
1996,53,IND,0.00000228,0.00129238
1996,53,Other,0.00001139,0.00687535
1996,54,KOR,0.00003788,0.00487148
1996,54,S19,0.00002406,0.00568635
1996,54,DEU,0.00002365,0.00425362
1996,54,ITA,0.00000920,0.00096065
1996,54,NLD,0.00000899,0.00114805
1996,54,Other,0.00005170,0.01174335
1996,55,S19,0.00004075,0.00850749
1996,55,DEU,0.00002022,0.00802255
1996,55,THA,0.00001439,0.00126367
1996,55,GBR,0.00001416,0.00522555
1996,55,KOR,0.00001222,0.00319685
1996,55,Other,0.00010156,0.02999099
1996,56,DEU,0.00000771,0.00081230
1996,56,CHN,0.00000560,0.00138563
1996,56,GBR,0.00000388,0.00072065
1996,56,ITA,0.00000281,0.00059534
1996,56,S19,0.00000246,0.00060596
1996,56,Other,0.00002041,0.00384420
1996,57,BEL,0.00000387,0.00209181
1996,57,USA,0.00000348,0.00080393
1996,57,IND,0.00000282,0.00231494
1996,57,GBR,0.00000206,0.00011780
1996,57,DEU,0.00000108,0.00006742
1996,57,Other,0.00000863,0.00136041
1996,58,HKG,0.00001139,0.00146633
1996,58,CHN,0.00001072,0.00146503
1996,58,S19,0.00000702,0.00057416
1996,58,ITA,0.00000341,0.00014604
1996,58,TUR,0.00000276,0.00019807
1996,58,Other,0.00001925,0.00158117
1996,59,DEU,0.00001264,0.00052536
1996,59,S19,0.00001226,0.00272679
1996,59,USA,0.00001101,0.00096700
1996,59,GBR,0.00001063,0.00072280
1996,59,ITA,0.00000611,0.00059908
1996,59,Other,0.00003630,0.00564264
1996,60,S19,0.00002365,0.00490985
1996,60,NLD,0.00000641,0.02574510
1996,60,ITA,0.00000516,0.00035226
1996,60,GBR,0.00000494,0.00043081
1996,60,USA,0.00000474,0.00047848
1996,60,Other,0.00002645,0.00666312
1996,61,CHN,0.00003854,0.00365994
1996,61,MWI,0.00001937,0.00300315
1996,61,HKG,0.00001052,0.00099861
1996,61,ITA,0.00000779,0.00024081
1996,61,ZWE,0.00000502,0.00039832
1996,61,Other,0.00002588,0.00256492
1996,62,CHN,0.00003578,0.00330345
1996,62,IND,0.00002074,0.00180268
1996,62,HKG,0.00001273,0.00111473
1996,62,MWI,0.00001203,0.00248456
1996,62,ITA,0.00000618,0.00011416
1996,62,Other,0.00003610,0.00352884
1996,63,CHN,0.00002090,0.00300577
1996,63,TUR,0.00000735,0.00296976
1996,63,IND,0.00000728,0.00308009
1996,63,PAK,0.00000588,0.00097619
1996,63,MWI,0.00000520,0.00110857
1996,63,Other,0.00003401,0.02151046
1996,64,CHN,0.00006633,0.01185056
1996,64,HKG,0.00003709,0.00020085
1996,64,ITA,0.00002026,0.00095159
1996,64,IDN,0.00001570,0.00157626
1996,64,USA,0.00000846,0.00000364
1996,64,Other,0.00005423,0.00261788
1996,65,CHN,0.00000691,0.00125085
1996,65,HKG,0.00000212,0.00067783
1996,65,S19,0.00000116,0.00054156
1996,65,USA,0.00000078,0.00002910
1996,65,ITA,0.00000066,0.00001835
1996,65,Other,0.00000285,0.00069148
1996,66,HKG,0.00000229,0.00102097
1996,66,CHN,0.00000228,0.00142285
1996,66,GBR,0.00000041,0.00012979
1996,66,S19,0.00000035,0.00014080
1996,66,ITA,0.00000030,0.00022011
1996,66,Other,0.00000049,0.00011404
1996,67,HKG,0.00000234,0.00041562
1996,67,CHN,0.00000119,0.00016741
1996,67,KOR,0.00000029,0.00017795
1996,67,USA,0.00000013,0.00000352
1996,67,DEU,0.00000012,0.00000424
1996,67,Other,0.00000047,0.00005960
1996,68,DEU,0.00001383,0.00426250
1996,68,ITA,0.00000895,0.01195141
1996,68,GBR,0.00000881,0.00596948
1996,68,USA,0.00000601,0.00109322
1996,68,FRA,0.00000301,0.00031972
1996,68,Other,0.00002338,0.01767034
1996,69,DEU,0.00003859,0.01766103
1996,69,ITA,0.00003747,0.09183866
1996,69,GBR,0.00001863,0.01279911
1996,69,ESP,0.00001584,0.04074298
1996,69,CHN,0.00001454,0.02674367
1996,69,Other,0.00007316,0.08954130
1996,70,DEU,0.00001809,0.00867794
1996,70,GBR,0.00001600,0.00398221
1996,70,FRA,0.00001338,0.00560565
1996,70,USA,0.00001090,0.00664984
1996,70,CHN,0.00000742,0.00966497
1996,70,Other,0.00007557,0.07919300
1996,71,GBR,0.00017623,0.00059497
1996,71,COD,0.00010048,0.00000000
1996,71,CHE,0.00009948,0.00031297
1996,71,BEL,0.00007377,0.00000575
1996,71,ISR,0.00004489,0.00013910
1996,71,Other,0.00010014,0.07286722
1996,72,DEU,0.00007141,0.08758644
1996,72,GBR,0.00005208,0.06430981
1996,72,FRA,0.00003649,0.04949663
1996,72,JPN,0.00003227,0.02615375
1996,72,BEL,0.00003021,0.03250697
1996,72,Other,0.00016646,0.26893368
1996,73,DEU,0.00007476,0.01881332
1996,73,GBR,0.00005236,0.01820486
1996,73,USA,0.00003369,0.00615150
1996,73,ITA,0.00002663,0.00907351
1996,73,S19,0.00002224,0.01151329
1996,73,Other,0.00018637,0.11133435
1996,74,DEU,0.00001127,0.00122083
1996,74,GBR,0.00000762,0.00088482
1996,74,ZMB,0.00000517,0.00492151
1996,74,ITA,0.00000385,0.00044068
1996,74,USA,0.00000313,0.00035797
1996,74,Other,0.00002366,0.00728706
1996,75,AUS,0.00002461,0.00392341
1996,75,BEL,0.00001264,0.00147592
1996,75,RUS,0.00000547,0.00070897
1996,75,GBR,0.00000337,0.00030222
1996,75,DEU,0.00000199,0.00009629
1996,75,Other,0.00000704,0.00072738
1996,76,AUS,0.00004749,0.02031540
1996,76,DEU,0.00002161,0.00548154
1996,76,GBR,0.00001661,0.00413724
1996,76,USA,0.00001463,0.00230343
1996,76,NLD,0.00000525,0.00091849
1996,76,Other,0.00003940,0.01348877
1996,78,AUS,0.00000526,0.00656178
1996,78,NGA,0.00000088,0.00204187
1996,78,SGP,0.00000057,0.00076086
1996,78,CHE,0.00000044,0.00051950
1996,78,KAZ,0.00000040,0.00042406
1996,78,Other,0.00000160,0.00167250
1996,79,PER,0.00000054,0.00049962
1996,79,DEU,0.00000052,0.00037165
1996,79,BEL,0.00000052,0.00083250
1996,79,GBR,0.00000031,0.00049720
1996,79,COD,0.00000031,0.00031548
1996,79,Other,0.00000160,0.00224415
1996,80,MYS,0.00000849,0.00281476
1996,80,USA,0.00000438,0.00100000
1996,80,TUR,0.00000350,0.00100600
1996,80,SGP,0.00000250,0.00069836
1996,80,THA,0.00000186,0.00031331
1996,80,Other,0.00001600,0.02167482
1996,81,GBR,0.00000515,0.00026007
1996,81,ITA,0.00000350,0.00181056
1996,81,USA,0.00000247,0.00015199
1996,81,CHN,0.00000224,0.00078004
1996,81,DEU,0.00000183,0.00008755
1996,81,Other,0.00001253,0.00465336
1996,82,DEU,0.00002834,0.00156794
1996,82,USA,0.00002524,0.00090918
1996,82,GBR,0.00001791,0.00131498
1996,82,JPN,0.00001645,0.00086122
1996,82,S19,0.00001506,0.00272680
1996,82,Other,0.00007401,0.00992330
1996,83,DEU,0.00001900,0.00230239
1996,83,S19,0.00001388,0.00213977
1996,83,GBR,0.00001142,0.00151908
1996,83,ITA,0.00001083,0.00131854
1996,83,HKG,0.00000869,0.00262013
1996,83,Other,0.00004805,0.00947390
1996,84,DEU,0.00106041,0.07526340
1996,84,USA,0.00098448,0.61982478
1996,84,GBR,0.00078736,0.11979932
1996,84,ITA,0.00044803,0.06266845
1996,84,JPN,0.00042864,0.07275914
1996,84,Other,0.00215091,0.82320441
1996,85,DEU,0.00047538,0.01548791
1996,85,GBR,0.00042233,0.01782810
1996,85,USA,0.00036324,0.01719970
1996,85,JPN,0.00019768,0.00789453
1996,85,SWE,0.00016218,0.00141205
1996,85,Other,0.00137594,0.14781234
1996,86,USA,0.00000756,0.00629663
1996,86,GBR,0.00000412,0.00432184
1996,86,DEU,0.00000388,0.00128563
1996,86,SWE,0.00000256,0.00031008
1996,86,HUN,0.00000182,0.00021879
1996,86,Other,0.00000694,0.00560539
1996,87,DEU,0.00035883,0.03161101
1996,87,JPN,0.00029792,0.05015020
1996,87,USA,0.00019380,0.08307431
1996,87,GBR,0.00018150,0.03126557
1996,87,KOR,0.00017852,0.03010906
1996,87,Other,0.00061283,0.19644155
1996,88,USA,0.00017142,0.00078089
1996,88,CHE,0.00005710,0.00011980
1996,88,CAN,0.00002397,0.00010477
1996,88,GBR,0.00001331,0.00008586
1996,88,FRA,0.00001010,0.00004076
1996,88,Other,0.00003834,0.00077663
1996,89,KOR,0.00004300,0.08200052
1996,89,PAN,0.00001890,0.00000000
1996,89,ESP,0.00001508,0.00204360
1996,89,RUS,0.00000976,0.00000000
1996,89,USA,0.00000556,0.00403794
1996,89,Other,0.00002712,0.04989832
1996,90,USA,0.00023141,0.05004370
1996,90,DEU,0.00017170,0.00316272
1996,90,GBR,0.00014493,0.00396417
1996,90,JPN,0.00012246,0.00331924
1996,90,NLD,0.00004464,0.00096430
1996,90,Other,0.00040437,0.05658271
1996,91,HKG,0.00002031,0.00041274
1996,91,CHE,0.00000851,0.00000390
1996,91,CHN,0.00000356,0.00027846
1996,91,DEU,0.00000318,0.00011315
1996,91,JPN,0.00000298,0.00002216
1996,91,Other,0.00001872,0.00345935
1996,92,JPN,0.00000256,0.00007776
1996,92,USA,0.00000149,0.00005516
1996,92,CHN,0.00000122,0.00054523
1996,92,S19,0.00000101,0.00013191
1996,92,KOR,0.00000082,0.00003424
1996,92,Other,0.00000365,0.00028154
1996,93,USA,0.00000428,0.00004007
1996,93,CHE,0.00000275,0.00001676
1996,93,CZE,0.00000213,0.00027811
1996,93,BRA,0.00000202,0.00001916
1996,93,DEU,0.00000090,0.00002062
1996,93,Other,0.00000390,0.00015209
1996,94,DEU,0.00002501,0.00350695
1996,94,ITA,0.00001812,0.00255090
1996,94,GBR,0.00001517,0.00327292
1996,94,ZWE,0.00001065,0.00411413
1996,94,S19,0.00000920,0.00379867
1996,94,Other,0.00005791,0.01519605
1996,95,CHN,0.00003002,0.01146620
1996,95,USA,0.00002507,0.00728809
1996,95,HKG,0.00002083,0.00740100
1996,95,S19,0.00001708,0.00673777
1996,95,GBR,0.00001056,0.00185490
1996,95,Other,0.00004109,0.00886313
1996,96,GBR,0.00001028,0.00049177
1996,96,DEU,0.00000998,0.00065072
1996,96,JPN,0.00000829,0.00045488
1996,96,S19,0.00000745,0.00095678
1996,96,USA,0.00000670,0.00053876
1996,96,Other,0.00004013,0.00676120
1996,97,GBR,0.00000767,0.00000000
1996,97,NLD,0.00000315,0.00000000
1996,97,FRA,0.00000161,0.00000000
1996,97,USA,0.00000153,0.00000000
1996,97,ZWE,0.00000098,0.00000000
1996,97,Other,0.00000399,0.00000000
1997,10,USA,0.00009688,0.33447550
1997,10,THA,0.00006515,0.23084240
1997,10,IND,0.00005138,0.20401765
1997,10,ARG,0.00003548,0.34580488
1997,10,AUS,0.00002605,0.12795631
1997,10,Other,0.00007311,0.38182822
1997,11,GBR,0.00001412,0.04195708
1997,11,BEL,0.00000749,0.02716110
1997,11,FRA,0.00000685,0.02120009
1997,11,DEU,0.00000580,0.02005797
1997,11,THA,0.00000405,0.01122110
1997,11,Other,0.00000902,0.02370956
1997,12,USA,0.00001364,0.02578885
1997,12,ZWE,0.00000539,0.04559786
1997,12,ZMB,0.00000498,0.03007048
1997,12,AUS,0.00000294,0.00109806
1997,12,MWI,0.00000226,0.01132175
1997,12,Other,0.00001356,0.01858425
1997,13,DEU,0.00000493,0.00044832
1997,13,IND,0.00000286,0.00194677
1997,13,GBR,0.00000195,0.00020816
1997,13,AUS,0.00000152,0.00003364
1997,13,TUR,0.00000135,0.00002430
1997,13,Other,0.00000707,0.00136673
1997,14,IND,0.00000632,0.00424714
1997,14,SGP,0.00000141,0.00057349
1997,14,HKG,0.00000009,0.00002220
1997,14,MDG,0.00000007,0.00003046
1997,14,MYS,0.00000007,0.00002219
1997,14,Other,0.00000053,0.00052102
1997,15,ARG,0.00013990,0.29137567
1997,15,MYS,0.00013472,0.22625377
1997,15,AUS,0.00001077,0.02468372
1997,15,NLD,0.00000897,0.00694331
1997,15,SDN,0.00000887,0.01429390
1997,15,Other,0.00004361,0.05571532
1997,16,PHL,0.00001731,0.00608168
1997,16,THA,0.00001031,0.00614793
1997,16,PER,0.00000793,0.00823230
1997,16,MAR,0.00000216,0.00119431
1997,16,GBR,0.00000186,0.00035241
1997,16,Other,0.00001202,0.00578296
1997,17,USA,0.00000325,0.00417880
1997,17,GBR,0.00000272,0.00100472
1997,17,BRA,0.00000271,0.02443275
1997,17,NLD,0.00000180,0.00139631
1997,17,ESP,0.00000150,0.00071598
1997,17,Other,0.00001109,0.02605328
1997,18,CIV,0.00001610,0.00814288
1997,18,MYS,0.00000723,0.00194274
1997,18,GBR,0.00000614,0.00220078
1997,18,BEL,0.00000198,0.00073134
1997,18,FRA,0.00000142,0.00018956
1997,18,Other,0.00000675,0.00298980
1997,19,GBR,0.00000693,0.00586165
1997,19,ITA,0.00000540,0.00648663
1997,19,USA,0.00000291,0.00157967
1997,19,MYS,0.00000213,0.00161798
1997,19,AUS,0.00000153,0.00057515
1997,19,Other,0.00000906,0.00805700
1997,20,AUS,0.00003976,0.05278256
1997,20,USA,0.00003425,0.05714147
1997,20,IRL,0.00002016,0.02453452
1997,20,ARG,0.00001418,0.01602970
1997,20,FRA,0.00001284,0.01059953
1997,20,Other,0.00008681,0.09360008
1997,21,USA,0.00001371,0.00227155
1997,21,GBR,0.00000955,0.00211164
1997,21,DEU,0.00000517,0.00122005
1997,21,NLD,0.00000437,0.00196823
1997,21,FRA,0.00000281,0.00064765
1997,21,Other,0.00001978,0.00926320
1997,22,GBR,0.00009117,0.02295111
1997,22,FRA,0.00001796,0.00874979
1997,22,ITA,0.00001217,0.01812016
1997,22,ARG,0.00000590,0.01274678
1997,22,USA,0.00000508,0.00460736
1997,22,Other,0.00003467,0.02805855
1997,23,ARG,0.00006598,0.30000975
1997,23,CHL,0.00002950,0.05101183
1997,23,USA,0.00002809,0.05987683
1997,23,PER,0.00002256,0.03681437
1997,23,IND,0.00001229,0.03695979
1997,23,Other,0.00005033,0.16065368
1997,24,ZWE,0.00002883,0.00679683
1997,24,MWI,0.00000886,0.00268001
1997,24,USA,0.00000775,0.00087068
1997,24,BRA,0.00000701,0.00210574
1997,24,GBR,0.00000643,0.00173217
1997,24,Other,0.00002173,0.00924307
1997,25,TGO,0.00004385,1.13448563
1997,25,CAN,0.00001798,0.58082500
1997,25,USA,0.00000904,0.04071362
1997,25,ZWE,0.00000894,0.04550495
1997,25,CHN,0.00000893,0.08071463
1997,25,Other,0.00004385,0.32476547
1997,26,CHL,0.00000960,0.04547521
1997,26,AUS,0.00000647,0.00865266
1997,26,RUS,0.00000336,0.00000100
1997,26,GAB,0.00000261,0.01325047
1997,26,GBR,0.00000233,0.00189182
1997,26,Other,0.00001714,0.11104275
1997,27,USA,0.00016714,1.15107807
1997,27,MEX,0.00007566,0.43382957
1997,27,GBR,0.00006694,0.36139026
1997,27,NGA,0.00006559,0.35960938
1997,27,AUS,0.00003822,0.60491381
1997,27,Other,0.00019489,1.33652645
1997,28,AUS,0.00025119,1.24713776
1997,28,USA,0.00004165,0.18716936
1997,28,GBR,0.00003850,0.07213401
1997,28,DEU,0.00003652,0.03906236
1997,28,CHN,0.00002065,0.02337747
1997,28,Other,0.00014824,0.41254505
1997,29,USA,0.00016451,0.16760478
1997,29,DEU,0.00010916,0.05630859
1997,29,CHE,0.00007240,0.06844521
1997,29,GBR,0.00007223,0.03134151
1997,29,NLD,0.00005651,0.06041683
1997,29,Other,0.00036020,0.21112189
1997,30,GBR,0.00010248,0.00178592
1997,30,DEU,0.00009039,0.00107667
1997,30,CHE,0.00005791,0.00037923
1997,30,FRA,0.00005413,0.00078618
1997,30,USA,0.00004773,0.00180594
1997,30,Other,0.00025012,0.04598088
1997,31,DEU,0.00003054,0.24518831
1997,31,ISR,0.00001236,0.04524955
1997,31,QAT,0.00001113,0.07475600
1997,31,NLD,0.00000744,0.06202352
1997,31,RUS,0.00000702,0.04099996
1997,31,Other,0.00002269,0.12755015
1997,32,DEU,0.00006136,0.01031795
1997,32,GBR,0.00003744,0.00593277
1997,32,CHE,0.00002149,0.00250461
1997,32,USA,0.00001794,0.00379772
1997,32,NLD,0.00001307,0.00272139
1997,32,Other,0.00006706,0.01952783
1997,33,GBR,0.00003059,0.00325742
1997,33,USA,0.00002977,0.00301426
1997,33,CHE,0.00001856,0.00112499
1997,33,FRA,0.00001829,0.00106976
1997,33,DEU,0.00000979,0.00072368
1997,33,Other,0.00002613,0.00297274
1997,34,DEU,0.00002223,0.01076439
1997,34,USA,0.00001467,0.00712913
1997,34,GBR,0.00001315,0.00706155
1997,34,FRA,0.00000663,0.00305782
1997,34,ITA,0.00000481,0.00190455
1997,34,Other,0.00002227,0.01132074
1997,35,USA,0.00001590,0.00946043
1997,35,BEL,0.00000928,0.00465774
1997,35,DEU,0.00000596,0.00273550
1997,35,NLD,0.00000590,0.00560276
1997,35,BRA,0.00000587,0.00499159
1997,35,Other,0.00003127,0.01411934
1997,36,USA,0.00000442,0.00061372
1997,36,CHN,0.00000325,0.00174156
1997,36,DEU,0.00000212,0.00008904
1997,36,CAN,0.00000208,0.00008262
1997,36,PER,0.00000131,0.00010002
1997,36,Other,0.00000517,0.00177244
1997,37,JPN,0.00002157,0.00185948
1997,37,DEU,0.00002101,0.00185480
1997,37,GBR,0.00001961,0.00132266
1997,37,USA,0.00001244,0.00250576
1997,37,BEL,0.00001110,0.00132361
1997,37,Other,0.00001933,0.00163700
1997,38,GBR,0.00011131,0.03153608
1997,38,USA,0.00009826,0.03712236
1997,38,DEU,0.00006502,0.02267748
1997,38,FRA,0.00005501,0.01262400
1997,38,NLD,0.00002421,0.01457439
1997,38,Other,0.00012847,0.06951761
1997,39,DEU,0.00016930,0.06559979
1997,39,USA,0.00011189,0.04218640
1997,39,GBR,0.00009420,0.03031117
1997,39,ITA,0.00005051,0.01573773
1997,39,KOR,0.00004673,0.05106819
1997,39,Other,0.00039537,0.23459111
1997,40,JPN,0.00006846,0.03723868
1997,40,DEU,0.00004164,0.00839679
1997,40,GBR,0.00004101,0.01107765
1997,40,USA,0.00002966,0.00709783
1997,40,FRA,0.00002936,0.01372545
1997,40,Other,0.00024824,0.18007918
1997,41,AUS,0.00004048,0.01344554
1997,41,IND,0.00002277,0.00185393
1997,41,IRL,0.00001447,0.00199786
1997,41,ITA,0.00001146,0.00067229
1997,41,BRA,0.00000718,0.00138105
1997,41,Other,0.00004121,0.00834505
1997,42,HKG,0.00003212,0.00701428
1997,42,CHN,0.00002062,0.00827438
1997,42,S19,0.00000370,0.00087654
1997,42,IND,0.00000246,0.00043887
1997,42,ZWE,0.00000226,0.00035367
1997,42,Other,0.00001700,0.00119836
1997,43,TUR,0.00000071,0.00000525
1997,43,MYS,0.00000031,0.00003864
1997,43,FIN,0.00000014,0.00000097
1997,43,USA,0.00000012,0.00000058
1997,43,DEU,0.00000010,0.00000085
1997,43,Other,0.00000045,0.00005714
1997,44,USA,0.00003741,0.05633624
1997,44,MYS,0.00002880,0.12488010
1997,44,FRA,0.00002094,0.01930495
1997,44,ZWE,0.00002079,0.11294552
1997,44,SGP,0.00001316,0.12155623
1997,44,Other,0.00007798,0.38565421
1997,45,PRT,0.00001319,0.00084971
1997,45,PER,0.00000526,0.00012215
1997,45,GBR,0.00000074,0.00013929
1997,45,DEU,0.00000065,0.00002727
1997,45,ITA,0.00000036,0.00003103
1997,45,Other,0.00000100,0.00007324
1997,46,CHN,0.00000118,0.00069242
1997,46,HKG,0.00000102,0.00033324
1997,46,S19,0.00000055,0.00007910
1997,46,IND,0.00000019,0.00011197
1997,46,GBR,0.00000007,0.00001203
1997,46,Other,0.00000044,0.00014782
1997,47,CAN,0.00001385,0.02937172
1997,47,ARG,0.00000707,0.02207184
1997,47,USA,0.00000581,0.01518367
1997,47,FRA,0.00000114,0.00192120
1997,47,GBR,0.00000105,0.00682639
1997,47,Other,0.00000240,0.00447240
1997,48,DEU,0.00009668,0.05814111
1997,48,USA,0.00009515,0.08679162
1997,48,GBR,0.00006725,0.03855482
1997,48,FIN,0.00004664,0.06526135
1997,48,ITA,0.00002238,0.01231059
1997,48,Other,0.00014789,0.12340709
1997,49,GBR,0.00007036,0.00746492
1997,49,USA,0.00004870,0.00515300
1997,49,DEU,0.00000489,0.00062011
1997,49,AUS,0.00000465,0.00066563
1997,49,IRL,0.00000325,0.00012118
1997,49,Other,0.00002806,0.00383086
1997,50,DEU,0.00001879,0.00179217
1997,50,AUS,0.00000343,0.00033004
1997,50,GBR,0.00000290,0.00091869
1997,50,DNK,0.00000277,0.00039437
1997,50,NLD,0.00000225,0.00053157
1997,50,Other,0.00001232,0.00231548
1997,51,AUS,0.00001048,0.00234617
1997,51,ITA,0.00000646,0.00059036
1997,51,GBR,0.00000605,0.00262602
1997,51,USA,0.00000391,0.00156071
1997,51,CHN,0.00000192,0.00021777
1997,51,Other,0.00000805,0.00336132
1997,52,ZWE,0.00003419,0.01889576
1997,52,IND,0.00002148,0.00461673
1997,52,ZMB,0.00001482,0.01042354
1997,52,MWI,0.00000907,0.00781524
1997,52,USA,0.00000902,0.00138126
1997,52,Other,0.00007875,0.02119167
1997,53,HKG,0.00000947,0.00136172
1997,53,CHN,0.00000518,0.00073847
1997,53,THA,0.00000202,0.00075486
1997,53,IND,0.00000198,0.00205931
1997,53,BGD,0.00000179,0.00196165
1997,53,Other,0.00000968,0.00799781
1997,54,KOR,0.00007120,0.00787204
1997,54,S19,0.00002895,0.00622011
1997,54,DEU,0.00001774,0.00650096
1997,54,IDN,0.00001179,0.00254210
1997,54,ITA,0.00000917,0.00135160
1997,54,Other,0.00004963,0.00788190
1997,55,S19,0.00005315,0.01106267
1997,55,DEU,0.00002716,0.00916586
1997,55,GBR,0.00001458,0.00551061
1997,55,CHN,0.00001254,0.00221743
1997,55,IND,0.00001208,0.00291505
1997,55,Other,0.00010683,0.03257111
1997,56,DEU,0.00000696,0.00101883
1997,56,CHN,0.00000556,0.00170516
1997,56,ITA,0.00000314,0.00083414
1997,56,GBR,0.00000301,0.00058080
1997,56,S19,0.00000298,0.00070965
1997,56,Other,0.00001760,0.00360127
1997,57,BEL,0.00000496,0.00009104
1997,57,USA,0.00000463,0.00121183
1997,57,IND,0.00000333,0.00259059
1997,57,GBR,0.00000162,0.00017329
1997,57,CHE,0.00000112,0.00007848
1997,57,Other,0.00000782,0.00104696
1997,58,HKG,0.00001194,0.00154302
1997,58,CHN,0.00001080,0.00157890
1997,58,S19,0.00000578,0.00051491
1997,58,ITA,0.00000387,0.00024930
1997,58,TUR,0.00000361,0.00066087
1997,58,Other,0.00001720,0.00138100
1997,59,S19,0.00001866,0.00331075
1997,59,DEU,0.00001363,0.00051278
1997,59,USA,0.00001147,0.00113975
1997,59,GBR,0.00000979,0.00070977
1997,59,ITA,0.00000559,0.00053166
1997,59,Other,0.00003195,0.00365824
1997,60,S19,0.00002572,0.00499208
1997,60,SGP,0.00000899,0.00168194
1997,60,KOR,0.00000528,0.00039667
1997,60,USA,0.00000518,0.00041044
1997,60,NLD,0.00000514,0.02702845
1997,60,Other,0.00002679,0.00692005
1997,61,CHN,0.00003413,0.00409852
1997,61,MWI,0.00002282,0.00282369
1997,61,HKG,0.00000951,0.00092971
1997,61,ITA,0.00000723,0.00023592
1997,61,S19,0.00000576,0.00065351
1997,61,Other,0.00002395,0.00203075
1997,62,CHN,0.00003928,0.00288990
1997,62,IND,0.00002729,0.00267744
1997,62,MWI,0.00001976,0.00257917
1997,62,HKG,0.00000715,0.00082792
1997,62,ITA,0.00000543,0.00010735
1997,62,Other,0.00003194,0.00323751
1997,63,CHN,0.00001092,0.00261031
1997,63,IND,0.00000887,0.00287443
1997,63,MWI,0.00000819,0.00125528
1997,63,TUR,0.00000690,0.00285119
1997,63,NLD,0.00000438,0.00398970
1997,63,Other,0.00003842,0.02032728
1997,64,CHN,0.00007386,0.00029322
1997,64,HKG,0.00002077,0.00035274
1997,64,IDN,0.00001547,0.00037502
1997,64,ITA,0.00001459,0.00091042
1997,64,USA,0.00001122,0.00000793
1997,64,Other,0.00006897,0.00341971
1997,65,CHN,0.00001108,0.00118918
1997,65,HKG,0.00000238,0.00039416
1997,65,S19,0.00000153,0.00013426
1997,65,ITA,0.00000081,0.00001929
1997,65,USA,0.00000078,0.00002226
1997,65,Other,0.00000333,0.00020625
1997,66,CHN,0.00000243,0.00194830
1997,66,HKG,0.00000119,0.00142827
1997,66,GBR,0.00000029,0.00008200
1997,66,ITA,0.00000019,0.00007863
1997,66,DEU,0.00000018,0.00008514
1997,66,Other,0.00000049,0.00007725
1997,67,HKG,0.00000269,0.00047236
1997,67,CHN,0.00000117,0.00015700
1997,67,KOR,0.00000086,0.00032994
1997,67,ITA,0.00000014,0.00000572
1997,67,S19,0.00000011,0.00002522
1997,67,Other,0.00000072,0.00008968
1997,68,DEU,0.00001319,0.00409850
1997,68,USA,0.00000962,0.00260811
1997,68,ITA,0.00000942,0.01391758
1997,68,GBR,0.00000902,0.00530090
1997,68,BRA,0.00000399,0.00257343
1997,68,Other,0.00002666,0.02874902
1997,69,DEU,0.00003996,0.02026271
1997,69,ITA,0.00002985,0.09474090
1997,69,GBR,0.00001930,0.01140783
1997,69,CHN,0.00001724,0.03583542
1997,69,ESP,0.00001455,0.05169657
1997,69,Other,0.00006109,0.08391920
1997,70,GBR,0.00001664,0.00502224
1997,70,DEU,0.00001352,0.00552241
1997,70,FRA,0.00001211,0.00685764
1997,70,IDN,0.00001097,0.01945519
1997,70,CHN,0.00000861,0.01470115
1997,70,Other,0.00007055,0.06469489
1997,71,GBR,0.00020723,0.00567949
1997,71,COD,0.00008563,0.00000000
1997,71,USA,0.00006858,0.00604666
1997,71,THA,0.00005707,0.00021716
1997,71,BEL,0.00004733,0.00003549
1997,71,Other,0.00012654,0.08443047
1997,72,DEU,0.00005530,0.06581767
1997,72,GBR,0.00003427,0.03712513
1997,72,FRA,0.00003071,0.02375867
1997,72,JPN,0.00002847,0.02523097
1997,72,BEL,0.00001968,0.02533824
1997,72,Other,0.00013667,0.27025493
1997,73,DEU,0.00006092,0.02039230
1997,73,GBR,0.00004663,0.01359764
1997,73,USA,0.00003968,0.00734331
1997,73,ITA,0.00002806,0.01171114
1997,73,S19,0.00002559,0.01157032
1997,73,Other,0.00018205,0.12450669
1997,74,DEU,0.00001142,0.00165340
1997,74,GBR,0.00000637,0.00116907
1997,74,ZMB,0.00000631,0.00505996
1997,74,IND,0.00000384,0.00065277
1997,74,USA,0.00000314,0.00034989
1997,74,Other,0.00002487,0.00653637
1997,75,AUS,0.00002132,0.00375450
1997,75,BEL,0.00000911,0.00134024
1997,75,CAN,0.00000756,0.00100999
1997,75,NLD,0.00000721,0.00100662
1997,75,DEU,0.00000303,0.00011354
1997,75,Other,0.00000816,0.00141554
1997,76,AUS,0.00004980,0.02256666
1997,76,DEU,0.00001890,0.00395867
1997,76,GBR,0.00001581,0.00393545
1997,76,USA,0.00000836,0.00281683
1997,76,NLD,0.00000406,0.00067919
1997,76,Other,0.00003616,0.01295132
1997,78,AUS,0.00000890,0.01320643
1997,78,CHN,0.00000171,0.00240660
1997,78,KOR,0.00000161,0.00283980
1997,78,DEU,0.00000095,0.00070673
1997,78,USA,0.00000078,0.00103626
1997,78,Other,0.00000216,0.00566179
1997,79,CHN,0.00000280,0.00168306
1997,79,USA,0.00000192,0.00111726
1997,79,SGP,0.00000154,0.00099580
1997,79,PER,0.00000152,0.00540234
1997,79,GBR,0.00000122,0.00124975
1997,79,Other,0.00000449,0.00542383
1997,80,MYS,0.00000669,0.00213041
1997,80,TUR,0.00000476,0.00104433
1997,80,USA,0.00000449,0.00121630
1997,80,THA,0.00000314,0.00053461
1997,80,SGP,0.00000258,0.00064229
1997,80,Other,0.00001716,0.01372836
1997,81,DEU,0.00000718,0.00028275
1997,81,GBR,0.00000517,0.00038357
1997,81,CAN,0.00000374,0.00016315
1997,81,FRA,0.00000303,0.00040469
1997,81,USA,0.00000275,0.00026023
1997,81,Other,0.00001784,0.00819851
1997,82,USA,0.00003222,0.00128852
1997,82,DEU,0.00002886,0.00123495
1997,82,GBR,0.00002099,0.00124738
1997,82,S19,0.00001929,0.00268664
1997,82,JPN,0.00001070,0.00078130
1997,82,Other,0.00008134,0.01046032
1997,83,DEU,0.00002161,0.00250871
1997,83,S19,0.00001645,0.00216568
1997,83,GBR,0.00001183,0.00151027
1997,83,CHN,0.00001076,0.00370255
1997,83,ITA,0.00001000,0.00165611
1997,83,Other,0.00004675,0.01135215
1997,84,DEU,0.00114982,0.09690526
1997,84,USA,0.00090232,0.11797379
1997,84,GBR,0.00068493,0.08400444
1997,84,JPN,0.00049388,0.05958170
1997,84,ITA,0.00040908,0.06040791
1997,84,Other,0.00217840,0.62212424
1997,85,DEU,0.00061490,0.01759292
1997,85,USA,0.00040775,0.02903289
1997,85,GBR,0.00037955,0.01416836
1997,85,ITA,0.00019782,0.02087963
1997,85,JPN,0.00019474,0.01443413
1997,85,Other,0.00163493,0.21016974
1997,86,USA,0.00000623,0.00278896
1997,86,DEU,0.00000576,0.00158489
1997,86,GBR,0.00000421,0.00627182
1997,86,ARG,0.00000182,0.00017371
1997,86,CHN,0.00000182,0.00009365
1997,86,Other,0.00000441,0.00418600
1997,87,DEU,0.00032808,0.03607307
1997,87,KOR,0.00020283,0.02363843
1997,87,JPN,0.00017259,0.03682690
1997,87,USA,0.00016412,0.01291027
1997,87,GBR,0.00012036,0.02035809
1997,87,Other,0.00051960,0.11310745
1997,88,USA,0.00021351,0.00093555
1997,88,CAN,0.00012144,0.00010760
1997,88,GBR,0.00001576,0.00020221
1997,88,DZA,0.00001468,0.00002899
1997,88,ISR,0.00001297,0.00002157
1997,88,Other,0.00007027,0.00072822
1997,89,LBR,0.00000908,0.00002470
1997,89,USA,0.00000609,0.00412213
1997,89,CYM,0.00000588,0.00009880
1997,89,SGP,0.00000440,0.00014137
1997,89,ESP,0.00000384,0.00096210
1997,89,Other,0.00001409,0.04659896
1997,90,USA,0.00023530,0.03872679
1997,90,DEU,0.00014935,0.00349749
1997,90,GBR,0.00013163,0.00484314
1997,90,JPN,0.00011864,0.00285917
1997,90,NLD,0.00005007,0.00186552
1997,90,Other,0.00040966,0.05781305
1997,91,HKG,0.00002265,0.00002656
1997,91,CHE,0.00000942,0.00000000
1997,91,USA,0.00000368,0.00002567
1997,91,DEU,0.00000320,0.00020683
1997,91,IND,0.00000310,0.00309604
1997,91,Other,0.00001650,0.00074214
1997,92,JPN,0.00000173,0.00007881
1997,92,USA,0.00000134,0.00003984
1997,92,S19,0.00000100,0.00014248
1997,92,CHN,0.00000096,0.00031509
1997,92,KOR,0.00000082,0.00005526
1997,92,Other,0.00000290,0.00036378
1997,93,USA,0.00000443,0.00015945
1997,93,CHE,0.00000422,0.00002874
1997,93,BRA,0.00000154,0.00002543
1997,93,DEU,0.00000071,0.00002485
1997,93,AUT,0.00000071,0.00001350
1997,93,Other,0.00000343,0.00019040
1997,94,DEU,0.00002061,0.00217066
1997,94,ITA,0.00001664,0.00426380
1997,94,CHN,0.00001300,0.00615874
1997,94,GBR,0.00001175,0.00129520
1997,94,USA,0.00001071,0.00127119
1997,94,Other,0.00005487,0.01764059
1997,95,HKG,0.00004475,0.00678549
1997,95,CHN,0.00004205,0.01330564
1997,95,USA,0.00003620,0.01463277
1997,95,S19,0.00002008,0.00726904
1997,95,GBR,0.00001798,0.00204146
1997,95,Other,0.00005005,0.01149205
1997,96,S19,0.00001044,0.00114797
1997,96,DEU,0.00000982,0.00086458
1997,96,GBR,0.00000909,0.00051877
1997,96,JPN,0.00000870,0.00053298
1997,96,CHN,0.00000858,0.00284865
1997,96,Other,0.00004473,0.00509383
1997,97,GBR,0.00000774,0.00000000
1997,97,FRA,0.00000386,0.00000000
1997,97,DEU,0.00000105,0.00000000
1997,97,USA,0.00000103,0.00000000
1997,97,BEL,0.00000079,0.00000000
1997,97,Other,0.00000381,0.00000000
1998,10,THA,0.00007722,0.26169689
1998,10,USA,0.00005436,0.21548400
1998,10,IND,0.00004095,0.22292761
1998,10,CAN,0.00003801,0.26156648
1998,10,AUS,0.00002577,0.13806664
1998,10,Other,0.00006390,0.36256850
1998,11,GBR,0.00001031,0.03324301
1998,11,DEU,0.00000673,0.01778413
1998,11,BEL,0.00000663,0.02456613
1998,11,CAN,0.00000607,0.02227561
1998,11,FRA,0.00000589,0.01848085
1998,11,Other,0.00001516,0.04680618
1998,12,ZWE,0.00000882,0.04916343
1998,12,USA,0.00000535,0.00073797
1998,12,ARG,0.00000354,0.00784918
1998,12,ZMB,0.00000326,0.02956099
1998,12,AUS,0.00000270,0.00135507
1998,12,Other,0.00001399,0.02677785
1998,13,AUS,0.00000570,0.00050392
1998,13,DEU,0.00000407,0.00040977
1998,13,IND,0.00000309,0.00176802
1998,13,GBR,0.00000241,0.00030587
1998,13,FRA,0.00000150,0.00025037
1998,13,Other,0.00000501,0.00091114
1998,14,IND,0.00000499,0.00273173
1998,14,SGP,0.00000075,0.00036427
1998,14,GHA,0.00000010,0.00025000
1998,14,MDG,0.00000006,0.00002653
1998,14,LKA,0.00000006,0.00023790
1998,14,Other,0.00000042,0.00045052
1998,15,MYS,0.00013574,0.19399438
1998,15,ARG,0.00012112,0.19653806
1998,15,AUS,0.00001973,0.04548018
1998,15,USA,0.00001217,0.02079191
1998,15,NLD,0.00000975,0.00900763
1998,15,Other,0.00004408,0.06095157
1998,16,PHL,0.00001588,0.00552202
1998,16,THA,0.00000739,0.00337095
1998,16,PER,0.00000690,0.00453986
1998,16,PRT,0.00000295,0.00087456
1998,16,KOR,0.00000154,0.00028140
1998,16,Other,0.00001051,0.00407971
1998,17,MEX,0.00001193,0.04234018
1998,17,BRA,0.00000403,0.01434428
1998,17,NIC,0.00000329,0.01314325
1998,17,USA,0.00000307,0.00395859
1998,17,GTM,0.00000298,0.01203130
1998,17,Other,0.00001615,0.03789442
1998,18,CIV,0.00001531,0.00756976
1998,18,MYS,0.00000653,0.00157602
1998,18,IRL,0.00000343,0.00109712
1998,18,GBR,0.00000293,0.00083166
1998,18,IDN,0.00000241,0.00042474
1998,18,Other,0.00001291,0.00503260
1998,19,GBR,0.00000621,0.00545484
1998,19,IRL,0.00000567,0.00223761
1998,19,ITA,0.00000476,0.00517295
1998,19,USA,0.00000210,0.00095609
1998,19,AUS,0.00000155,0.00072648
1998,19,Other,0.00001050,0.00870816
1998,20,AUS,0.00003133,0.05450837
1998,20,USA,0.00002689,0.04076207
1998,20,CHN,0.00001415,0.01396894
1998,20,GBR,0.00000742,0.00892985
1998,20,FRA,0.00000680,0.00725700
1998,20,Other,0.00005274,0.06647475
1998,21,USA,0.00001523,0.00417527
1998,21,GBR,0.00000997,0.00221590
1998,21,DEU,0.00000665,0.00134594
1998,21,FRA,0.00000312,0.00077995
1998,21,NLD,0.00000288,0.00097055
1998,21,Other,0.00002291,0.01012765
1998,22,GBR,0.00007718,0.01935718
1998,22,FRA,0.00002151,0.00583732
1998,22,ITA,0.00000783,0.00719850
1998,22,ESP,0.00000701,0.00891681
1998,22,JAM,0.00000512,0.00058131
1998,22,Other,0.00003388,0.02590168
1998,23,ARG,0.00005899,0.36835205
1998,23,USA,0.00002591,0.07539485
1998,23,IND,0.00000683,0.02228631
1998,23,ZWE,0.00000514,0.02580396
1998,23,AUS,0.00000450,0.00842342
1998,23,Other,0.00003280,0.13140518
1998,24,ZWE,0.00002020,0.00602787
1998,24,MWI,0.00001153,0.00412962
1998,24,BRA,0.00000973,0.00326037
1998,24,USA,0.00000883,0.00112346
1998,24,CHN,0.00000857,0.00105219
1998,24,Other,0.00003496,0.01020225
1998,25,TGO,0.00003205,0.79826294
1998,25,CAN,0.00001617,0.54807278
1998,25,CHN,0.00000907,0.07525498
1998,25,USA,0.00000675,0.02605411
1998,25,ZWE,0.00000640,0.03304187
1998,25,Other,0.00003680,0.34694168
1998,26,CHL,0.00000871,0.00473866
1998,26,AUS,0.00000568,0.00825266
1998,26,ZWE,0.00000500,0.00603650
1998,26,GBR,0.00000460,0.00405519
1998,26,BRA,0.00000328,0.08692852
1998,26,Other,0.00001434,0.05243000
1998,27,USA,0.00019586,1.45378272
1998,27,GBR,0.00013699,1.11962247
1998,27,MEX,0.00005462,0.29391619
1998,27,CHN,0.00005227,0.51143865
1998,27,AUS,0.00003928,0.53079265
1998,27,Other,0.00017460,1.32305332
1998,28,AUS,0.00023272,1.27519162
1998,28,USA,0.00004330,0.19564052
1998,28,DEU,0.00004158,0.03939226
1998,28,GBR,0.00003122,0.04603850
1998,28,CHN,0.00002886,0.03356398
1998,28,Other,0.00014773,0.51131435
1998,29,USA,0.00015688,0.19888836
1998,29,DEU,0.00007880,0.03696041
1998,29,GBR,0.00005775,0.05058027
1998,29,CHE,0.00003858,0.02257569
1998,29,NLD,0.00003806,0.04479352
1998,29,Other,0.00031616,0.24143011
1998,30,DEU,0.00009471,0.00106660
1998,30,GBR,0.00009323,0.00203758
1998,30,CHE,0.00007041,0.00038365
1998,30,FRA,0.00005943,0.00108572
1998,30,USA,0.00005857,0.00117634
1998,30,Other,0.00023401,0.04911398
1998,31,DEU,0.00002504,0.18230158
1998,31,ISR,0.00002044,0.08500871
1998,31,QAT,0.00000945,0.06648600
1998,31,BLR,0.00000926,0.09699400
1998,31,LVA,0.00000677,0.06250052
1998,31,Other,0.00002652,0.16283143
1998,32,DEU,0.00007105,0.01154608
1998,32,GBR,0.00003451,0.00692362
1998,32,USA,0.00001958,0.00416855
1998,32,CHE,0.00001710,0.00185439
1998,32,NLD,0.00001287,0.00382229
1998,32,Other,0.00007017,0.02267062
1998,33,USA,0.00003485,0.00319194
1998,33,GBR,0.00002682,0.00333884
1998,33,FRA,0.00001888,0.00101355
1998,33,CHE,0.00001838,0.00118136
1998,33,DEU,0.00001322,0.00131449
1998,33,Other,0.00002581,0.00301175
1998,34,DEU,0.00002139,0.01123398
1998,34,USA,0.00001461,0.00591544
1998,34,GBR,0.00001067,0.00455254
1998,34,FRA,0.00000958,0.00398802
1998,34,NLD,0.00000403,0.00143856
1998,34,Other,0.00002582,0.01730583
1998,35,USA,0.00002305,0.01628255
1998,35,BEL,0.00000677,0.00351660
1998,35,NZL,0.00000590,0.00126463
1998,35,DNK,0.00000583,0.00076587
1998,35,DEU,0.00000556,0.00285010
1998,35,Other,0.00002882,0.02170155
1998,36,USA,0.00000599,0.00055289
1998,36,CHN,0.00000254,0.00093680
1998,36,PER,0.00000233,0.00027854
1998,36,DEU,0.00000084,0.00005201
1998,36,HKG,0.00000059,0.00050007
1998,36,Other,0.00000321,0.00082306
1998,37,JPN,0.00002112,0.00161965
1998,37,DEU,0.00001983,0.00244122
1998,37,GBR,0.00001629,0.00113498
1998,37,USA,0.00001228,0.01740866
1998,37,BEL,0.00001008,0.00191024
1998,37,Other,0.00001499,0.00191280
1998,38,USA,0.00009571,0.02862345
1998,38,GBR,0.00009188,0.02747071
1998,38,DEU,0.00007330,0.02558662
1998,38,FRA,0.00004068,0.01316144
1998,38,NLD,0.00002663,0.01708456
1998,38,Other,0.00012569,0.06950737
1998,39,DEU,0.00014817,0.11655850
1998,39,USA,0.00010215,0.04018722
1998,39,GBR,0.00007716,0.02737430
1998,39,KOR,0.00005105,0.07052773
1998,39,ITA,0.00004655,0.01429485
1998,39,Other,0.00035794,0.21931099
1998,40,JPN,0.00006675,0.02857179
1998,40,DEU,0.00003373,0.00696531
1998,40,USA,0.00002778,0.00483418
1998,40,GBR,0.00002772,0.00646466
1998,40,FRA,0.00002498,0.00984849
1998,40,Other,0.00019083,0.12735479
1998,41,AUS,0.00002720,0.01549699
1998,41,IND,0.00001837,0.00159735
1998,41,ITA,0.00001251,0.00082991
1998,41,IRL,0.00001163,0.00206473
1998,41,GBR,0.00000644,0.00090428
1998,41,Other,0.00003780,0.00880658
1998,42,HKG,0.00002400,0.00455681
1998,42,CHN,0.00002096,0.00785492
1998,42,S19,0.00000252,0.00079133
1998,42,IND,0.00000249,0.00047065
1998,42,ITA,0.00000246,0.00007750
1998,42,Other,0.00001326,0.00158983
1998,43,NLD,0.00000019,0.00000417
1998,43,USA,0.00000010,0.00000069
1998,43,IND,0.00000007,0.00001030
1998,43,ZMB,0.00000005,0.00002876
1998,43,ITA,0.00000004,0.00000158
1998,43,Other,0.00000019,0.00001812
1998,44,MYS,0.00003021,0.07770335
1998,44,USA,0.00002785,0.05000125
1998,44,FRA,0.00001649,0.00297198
1998,44,ZWE,0.00001238,0.12257842
1998,44,BRA,0.00000886,0.00755548
1998,44,Other,0.00005803,0.29386027
1998,45,PRT,0.00001081,0.00084642
1998,45,PER,0.00000562,0.00015601
1998,45,ESP,0.00000103,0.00005147
1998,45,FRA,0.00000067,0.00002039
1998,45,DEU,0.00000066,0.00002210
1998,45,Other,0.00000102,0.00022717
1998,46,CHN,0.00000185,0.00060698
1998,46,S19,0.00000078,0.00012406
1998,46,HKG,0.00000056,0.00020175
1998,46,PHL,0.00000019,0.00004971
1998,46,SGP,0.00000018,0.00008246
1998,46,Other,0.00000052,0.00017050
1998,47,CAN,0.00001234,0.02701056
1998,47,ARG,0.00000710,0.01791381
1998,47,USA,0.00000552,0.01462002
1998,47,CHL,0.00000500,0.01414633
1998,47,GBR,0.00000262,0.00648740
1998,47,Other,0.00000470,0.01037996
1998,48,DEU,0.00009225,0.04465432
1998,48,USA,0.00007794,0.06639759
1998,48,GBR,0.00006144,0.03436540
1998,48,FIN,0.00004416,0.06140455
1998,48,CHN,0.00002201,0.02261941
1998,48,Other,0.00014368,0.11443924
1998,49,GBR,0.00006771,0.00769048
1998,49,USA,0.00004156,0.00458575
1998,49,DEU,0.00000616,0.00067629
1998,49,IRL,0.00000388,0.00014902
1998,49,AUS,0.00000372,0.00055035
1998,49,Other,0.00002515,0.00407026
1998,50,DEU,0.00001451,0.00148621
1998,50,DNK,0.00000321,0.00050542
1998,50,AUS,0.00000190,0.00016855
1998,50,NLD,0.00000175,0.00032411
1998,50,GBR,0.00000159,0.00037587
1998,50,Other,0.00001254,0.00210557
1998,51,GBR,0.00000650,0.00301700
1998,51,USA,0.00000636,0.00148944
1998,51,CHN,0.00000441,0.00088460
1998,51,ITA,0.00000426,0.00038117
1998,51,AUS,0.00000243,0.00138813
1998,51,Other,0.00000565,0.00242468
1998,52,ZWE,0.00004106,0.02417150
1998,52,IND,0.00001945,0.00352906
1998,52,ZMB,0.00001582,0.01023595
1998,52,USA,0.00000867,0.00136962
1998,52,CHN,0.00000776,0.00121508
1998,52,Other,0.00006977,0.02407881
1998,53,CHN,0.00000250,0.00063974
1998,53,HKG,0.00000197,0.00057273
1998,53,BGD,0.00000177,0.00197917
1998,53,IND,0.00000122,0.00143991
1998,53,S19,0.00000088,0.00018694
1998,53,Other,0.00000643,0.00590025
1998,54,KOR,0.00007956,0.01005452
1998,54,S19,0.00002758,0.00649302
1998,54,IDN,0.00001992,0.00406745
1998,54,DEU,0.00001753,0.00222289
1998,54,ITA,0.00000982,0.00120076
1998,54,Other,0.00005434,0.00928336
1998,55,S19,0.00004190,0.01019617
1998,55,DEU,0.00002329,0.01047084
1998,55,JPN,0.00001437,0.00704822
1998,55,CHN,0.00001215,0.00312888
1998,55,IND,0.00000964,0.00237325
1998,55,Other,0.00007831,0.02890496
1998,56,DEU,0.00000847,0.00113022
1998,56,GBR,0.00000368,0.00053003
1998,56,CHN,0.00000362,0.00161468
1998,56,ITA,0.00000293,0.00063576
1998,56,S19,0.00000231,0.00076925
1998,56,Other,0.00001771,0.00362039
1998,57,BEL,0.00000530,0.00055978
1998,57,IRN,0.00000370,0.00019194
1998,57,IND,0.00000249,0.00171081
1998,57,USA,0.00000126,0.00037672
1998,57,DEU,0.00000115,0.00008362
1998,57,Other,0.00000679,0.00911171
1998,58,HKG,0.00000750,0.00113767
1998,58,TUR,0.00000710,0.00131736
1998,58,CHN,0.00000649,0.00121368
1998,58,S19,0.00000596,0.00049861
1998,58,KOR,0.00000275,0.00015784
1998,58,Other,0.00001349,0.00096773
1998,59,DEU,0.00000957,0.00044311
1998,59,S19,0.00000860,0.00227906
1998,59,USA,0.00000813,0.00074290
1998,59,GBR,0.00000693,0.00046523
1998,59,ITA,0.00000487,0.00044726
1998,59,Other,0.00003342,0.00394013
1998,60,S19,0.00004414,0.00526906
1998,60,NLD,0.00000531,0.03175583
1998,60,ITA,0.00000449,0.00017969
1998,60,USA,0.00000437,0.00035835
1998,60,KOR,0.00000408,0.00033570
1998,60,Other,0.00002407,0.00586490
1998,61,CHN,0.00004130,0.00467329
1998,61,MWI,0.00001649,0.00257557
1998,61,HKG,0.00001002,0.00115982
1998,61,S19,0.00000510,0.00058216
1998,61,ITA,0.00000447,0.00016404
1998,61,Other,0.00002305,0.00285532
1998,62,CHN,0.00002987,0.00520406
1998,62,IND,0.00002826,0.00334401
1998,62,MWI,0.00002600,0.00301481
1998,62,HKG,0.00001214,0.00148854
1998,62,ITA,0.00000469,0.00009922
1998,62,Other,0.00003482,0.00478837
1998,63,CHN,0.00002010,0.00334535
1998,63,MWI,0.00001390,0.00260962
1998,63,IND,0.00001376,0.00357462
1998,63,TUR,0.00000589,0.00274015
1998,63,USA,0.00000502,0.00620308
1998,63,Other,0.00003105,0.01666909
1998,64,CHN,0.00004651,0.00136359
1998,64,IDN,0.00002444,0.00066822
1998,64,ITA,0.00001675,0.00111925
1998,64,THA,0.00001427,0.00001088
1998,64,IND,0.00000854,0.00005631
1998,64,Other,0.00007090,0.00388775
1998,65,CHN,0.00000667,0.00106499
1998,65,S19,0.00000150,0.00010593
1998,65,HKG,0.00000106,0.00019116
1998,65,GBR,0.00000105,0.00008626
1998,65,ITA,0.00000078,0.00003818
1998,65,Other,0.00000341,0.00021718
1998,66,CHN,0.00000404,0.00235890
1998,66,HKG,0.00000264,0.00128593
1998,66,GBR,0.00000041,0.00010436
1998,66,ITA,0.00000031,0.00010888
1998,66,DEU,0.00000005,0.00002080
1998,66,Other,0.00000017,0.00004308
1998,67,HKG,0.00000290,0.00035565
1998,67,CHN,0.00000161,0.00043056
1998,67,KOR,0.00000050,0.00014213
1998,67,ITA,0.00000009,0.00000050
1998,67,GBR,0.00000007,0.00000614
1998,67,Other,0.00000047,0.00007221
1998,68,DEU,0.00001624,0.00586281
1998,68,USA,0.00000932,0.00192392
1998,68,ITA,0.00000923,0.01230677
1998,68,GBR,0.00000866,0.00703570
1998,68,FRA,0.00000283,0.00053179
1998,68,Other,0.00002328,0.02390488
1998,69,DEU,0.00003961,0.02154242
1998,69,ITA,0.00002984,0.08460158
1998,69,JPN,0.00002412,0.01124923
1998,69,GBR,0.00001860,0.01151878
1998,69,ESP,0.00001492,0.04931375
1998,69,Other,0.00007379,0.08723944
1998,70,DEU,0.00001483,0.00409700
1998,70,FRA,0.00001221,0.00704984
1998,70,GBR,0.00001083,0.00264325
1998,70,IDN,0.00000799,0.01536699
1998,70,ITA,0.00000748,0.00249953
1998,70,Other,0.00007438,0.08899227
1998,71,MLI,0.00017889,0.00068117
1998,71,GBR,0.00013274,0.00365585
1998,71,KOR,0.00011928,0.00006464
1998,71,CHE,0.00008670,0.00104850
1998,71,BEL,0.00007075,0.00218645
1998,71,Other,0.00025912,0.07005240
1998,72,DEU,0.00004356,0.05047804
1998,72,JPN,0.00003596,0.05444277
1998,72,GBR,0.00002564,0.01798273
1998,72,FRA,0.00002531,0.03359072
1998,72,BEL,0.00002162,0.02088530
1998,72,Other,0.00019071,0.36392575
1998,73,DEU,0.00004892,0.01516944
1998,73,GBR,0.00003408,0.01828748
1998,73,CHN,0.00003406,0.03016390
1998,73,USA,0.00003341,0.00572659
1998,73,ITA,0.00002232,0.00879163
1998,73,Other,0.00017236,0.12577670
1998,74,ZMB,0.00001238,0.00847388
1998,74,GBR,0.00001000,0.00387925
1998,74,DEU,0.00000760,0.00138358
1998,74,ITA,0.00000272,0.00033626
1998,74,USA,0.00000240,0.00021603
1998,74,Other,0.00002155,0.00694849
1998,75,DEU,0.00001273,0.00282911
1998,75,BRA,0.00000762,0.00170007
1998,75,CHN,0.00000630,0.00130675
1998,75,AUS,0.00000443,0.00090227
1998,75,GBR,0.00000195,0.00007947
1998,75,Other,0.00000418,0.00081269
1998,76,AUS,0.00004880,0.02347679
1998,76,GBR,0.00001612,0.00418535
1998,76,DEU,0.00001425,0.00260975
1998,76,IND,0.00001273,0.00589697
1998,76,USA,0.00000711,0.00126959
1998,76,Other,0.00004861,0.01813587
1998,78,AUS,0.00000707,0.01270070
1998,78,KOR,0.00000104,0.00213382
1998,78,NGA,0.00000078,0.00407506
1998,78,USA,0.00000065,0.00116883
1998,78,GBR,0.00000058,0.00260649
1998,78,Other,0.00000096,0.00203688
1998,79,COD,0.00000147,0.00207406
1998,79,THA,0.00000031,0.00084331
1998,79,S19,0.00000026,0.00008407
1998,79,MYS,0.00000023,0.00028433
1998,79,KEN,0.00000021,0.00054602
1998,79,Other,0.00000156,0.00152985
1998,80,MYS,0.00000811,0.00229365
1998,80,USA,0.00000375,0.00093687
1998,80,TUR,0.00000356,0.00075415
1998,80,GBR,0.00000191,0.00045424
1998,80,MOZ,0.00000180,0.00053149
1998,80,Other,0.00001399,0.01166771
1998,81,GBR,0.00000579,0.00026280
1998,81,DEU,0.00000463,0.00013501
1998,81,FRA,0.00000282,0.00020629
1998,81,USA,0.00000238,0.00022241
1998,81,CHN,0.00000209,0.00107597
1998,81,Other,0.00001517,0.00652788
1998,82,DEU,0.00004944,0.00303444
1998,82,USA,0.00002879,0.00110879
1998,82,S19,0.00001704,0.00254640
1998,82,GBR,0.00001674,0.00089863
1998,82,CHN,0.00001201,0.00417980
1998,82,Other,0.00009663,0.00817157
1998,83,DEU,0.00002406,0.00282491
1998,83,S19,0.00001218,0.00190082
1998,83,CHN,0.00001057,0.00396399
1998,83,ITA,0.00000965,0.00142008
1998,83,GBR,0.00000962,0.00153150
1998,83,Other,0.00004299,0.01161213
1998,84,DEU,0.00096270,0.07767235
1998,84,USA,0.00082385,0.09895777
1998,84,GBR,0.00059606,0.06341009
1998,84,JPN,0.00042703,0.07248865
1998,84,ITA,0.00033378,0.05721017
1998,84,Other,0.00230217,0.63887459
1998,85,DEU,0.00063967,0.01729992
1998,85,USA,0.00046204,0.01444231
1998,85,GBR,0.00045204,0.01213497
1998,85,FRA,0.00032857,0.01041661
1998,85,SWE,0.00023535,0.00179584
1998,85,Other,0.00192127,0.20500337
1998,86,USA,0.00001057,0.08528464
1998,86,DEU,0.00000328,0.00119854
1998,86,GBR,0.00000306,0.00501900
1998,86,AUT,0.00000139,0.00006903
1998,86,FRA,0.00000116,0.00016692
1998,86,Other,0.00000451,0.00263864
1998,87,DEU,0.00042724,0.06294272
1998,87,JPN,0.00029985,0.05093441
1998,87,USA,0.00017690,0.01920538
1998,87,GBR,0.00013811,0.01893958
1998,87,ITA,0.00008140,0.01058722
1998,87,Other,0.00045958,0.10387972
1998,88,USA,0.00039706,0.00074730
1998,88,CAN,0.00004786,0.00002275
1998,88,CHE,0.00003021,0.00004131
1998,88,GBR,0.00002119,0.00051873
1998,88,FRA,0.00001787,0.00004563
1998,88,Other,0.00006108,0.00062225
1998,89,USA,0.00000648,0.01209512
1998,89,DNK,0.00000363,0.00095616
1998,89,UKR,0.00000326,0.00000000
1998,89,FIN,0.00000312,0.00002000
1998,89,RUS,0.00000308,0.01118400
1998,89,Other,0.00001426,0.00374081
1998,90,USA,0.00023738,0.01636372
1998,90,DEU,0.00014773,0.00250674
1998,90,JPN,0.00011984,0.00398559
1998,90,GBR,0.00011005,0.00294379
1998,90,FRA,0.00004943,0.00174155
1998,90,Other,0.00038422,0.07164617
1998,91,HKG,0.00002087,0.00003814
1998,91,CHE,0.00001033,0.00000000
1998,91,CHN,0.00000476,0.00013430
1998,91,DEU,0.00000327,0.00011776
1998,91,S19,0.00000324,0.00000113
1998,91,Other,0.00001549,0.00339386
1998,92,JPN,0.00000194,0.00007341
1998,92,USA,0.00000165,0.00005449
1998,92,KOR,0.00000095,0.00006687
1998,92,S19,0.00000095,0.00015077
1998,92,CHN,0.00000089,0.00018744
1998,92,Other,0.00000355,0.00035440
1998,93,USA,0.00000789,0.00003086
1998,93,CHE,0.00000284,0.00001761
1998,93,CZE,0.00000184,0.00007099
1998,93,BRA,0.00000160,0.00003248
1998,93,DEU,0.00000102,0.00002791
1998,93,Other,0.00000361,0.00025158
1998,94,DEU,0.00002202,0.00274895
1998,94,ITA,0.00001625,0.00348413
1998,94,CHN,0.00001512,0.00708065
1998,94,S19,0.00000799,0.00346194
1998,94,USA,0.00000752,0.00092232
1998,94,Other,0.00005470,0.01769715
1998,95,USA,0.00004796,0.00903019
1998,95,CHN,0.00004777,0.01455468
1998,95,HKG,0.00003171,0.00617402
1998,95,S19,0.00002111,0.00657668
1998,95,GBR,0.00001888,0.00112668
1998,95,Other,0.00006452,0.00957149
1998,96,DEU,0.00000932,0.00072325
1998,96,GBR,0.00000879,0.00078769
1998,96,CHN,0.00000853,0.00278000
1998,96,JPN,0.00000799,0.00048559
1998,96,S19,0.00000794,0.00150095
1998,96,Other,0.00004345,0.00742613
1998,97,GBR,0.00000975,0.00000000
1998,97,PAK,0.00000131,0.00000000
1998,97,CHN,0.00000082,0.00000000
1998,97,USA,0.00000078,0.00000000
1998,97,FRA,0.00000070,0.00000000
1998,97,Other,0.00000389,0.00000000
1999,10,THA,0.00006733,0.29659696
1999,10,USA,0.00006588,0.51630833
1999,10,AUS,0.00003475,0.24788430
1999,10,IND,0.00003243,0.12892113
1999,10,ARG,0.00002041,0.21900808
1999,10,Other,0.00005116,0.29003841
1999,11,CAN,0.00001102,0.04737908
1999,11,GBR,0.00000674,0.02818771
1999,11,FRA,0.00000429,0.01911488
1999,11,THA,0.00000403,0.01092557
1999,11,BEL,0.00000389,0.01818335
1999,11,Other,0.00001098,0.04277550
1999,12,USA,0.00000601,0.00340887
1999,12,NLD,0.00000389,0.00043897
1999,12,ARG,0.00000374,0.01746285
1999,12,AUS,0.00000345,0.00353759
1999,12,SDN,0.00000227,0.00679086
1999,12,Other,0.00001524,0.04728541
1999,13,AUS,0.00000504,0.00001181
1999,13,DEU,0.00000484,0.00042158
1999,13,IND,0.00000254,0.00121679
1999,13,USA,0.00000174,0.00014902
1999,13,GBR,0.00000139,0.00020373
1999,13,Other,0.00000634,0.00103544
1999,14,SGP,0.00000105,0.00025875
1999,14,IND,0.00000026,0.00023328
1999,14,HKG,0.00000015,0.00008028
1999,14,LKA,0.00000012,0.00038731
1999,14,MDG,0.00000011,0.00004737
1999,14,Other,0.00000055,0.00086487
1999,15,MYS,0.00009580,0.20265520
1999,15,ARG,0.00009303,0.22728245
1999,15,AUS,0.00001223,0.03427548
1999,15,USA,0.00001096,0.01741147
1999,15,IDN,0.00000925,0.03857709
1999,15,Other,0.00005006,0.06449374
1999,16,PHL,0.00001198,0.00472234
1999,16,THA,0.00000500,0.00263849
1999,16,PRT,0.00000208,0.00070093
1999,16,CAN,0.00000107,0.00033621
1999,16,KOR,0.00000081,0.00013280
1999,16,Other,0.00000784,0.00346052
1999,17,BRA,0.00000567,0.02552696
1999,17,USA,0.00000250,0.00251898
1999,17,NLD,0.00000173,0.00271802
1999,17,ZMB,0.00000101,0.00793153
1999,17,GBR,0.00000096,0.00061716
1999,17,Other,0.00001029,0.03483154
1999,18,CIV,0.00001228,0.00680054
1999,18,MYS,0.00000324,0.00128794
1999,18,BEL,0.00000221,0.00068363
1999,18,IDN,0.00000183,0.00041672
1999,18,GBR,0.00000161,0.00063789
1999,18,Other,0.00001128,0.00544434
1999,19,GBR,0.00000592,0.00581122
1999,19,ITA,0.00000439,0.00495176
1999,19,IRL,0.00000292,0.00183466
1999,19,ARE,0.00000208,0.00189488
1999,19,DEU,0.00000146,0.00071695
1999,19,Other,0.00001033,0.00860009
1999,20,AUS,0.00002297,0.05411231
1999,20,CHN,0.00001540,0.01563572
1999,20,USA,0.00001529,0.03634801
1999,20,BEL,0.00000915,0.01297816
1999,20,FRA,0.00000909,0.01118944
1999,20,Other,0.00005289,0.09107541
1999,21,USA,0.00001346,0.00314988
1999,21,GBR,0.00000899,0.00172883
1999,21,DEU,0.00000697,0.00153997
1999,21,FRA,0.00000535,0.00102676
1999,21,AUS,0.00000307,0.00151851
1999,21,Other,0.00002435,0.01000214
1999,22,GBR,0.00007261,0.01860316
1999,22,FRA,0.00001266,0.00337538
1999,22,ITA,0.00001167,0.00989260
1999,22,AUT,0.00001114,0.00451732
1999,22,USA,0.00000528,0.00311048
1999,22,Other,0.00002879,0.03029980
1999,23,ARG,0.00005866,0.39508009
1999,23,USA,0.00001241,0.02137903
1999,23,ZWE,0.00000457,0.02738270
1999,23,FRA,0.00000386,0.00133661
1999,23,NLD,0.00000383,0.00491830
1999,23,Other,0.00002852,0.14383153
1999,24,ZWE,0.00004288,0.01319157
1999,24,BRA,0.00000759,0.00325814
1999,24,MWI,0.00000711,0.00275972
1999,24,USA,0.00000700,0.00099210
1999,24,GBR,0.00000422,0.00082786
1999,24,Other,0.00001516,0.00603888
1999,25,TGO,0.00002294,0.55833000
1999,25,CAN,0.00002003,0.60415367
1999,25,ZWE,0.00000764,0.03702754
1999,25,CHN,0.00000751,0.06513425
1999,25,USA,0.00000720,0.02045901
1999,25,Other,0.00003726,0.50448057
1999,26,CHL,0.00001282,0.00918427
1999,26,ZMB,0.00000622,0.01502008
1999,26,GBR,0.00000532,0.00250161
1999,26,ARG,0.00000504,0.01005983
1999,26,BRA,0.00000467,0.30435155
1999,26,Other,0.00002358,0.08832761
1999,27,SAU,0.00095032,8.41232240
1999,27,IRN,0.00068408,6.89600871
1999,27,NGA,0.00019846,1.45878423
1999,27,KWT,0.00016926,2.02090477
1999,27,USA,0.00016037,1.10607895
1999,27,Other,0.00037158,3.87252782
1999,28,AUS,0.00021465,1.26578204
1999,28,USA,0.00004273,0.15185283
1999,28,DEU,0.00003455,0.03404508
1999,28,GBR,0.00002871,0.03390605
1999,28,CHN,0.00002841,0.04110782
1999,28,Other,0.00011818,0.30062877
1999,29,USA,0.00012819,0.16621721
1999,29,DEU,0.00009220,0.05957724
1999,29,GBR,0.00005603,0.04153642
1999,29,NLD,0.00004818,0.05759649
1999,29,BEL,0.00003971,0.03685265
1999,29,Other,0.00035269,0.32076697
1999,30,DEU,0.00011673,0.00750770
1999,30,GBR,0.00008644,0.00152874
1999,30,FRA,0.00006727,0.00100646
1999,30,CHE,0.00006697,0.00037197
1999,30,USA,0.00006219,0.00166297
1999,30,Other,0.00023536,0.02609004
1999,31,DEU,0.00001873,0.14843201
1999,31,RUS,0.00001037,0.09242548
1999,31,LVA,0.00000992,0.06494926
1999,31,ISR,0.00000823,0.06397744
1999,31,QAT,0.00000560,0.08489487
1999,31,Other,0.00003153,0.23758915
1999,32,DEU,0.00006248,0.00985425
1999,32,GBR,0.00003098,0.00676013
1999,32,USA,0.00002132,0.00506474
1999,32,NLD,0.00001743,0.00438649
1999,32,CHE,0.00001608,0.00188276
1999,32,Other,0.00007381,0.02301497
1999,33,USA,0.00003184,0.00267525
1999,33,GBR,0.00002548,0.00272839
1999,33,FRA,0.00002156,0.00259480
1999,33,CHE,0.00001787,0.00121778
1999,33,DEU,0.00001539,0.00166307
1999,33,Other,0.00003062,0.00418470
1999,34,DEU,0.00002101,0.01088882
1999,34,USA,0.00001497,0.00726735
1999,34,GBR,0.00001027,0.00696564
1999,34,FRA,0.00000653,0.00257972
1999,34,NLD,0.00000527,0.00387820
1999,34,Other,0.00002834,0.01474316
1999,35,USA,0.00001734,0.01209692
1999,35,BEL,0.00000853,0.00612191
1999,35,DEU,0.00000620,0.00286454
1999,35,NLD,0.00000610,0.00446828
1999,35,NZL,0.00000504,0.00109017
1999,35,Other,0.00002731,0.02137217
1999,36,USA,0.00000609,0.00037186
1999,36,CHN,0.00000380,0.00263953
1999,36,PER,0.00000345,0.00046911
1999,36,CAN,0.00000114,0.00007181
1999,36,BRA,0.00000086,0.00010318
1999,36,Other,0.00000368,0.00124680
1999,37,JPN,0.00002315,0.00159949
1999,37,DEU,0.00001913,0.00213632
1999,37,GBR,0.00001405,0.00163396
1999,37,USA,0.00001216,0.00065182
1999,37,BEL,0.00000966,0.00166823
1999,37,Other,0.00001048,0.00144120
1999,38,GBR,0.00008744,0.02166641
1999,38,DEU,0.00008265,0.03177824
1999,38,USA,0.00008240,0.02620741
1999,38,FRA,0.00004825,0.01771358
1999,38,NLD,0.00003113,0.01745743
1999,38,Other,0.00012998,0.06354747
1999,39,DEU,0.00014261,0.05394390
1999,39,USA,0.00009690,0.03557421
1999,39,GBR,0.00008090,0.03078352
1999,39,BEL,0.00004798,0.03015641
1999,39,S19,0.00004589,0.02826734
1999,39,Other,0.00035392,0.23733993
1999,40,JPN,0.00006913,0.02440763
1999,40,DEU,0.00003766,0.00764188
1999,40,USA,0.00002603,0.00635497
1999,40,GBR,0.00002231,0.00452498
1999,40,FRA,0.00002127,0.00877822
1999,40,Other,0.00017561,0.11786088
1999,41,AUS,0.00002459,0.01189595
1999,41,IND,0.00001865,0.00170057
1999,41,ITA,0.00001514,0.00092231
1999,41,BRA,0.00000793,0.00086743
1999,41,IRL,0.00000497,0.00105492
1999,41,Other,0.00002867,0.00633444
1999,42,CHN,0.00002356,0.01053925
1999,42,HKG,0.00001160,0.00577012
1999,42,IND,0.00000273,0.00023834
1999,42,S19,0.00000238,0.00034301
1999,42,GBR,0.00000177,0.00009636
1999,42,Other,0.00001234,0.00184781
1999,43,IRL,0.00000014,0.00004134
1999,43,DEU,0.00000008,0.00000025
1999,43,USA,0.00000006,0.00000061
1999,43,CHN,0.00000005,0.00000414
1999,43,HKG,0.00000003,0.00000013
1999,43,Other,0.00000011,0.00000698
1999,44,USA,0.00002483,0.02094019
1999,44,MYS,0.00001934,0.12436019
1999,44,FRA,0.00001270,0.00248474
1999,44,ZWE,0.00001083,0.09174116
1999,44,BRA,0.00000732,0.00734033
1999,44,Other,0.00005804,0.69782307
1999,45,PRT,0.00001532,0.00083128
1999,45,PER,0.00000502,0.00011132
1999,45,ESP,0.00000133,0.00009804
1999,45,FRA,0.00000109,0.00005351
1999,45,DEU,0.00000090,0.00002877
1999,45,Other,0.00000111,0.00018257
1999,46,CHN,0.00000092,0.00045912
1999,46,S19,0.00000085,0.00017833
1999,46,SGP,0.00000029,0.00013396
1999,46,HKG,0.00000024,0.00012721
1999,46,IDN,0.00000023,0.00009125
1999,46,Other,0.00000060,0.00024709
1999,47,CAN,0.00001155,0.02642921
1999,47,USA,0.00000647,0.01252299
1999,47,ARG,0.00000446,0.01270035
1999,47,CHL,0.00000352,0.00799597
1999,47,AUT,0.00000279,0.00446811
1999,47,Other,0.00000427,0.00843290
1999,48,DEU,0.00008373,0.04524248
1999,48,USA,0.00006244,0.05220710
1999,48,FIN,0.00005163,0.06318413
1999,48,GBR,0.00004912,0.03020077
1999,48,FRA,0.00001842,0.01060260
1999,48,Other,0.00014722,0.14414819
1999,49,GBR,0.00006197,0.00737857
1999,49,USA,0.00003777,0.00426019
1999,49,DEU,0.00000724,0.00074560
1999,49,ZMB,0.00000533,0.00000922
1999,49,AUS,0.00000418,0.00062708
1999,49,Other,0.00002767,0.00453517
1999,50,DEU,0.00000965,0.00136695
1999,50,CHN,0.00000350,0.00053976
1999,50,DNK,0.00000259,0.00030865
1999,50,USA,0.00000239,0.00042928
1999,50,AUS,0.00000205,0.00049041
1999,50,Other,0.00001236,0.00240327
1999,51,USA,0.00001124,0.00093569
1999,51,GBR,0.00000777,0.00254479
1999,51,ITA,0.00000313,0.00012052
1999,51,AUS,0.00000239,0.00137131
1999,51,NZL,0.00000171,0.00068349
1999,51,Other,0.00000537,0.00124972
1999,52,ZMB,0.00002478,0.01784622
1999,52,ZWE,0.00002312,0.01517890
1999,52,IND,0.00001262,0.00256372
1999,52,CHN,0.00001181,0.00184762
1999,52,HKG,0.00000634,0.00100628
1999,52,Other,0.00005221,0.01607630
1999,53,CHN,0.00000163,0.00032142
1999,53,IND,0.00000139,0.00184541
1999,53,BGD,0.00000128,0.00138894
1999,53,HKG,0.00000102,0.00022111
1999,53,CIV,0.00000081,0.00071223
1999,53,Other,0.00000485,0.00532603
1999,54,KOR,0.00007439,0.01463684
1999,54,IDN,0.00002990,0.00625929
1999,54,S19,0.00002861,0.00810344
1999,54,DEU,0.00001184,0.00177809
1999,54,NLD,0.00000989,0.00123599
1999,54,Other,0.00005322,0.01277998
1999,55,S19,0.00002962,0.00720711
1999,55,JPN,0.00001144,0.00666135
1999,55,DEU,0.00001138,0.00640942
1999,55,CHN,0.00000949,0.00279634
1999,55,GBR,0.00000824,0.00518981
1999,55,Other,0.00006923,0.02680110
1999,56,DEU,0.00000936,0.00189008
1999,56,GBR,0.00000390,0.00056057
1999,56,ITA,0.00000381,0.00137044
1999,56,CHN,0.00000281,0.00152632
1999,56,S19,0.00000252,0.00076917
1999,56,Other,0.00001812,0.00563144
1999,57,BEL,0.00000487,0.01430398
1999,57,IND,0.00000342,0.00310903
1999,57,USA,0.00000252,0.00043156
1999,57,GBR,0.00000137,0.00028072
1999,57,DEU,0.00000106,0.00048018
1999,57,Other,0.00000573,0.00268941
1999,58,CHN,0.00000660,0.00216029
1999,58,TUR,0.00000542,0.00167649
1999,58,S19,0.00000439,0.00040916
1999,58,HKG,0.00000235,0.00041213
1999,58,KOR,0.00000179,0.00009884
1999,58,Other,0.00001152,0.00099128
1999,59,USA,0.00001088,0.00093345
1999,59,DEU,0.00001052,0.00045643
1999,59,S19,0.00000712,0.00214871
1999,59,GBR,0.00000587,0.00049000
1999,59,KOR,0.00000506,0.00114684
1999,59,Other,0.00003273,0.00423402
1999,60,S19,0.00004283,0.00632308
1999,60,CHN,0.00001058,0.00209556
1999,60,KOR,0.00000495,0.00042172
1999,60,NLD,0.00000394,0.00411399
1999,60,ITA,0.00000343,0.00017349
1999,60,Other,0.00002303,0.00423626
1999,61,CHN,0.00003263,0.00603512
1999,61,MWI,0.00001678,0.00381157
1999,61,HKG,0.00000961,0.00134321
1999,61,ITA,0.00000572,0.00027425
1999,61,IND,0.00000466,0.00062529
1999,61,Other,0.00002035,0.00322008
1999,62,CHN,0.00002732,0.00641694
1999,62,MWI,0.00002627,0.00379358
1999,62,IND,0.00001960,0.00330800
1999,62,HKG,0.00001296,0.00187381
1999,62,IDN,0.00000616,0.00111065
1999,62,Other,0.00003757,0.00428478
1999,63,MWI,0.00001428,0.00156148
1999,63,CHN,0.00001349,0.00296303
1999,63,IND,0.00000735,0.00213604
1999,63,USA,0.00000418,0.00525634
1999,63,HKG,0.00000340,0.00086540
1999,63,Other,0.00002539,0.01576010
1999,64,CHN,0.00005715,0.00195075
1999,64,IDN,0.00002876,0.00104346
1999,64,THA,0.00001461,0.00000060
1999,64,ITA,0.00001228,0.00119253
1999,64,HKG,0.00001225,0.00023869
1999,64,Other,0.00005602,0.00313210
1999,65,CHN,0.00000652,0.00160169
1999,65,HKG,0.00000283,0.00013553
1999,65,ITA,0.00000063,0.00012528
1999,65,S19,0.00000063,0.00005902
1999,65,USA,0.00000055,0.00002181
1999,65,Other,0.00000269,0.00018300
1999,66,CHN,0.00000188,0.00233472
1999,66,HKG,0.00000162,0.00097516
1999,66,ITA,0.00000025,0.00011037
1999,66,GBR,0.00000021,0.00007306
1999,66,SGP,0.00000021,0.00009285
1999,66,Other,0.00000020,0.00003306
1999,67,HKG,0.00000266,0.00026276
1999,67,CHN,0.00000208,0.00039445
1999,67,KOR,0.00000118,0.00050053
1999,67,IDN,0.00000017,0.00004381
1999,67,ITA,0.00000012,0.00000373
1999,67,Other,0.00000053,0.00006804
1999,68,DEU,0.00001311,0.00787828
1999,68,USA,0.00001004,0.00197798
1999,68,ITA,0.00000811,0.01163748
1999,68,GBR,0.00000658,0.00345434
1999,68,ZWE,0.00000303,0.01269341
1999,68,Other,0.00002780,0.03242309
1999,69,DEU,0.00005972,0.04562600
1999,69,JPN,0.00002641,0.00598523
1999,69,ITA,0.00002056,0.11502375
1999,69,CHN,0.00001739,0.04089627
1999,69,USA,0.00001494,0.00256363
1999,69,Other,0.00008696,0.17165432
1999,70,DEU,0.00001897,0.00434107
1999,70,FRA,0.00001221,0.00691699
1999,70,GBR,0.00001161,0.00242493
1999,70,IDN,0.00000951,0.03328283
1999,70,USA,0.00000666,0.00225401
1999,70,Other,0.00006047,0.08913965
1999,71,GBR,0.00028035,0.00503796
1999,71,MLI,0.00015686,0.00001639
1999,71,ARG,0.00008420,0.00199953
1999,71,USA,0.00008236,0.00340263
1999,71,CHE,0.00007747,0.00006442
1999,71,Other,0.00022107,0.06407061
1999,72,DEU,0.00002801,0.03831638
1999,72,GBR,0.00002575,0.02265250
1999,72,JPN,0.00002440,0.03838023
1999,72,FRA,0.00002279,0.02827391
1999,72,IND,0.00001975,0.04236428
1999,72,Other,0.00015796,0.33818338
1999,73,DEU,0.00004358,0.01378788
1999,73,USA,0.00003659,0.00638157
1999,73,GBR,0.00003179,0.00908673
1999,73,JPN,0.00002105,0.01450881
1999,73,ITA,0.00002052,0.00849921
1999,73,Other,0.00018020,0.13362565
1999,74,ZMB,0.00001381,0.01039442
1999,74,DEU,0.00000784,0.00117342
1999,74,GBR,0.00000399,0.00042612
1999,74,S19,0.00000346,0.00042052
1999,74,USA,0.00000287,0.00029981
1999,74,Other,0.00001871,0.00744230
1999,75,CHE,0.00001209,0.00234002
1999,75,RUS,0.00000756,0.00201762
1999,75,ZWE,0.00000644,0.00124511
1999,75,AUS,0.00000505,0.00082594
1999,75,CHN,0.00000489,0.00156917
1999,75,Other,0.00001454,0.00375293
1999,76,AUS,0.00003100,0.01617890
1999,76,DEU,0.00001528,0.00421655
1999,76,JPN,0.00001003,0.00625778
1999,76,GBR,0.00000826,0.03352773
1999,76,ITA,0.00000707,0.00247586
1999,76,Other,0.00004651,0.01960559
1999,78,AUS,0.00000533,0.01010959
1999,78,CHN,0.00000071,0.00137393
1999,78,USA,0.00000033,0.00051345
1999,78,GBR,0.00000013,0.00255459
1999,78,ZMB,0.00000012,0.00055568
1999,78,Other,0.00000031,0.00059026
1999,79,CHE,0.00000399,0.01174884
1999,79,MEX,0.00000315,0.00496265
1999,79,S19,0.00000078,0.00012427
1999,79,COD,0.00000072,0.00076269
1999,79,BEL,0.00000036,0.00029672
1999,79,Other,0.00000183,0.00188935
1999,80,MYS,0.00000829,0.00212888
1999,80,IDN,0.00000421,0.00180301
1999,80,TUR,0.00000325,0.00081404
1999,80,USA,0.00000299,0.00078147
1999,80,LKA,0.00000192,0.00230692
1999,80,Other,0.00001563,0.01635610
1999,81,GBR,0.00000485,0.00025315
1999,81,DEU,0.00000396,0.00012039
1999,81,ZMB,0.00000353,0.00014336
1999,81,FRA,0.00000331,0.00012579
1999,81,CHN,0.00000303,0.00191079
1999,81,Other,0.00001697,0.00569552
1999,82,USA,0.00002792,0.00097299
1999,82,DEU,0.00002469,0.00139267
1999,82,GBR,0.00001563,0.00100578
1999,82,S19,0.00001506,0.00202981
1999,82,CHN,0.00001248,0.00447486
1999,82,Other,0.00008829,0.00739738
1999,83,DEU,0.00002742,0.00299624
1999,83,CHN,0.00001101,0.00466158
1999,83,ITA,0.00000956,0.00150593
1999,83,S19,0.00000952,0.00168368
1999,83,GBR,0.00000753,0.00117884
1999,83,Other,0.00003782,0.01130404
1999,84,DEU,0.00077597,0.05660974
1999,84,USA,0.00073658,0.12504745
1999,84,GBR,0.00051364,0.05386498
1999,84,JPN,0.00035919,0.05173611
1999,84,ITA,0.00025638,0.11077526
1999,84,Other,0.00194990,1.05388869
1999,85,DEU,0.00049571,0.01749702
1999,85,USA,0.00038352,0.01435958
1999,85,GBR,0.00033211,0.01345262
1999,85,FRA,0.00021507,0.01973028
1999,85,JPN,0.00018932,0.00900906
1999,85,Other,0.00164641,0.17470646
1999,86,USA,0.00000946,0.00280428
1999,86,GBR,0.00000317,0.00475162
1999,86,DEU,0.00000205,0.00123619
1999,86,CHN,0.00000054,0.00054442
1999,86,BEL,0.00000044,0.00007579
1999,86,Other,0.00000321,0.00214110
1999,87,DEU,0.00060722,0.07363503
1999,87,JPN,0.00020839,0.04268336
1999,87,USA,0.00014145,0.01341721
1999,87,GBR,0.00011184,0.01515699
1999,87,ITA,0.00008235,0.01232714
1999,87,Other,0.00040933,0.18648519
1999,88,USA,0.00053689,0.00068651
1999,88,GBR,0.00003409,0.00025987
1999,88,CAN,0.00002549,0.00002231
1999,88,CHE,0.00001984,0.00002656
1999,88,FRA,0.00001793,0.00005278
1999,88,Other,0.00006570,0.00049605
1999,89,ESP,0.00002364,0.00196418
1999,89,NLD,0.00002336,0.00024649
1999,89,IDN,0.00000573,0.00277400
1999,89,NOR,0.00000489,0.00012053
1999,89,CAN,0.00000336,0.00096746
1999,89,Other,0.00001491,0.02286284
1999,90,USA,0.00023198,0.02671179
1999,90,DEU,0.00013615,0.00428691
1999,90,JPN,0.00012590,0.00366906
1999,90,GBR,0.00009647,0.00416570
1999,90,FRA,0.00004227,0.00085278
1999,90,Other,0.00038690,0.09545829
1999,91,HKG,0.00001803,0.00000651
1999,91,CHE,0.00001078,0.00000862
1999,91,CHN,0.00000543,0.00019513
1999,91,USA,0.00000312,0.00002498
1999,91,DEU,0.00000262,0.00019194
1999,91,Other,0.00001348,0.00362523
1999,92,JPN,0.00000140,0.00004206
1999,92,USA,0.00000127,0.00004100
1999,92,CHN,0.00000109,0.00022050
1999,92,S19,0.00000100,0.00012941
1999,92,KOR,0.00000069,0.00005136
1999,92,Other,0.00000274,0.00061044
1999,93,USA,0.00000264,0.00007738
1999,93,ISR,0.00000241,0.00000333
1999,93,BEL,0.00000152,0.00021549
1999,93,SGP,0.00000136,0.00014351
1999,93,BRA,0.00000133,0.00004779
1999,93,Other,0.00000648,0.00033245
1999,94,DEU,0.00002115,0.00292187
1999,94,CHN,0.00001878,0.01228579
1999,94,ITA,0.00001687,0.00406594
1999,94,BEL,0.00001588,0.00296200
1999,94,S19,0.00000886,0.00498620
1999,94,Other,0.00006371,0.03093297
1999,95,CHN,0.00004255,0.01387690
1999,95,USA,0.00003213,0.00711402
1999,95,S19,0.00001812,0.00481438
1999,95,GBR,0.00001744,0.00502457
1999,95,HKG,0.00001649,0.00475374
1999,95,Other,0.00004964,0.00695369
1999,96,CHN,0.00000904,0.00331382
1999,96,DEU,0.00000878,0.00055937
1999,96,S19,0.00000837,0.00104234
1999,96,JPN,0.00000737,0.00038875
1999,96,GBR,0.00000699,0.00333673
1999,96,Other,0.00003796,0.00536298
1999,97,GBR,0.00000473,0.00000000
1999,97,FRA,0.00000216,0.00000000
1999,97,ZWE,0.00000059,0.00000000
1999,97,AUS,0.00000045,0.00000000
1999,97,DEU,0.00000044,0.00000000
1999,97,Other,0.00000285,0.00000000
